axis	rank	gene	weight
IFNa	1	OTOF	2.41500219775917
IFNa	2	LINGO2	2.31383083494573
IFNa	3	NEURL3	1.84154614576203
IFNa	4	CLMP	1.61837720258212
IFNa	5	RN7SKP255	1.57512346789229
IFNa	6	PRKG1	1.53451570737495
IFNa	7	IGLC3	1.52613251847836
IFNa	8	CEMIP	1.50435028730072
IFNa	9	ENSG00000226025	1.48567674237522
IFNa	10	IFI27	1.48047562116426
IFNa	11	ERICH3	1.456064902787
IFNa	12	STAG3L5P-PVRIG2P-PILRB	1.4276465142027
IFNa	13	ENSG00000289084	1.4273610647452
IFNa	14	IFIT1	1.4108970540572
IFNa	15	BRIP1	1.39463548179866
IFNa	16	BAALC	1.38451637765319
IFNa	17	FABP5	1.35098217812081
IFNa	18	ENSG00000229642	1.34244890107482
IFNa	19	SEPTIN7P14	1.327266007707
IFNa	20	PAN3-AS1	1.31660153744645
IFNa	21	ABTB2	1.3111918237111
IFNa	22	IFI44L	1.30030649153302
IFNa	23	LAMA3	1.2996151295466
IFNa	24	LINC02574	1.29797625407556
IFNa	25	IFIT3	1.28810154922311
IFNa	26	SSTR3	1.25073552249962
IFNa	27	ARNT2	1.24389943079903
IFNa	28	IDO2	1.23068862888425
IFNa	29	SLC22A23	1.22244241266385
IFNa	30	PRLR	1.21163952710888
IFNa	31	RSAD2	1.19381646390973
IFNa	32	ACOD1	1.19037260401136
IFNa	33	CXCL11	1.17909147485954
IFNa	34	POLR2J3-1	1.17159673026841
IFNa	35	NR4A3	1.16330428086467
IFNa	36	CDKN1C	1.16064833651709
IFNa	37	MEFV	1.15460327377804
IFNa	38	ELOVL7	1.14839372633608
IFNa	39	OAS3	1.14278148473511
IFNa	40	CTSL	1.12479157848592
IFNa	41	IFI6	1.12081712281511
IFNa	42	MX1	1.1196639958392
IFNa	43	IFIT2	1.11526703621257
IFNa	44	CXCL12	1.1020121051959
IFNa	45	HESX1	1.09290728929753
IFNa	46	MSR1	1.07348639271447
IFNa	47	NRIR	1.07314499594734
IFNa	48	LINC01671	1.06706383749276
IFNa	49	IFI44	1.06422200236763
IFNa	50	ENSG00000291236	1.06200231682447
IFNa	51	CMPK2	1.05848827574943
IFNa	52	OAS1	1.05287316036923
IFNa	53	USP18	1.05134598121284
IFNa	54	LAMP3	1.04452211799795
IFNa	55	CXCR2P1	1.03617615400237
IFNa	56	ENSG00000291144	1.03251751247771
IFNa	57	ISG15	1.03061972147068
IFNa	58	HELZ2	1.0276262242258
IFNa	59	ZBP1	1.02757801549526
IFNa	60	GMPR	1.02481924873086
IFNa	61	MYCN	1.02201413819428
IFNa	62	ENSG00000243089	1.01333275120219
IFNa	63	SLC24A4	1.00961142587035
IFNa	64	HERC5	1.0017726484838
IFNa	65	SCIN	1.00115076895356
IFNa	66	RSC1A1	0.999098035698187
IFNa	67	EDN1	0.995300481177822
IFNa	68	HERC6	0.991245344011064
IFNa	69	RXFP1	0.988848571561322
IFNa	70	SSTR2	0.988445681409811
IFNa	71	SMPD3	0.987451059768088
IFNa	72	IDO1	0.984208113551482
IFNa	73	ENSG00000280007	0.984096183789993
IFNa	74	ENSG00000289728	0.983561628190504
IFNa	75	AXL	0.980649877632465
IFNa	76	AEN	0.980285451293537
IFNa	77	ENSG00000236990	0.974075491659448
IFNa	78	RTP4	0.965545299313986
IFNa	79	NCAM2	0.965485187232062
IFNa	80	TMEM178B	0.961400298024848
IFNa	81	SPATS2L	0.961186707602956
IFNa	82	CCL8	0.959989953886604
IFNa	83	IL27	0.95878316471567
IFNa	84	AGRN	0.956777663743849
IFNa	85	LINC02068	0.954331735456433
IFNa	86	RUFY4	0.946078178920098
IFNa	87	ENSG00000283648	0.943013455100763
IFNa	88	SIGLEC1	0.936899873352426
IFNa	89	ABHD17C	0.936100634327858
IFNa	90	DTX3L	0.932032771199785
IFNa	91	XCR1	0.9317734180192
IFNa	92	ATP6V0D2	0.92327969656757
IFNa	93	TNFRSF11A	0.922299209206236
IFNa	94	KEL	0.92048221120647
IFNa	95	PLSCR1	0.917891808545549
IFNa	96	ENSG00000215765	0.915023012878202
IFNa	97	UNC5C	0.913954822120814
IFNa	98	ANKRD22	0.913025652461672
IFNa	99	KIF19	0.910325219539067
IFNa	100	BCL2L14	0.9091123305898
IFNa	101	ETV7	0.907910045518231
IFNa	102	APOBEC3A	0.905185401491769
IFNa	103	IFITM3	0.904974296951157
IFNa	104	CDKN1A	0.90481589479826
IFNa	105	OAS2	0.904208357128255
IFNa	106	OASL	0.900841965774343
IFNa	107	CXCL13	0.89987548696804
IFNa	108	ST3GAL5-AS1	0.888610043583281
IFNa	109	DHX58	0.88815895945345
IFNa	110	SMG1P1	0.885063695236851
IFNa	111	TGM1	0.88117680908704
IFNa	112	LGMN	0.879344669851912
IFNa	113	CD38	0.873980323551355
IFNa	114	KLHDC7B	0.873163721651144
IFNa	115	CERS6-AS1	0.872130376668063
IFNa	116	TYMP	0.868625076011234
IFNa	117	RUNX2	0.865591541272583
IFNa	118	ENSG00000227531	0.865350262938247
IFNa	119	IFITM1	0.864647291461676
IFNa	120	IPO4	0.864217084519456
IFNa	121	HSH2D	0.86266444316125
IFNa	122	NUDT14	0.862155373793464
IFNa	123	LINC01181	0.858935343097079
IFNa	124	KCNE1	0.853744309449873
IFNa	125	EIF2AK2	0.852537393946404
IFNa	126	ARMC9	0.85027791440826
IFNa	127	IGLC2	0.848778175431706
IFNa	128	AMER1	0.847973591203806
IFNa	129	ENSG00000285040	0.847703659048927
IFNa	130	CSTF2T	0.844394926485767
IFNa	131	ENSG00000289035	0.844308299852775
IFNa	132	PGAP1	0.842117779322793
IFNa	133	ENSG00000233785	0.842022069463175
IFNa	134	PARP9	0.841747316039478
IFNa	135	SAMD9L	0.841050958969175
IFNa	136	PRTG	0.840596790566948
IFNa	137	CCRL2	0.838978996301746
IFNa	138	NUPR1	0.837958240751626
IFNa	139	ENSG00000253939	0.836801103070047
IFNa	140	MYO7B	0.835343589266875
IFNa	141	GLP1R	0.833952770480603
IFNa	142	PARP12	0.833920355989449
IFNa	143	CFB	0.832221648994461
IFNa	144	ENSG00000273824	0.830881661255215
IFNa	145	LY6E-DT	0.830871439768782
IFNa	146	ISG20	0.829194242239574
IFNa	147	ODF3B	0.829093592489279
IFNa	148	IRF7	0.827528170408944
IFNa	149	CXCL9	0.826214922356866
IFNa	150	STAT1	0.825196218493682
IFNa	151	LGALS9	0.823715031643364
IFNa	152	EPSTI1	0.823232907637632
IFNa	153	DDX60L	0.822573086218732
IFNa	154	C6orf47	0.817002509371356
IFNa	155	ENSG00000290683	0.811691317888051
IFNa	156	CHST3	0.810924418706865
IFNa	157	GEMIN4	0.809871777805683
IFNa	158	MIR155HG	0.809532203424407
IFNa	159	MX2	0.807465418076443
IFNa	160	TMEM102	0.805690253938425
IFNa	161	SUGCT-AS1	0.804658200317135
IFNa	162	SDC3	0.804461665598598
IFNa	163	ADAM19	0.801720332382357
IFNa	164	TCN2	0.80033503031289
IFNa	165	IL1RN	0.798764156893292
IFNa	166	ENSG00000287188	0.798008682899407
IFNa	167	FZD1	0.793349678115649
IFNa	168	TMEM255A	0.792749974713414
IFNa	169	LGALS3BP	0.790815929042646
IFNa	170	IFITM2	0.789211204697897
IFNa	171	LGALS17A	0.788506971883495
IFNa	172	ENTPD7	0.786380666328076
IFNa	173	ENSG00000232884	0.785857914059039
IFNa	174	DLGAP1	0.785365461066951
IFNa	175	TMTC1	0.782455818120885
IFNa	176	ENSG00000253557	0.778289496145113
IFNa	177	MT-ND6	0.778263284537034
IFNa	178	IFIT5	0.774697204529192
IFNa	179	PDGFRL	0.774399826650345
IFNa	180	DDIT4	0.770265514689582
IFNa	181	TNFAIP6	0.769833448766709
IFNa	182	STOML1	0.769549843255656
IFNa	183	LY6E	0.769413502462184
IFNa	184	FPR3	0.768777673109329
IFNa	185	SAMD9	0.768489510024182
IFNa	186	LAG3	0.766040928132113
IFNa	187	HSPA6	0.764213080024982
IFNa	188	USF1	0.763839986262404
IFNa	189	SAMD4A	0.763719705609483
IFNa	190	TGM2	0.76329551028773
IFNa	191	CYP2J2	0.762595463211046
IFNa	192	MIR3945HG	0.760152086019208
IFNa	193	IL31RA	0.757602040102061
IFNa	194	DDX60	0.755435498010467
IFNa	195	CALHM6	0.755214628365119
IFNa	196	WDR64	0.75468167563464
IFNa	197	MMP19	0.754679001984625
IFNa	198	SLAMF1	0.751456296299938
IFNa	199	CXCL10	0.751303300287707
IFNa	200	GBP1P1	0.750418566926679
IFNa	201	FAR2	0.75024655482817
IFNa	202	GUCY1B1	0.746423326609042
IFNa	203	EXOC3L4	0.745867087809815
IFNa	204	XAF1	0.745374249467177
IFNa	205	SEMA6B	0.744952900156454
IFNa	206	SERPINB9P1	0.744827984342168
IFNa	207	RIGI	0.740767552389285
IFNa	208	LINC02964	0.739010004608722
IFNa	209	ITGA9	0.7377383876251
IFNa	210	ENSG00000289424	0.736474866427447
IFNa	211	SERPING1	0.733711860465885
IFNa	212	IFITM10	0.731798662402105
IFNa	213	NR1H3	0.729269447320313
IFNa	214	IFIH1	0.727737518602975
IFNa	215	MACROD2	0.726070287561169
IFNa	216	TRIM21	0.72547761356744
IFNa	217	ZNF697	0.724595702364382
IFNa	218	CR1L	0.721528042658409
IFNa	219	FGL2	0.721502699915798
IFNa	220	ENPP2	0.720769906622579
IFNa	221	BST2	0.718477303825247
IFNa	222	DUSP5	0.717690854469135
IFNa	223	RASGRP3	0.717501823888071
IFNa	224	ZBTB22	0.717176913201186
IFNa	225	CSRP1-AS1	0.716432256633551
IFNa	226	SLC46A1	0.715493679999998
IFNa	227	BOP1	0.714634463672003
IFNa	228	SNN	0.714117542529767
IFNa	229	PHLDB1	0.712154534017054
IFNa	230	IL12RB2	0.711138728061043
IFNa	231	VANGL2	0.710396259176309
IFNa	232	EDARADD	0.706856965037384
IFNa	233	PAQR8	0.706341829944494
IFNa	234	KLF5	0.704895413410398
IFNa	235	NAPA	0.702838339026178
IFNa	236	GRIN3A	0.702823558166692
IFNa	237	TUFT1	0.702377723194156
IFNa	238	CD80	0.701810243854999
IFNa	239	TRIM22	0.700307142423122
IFNa	240	NPFFR1	0.699560058848793
IFNa	241	GBP5	0.698884901932292
IFNa	242	UBA7	0.697562542611445
IFNa	243	STAT2	0.695754317530337
IFNa	244	CISH	0.693081436101119
IFNa	245	NFKBIE	0.692383961912274
IFNa	246	TCF7L1	0.692262491003165
IFNa	247	SEPTIN7P13	0.689608827098605
IFNa	248	PARP10	0.68795926810233
IFNa	249	MRPL20-AS1	0.685899799287999
IFNa	250	LINC02086	0.681304601274617
IFNa	251	CD69	0.680617784291633
IFNa	252	ENSG00000230105	0.680493103012678
IFNa	253	SLC4A2	0.67896704441627
IFNa	254	STIMATE-MUSTN1	0.677829570769843
IFNa	255	IGFBP4	0.677197710361681
IFNa	256	ZXDA	0.677194720098528
IFNa	257	PNPT1	0.676601334823996
IFNa	258	TNFSF10	0.676591531718264
IFNa	259	LAP3	0.67639513054219
IFNa	260	PALM2AKAP2	0.67298370284401
IFNa	261	KITLG	0.671655232632264
IFNa	262	ENSG00000285492	0.671317639974238
IFNa	263	HSPA7	0.66773695755767
IFNa	264	SDS	0.666359393457634
IFNa	265	GBP1	0.665736301020393
IFNa	266	GPR161	0.665397442312839
IFNa	267	BATF2	0.665311398255088
IFNa	268	CHST2	0.66524731817909
IFNa	269	PCBP1	0.664517915770951
IFNa	270	ENSG00000269460	0.66444875540504
IFNa	271	MVP-DT	0.663232926888761
IFNa	272	GOLM1	0.662146283574998
IFNa	273	MIR100HG	0.661665836538157
IFNa	274	PAPLN	0.659969061548376
IFNa	275	ART3	0.65977535354361
IFNa	276	SMOC1	0.659755799095877
IFNa	277	HSPA1B	0.659089680958174
IFNa	278	CYP2S1	0.657480919562897
IFNa	279	ENSG00000288700	0.657338464543626
IFNa	280	ABCA1	0.657117960909383
IFNa	281	LINC02528	0.656780838555066
IFNa	282	PARP14	0.656107866568218
IFNa	283	ZMIZ1-AS1	0.652630140486268
IFNa	284	CHST7	0.651018864183143
IFNa	285	ATP13A2	0.650850635597065
IFNa	286	SLC38A5	0.649852640031679
IFNa	287	ENSG00000224789	0.649263797699463
IFNa	288	TIMM10B	0.648309875288791
IFNa	289	ENSG00000228863	0.648050266306951
IFNa	290	CCR7	0.647527664832932
IFNa	291	IFI35	0.64715743629766
IFNa	292	MELTF	0.645792579888974
IFNa	293	TRIM25	0.644558961571388
IFNa	294	ATF3	0.644003700337343
IFNa	295	EOLA1	0.642967541606079
IFNa	296	NUDT18	0.642919245464606
IFNa	297	CCR1	0.64244784225952
IFNa	298	MT2A	0.640661878341423
IFNa	299	NXPH3	0.637946616901153
IFNa	300	PLEKHG3	0.637280437629445
IFNa	301	RNF213	0.636781107735225
IFNa	302	IKBKG	0.636758659946064
IFNa	303	ENSG00000257452	0.636238583540402
IFNa	304	CDK18	0.634725836728899
IFNa	305	WASH9P	0.634101681875038
IFNa	306	LINC01358	0.633076260498331
IFNa	307	RHOB	0.631626639919527
IFNa	308	ZNF702P	0.631265831463711
IFNa	309	TRIM34	0.631144498989243
IFNa	310	GUCY1A1	0.630423994668333
IFNa	311	KCNMB4	0.629685594033952
IFNa	312	CSRNP1	0.629123949875433
IFNa	313	UNC93B1	0.628819194737948
IFNa	314	ENSG00000287299	0.62597508496489
IFNa	315	PDGFRB	0.625927179555432
IFNa	316	SMCO2	0.62259921591297
IFNa	317	RBM14	0.622286106140047
IFNa	318	DUSP5-DT	0.621923256208943
IFNa	319	PDC-AS1	0.619961701205147
IFNa	320	AIM2	0.619697664796852
IFNa	321	TAOK2	0.619610280504141
IFNa	322	IL10	0.618677962901625
IFNa	323	RN7SKP203	0.61500950075194
IFNa	324	MIR142HG	0.614607075929707
IFNa	325	HDX	0.611524156160092
IFNa	326	MVB12B	0.611249255449954
IFNa	327	ENSG00000267312	0.611141545228148
IFNa	328	KLF4	0.611136681552356
IFNa	329	FUT4	0.60999882574736
IFNa	330	MDGA1	0.608662981761119
IFNa	331	ENSG00000243696	0.60754591425644
IFNa	332	KIAA1217	0.607302986587684
IFNa	333	SLC26A5	0.606276611429692
IFNa	334	FMNL2	0.605454122221788
IFNa	335	OR51B5	0.604687582876597
IFNa	336	NECTIN3	0.604367482530185
IFNa	337	ANKRD33B	0.603888556959124
IFNa	338	FMN1	0.603065920355754
IFNa	339	C3orf18	0.602746410676061
IFNa	340	RAB11B	0.600601041097222
IFNa	341	VIPR2	0.600208064005916
IFNa	342	JDP2	0.598231837290691
IFNa	343	FASLG	0.598117093856761
IFNa	344	TRIP6	0.596997098790721
IFNa	345	MITF	0.596741112790405
IFNa	346	ENSG00000215861	0.595745653897664
IFNa	347	CD274	0.595621945365467
IFNa	348	ENSG00000278419	0.594756464884848
IFNa	349	NEXN	0.594705933186816
IFNa	350	ENSG00000255330	0.591583487415193
IFNa	351	FAM153CP	0.591368128082841
IFNa	352	HPSE	0.591366490636483
IFNa	353	GDPD5	0.588896613662607
IFNa	354	TNFRSF14	0.588321660608208
IFNa	355	SLC15A3	0.58753061117574
IFNa	356	CUL1	0.586534311233859
IFNa	357	TRANK1	0.586359940788378
IFNa	358	USP35	0.585748481988263
IFNa	359	INTS5	0.585219519706123
IFNa	360	URAD	0.584153642171301
IFNa	361	AIFM2	0.584054055422357
IFNa	362	LAMP5	0.583835058054631
IFNa	363	AKT1S1	0.583572895027333
IFNa	364	PFKM	0.582680339597034
IFNa	365	ENSG00000290574	0.582229080319568
IFNa	366	PML	0.581714724719832
IFNa	367	ETV7-AS1	0.579345540574549
IFNa	368	PKN2-AS1	0.578885479471287
IFNa	369	RGS1	0.578706879291133
IFNa	370	NOP9	0.578522022342988
IFNa	371	ENSG00000256568	0.577258878215913
IFNa	372	BPGM	0.576743741393487
IFNa	373	APOL6	0.575950572449876
IFNa	374	ENSG00000132832	0.575944767573445
IFNa	375	FIRRE	0.575170802755149
IFNa	376	TMEM268	0.574383437209189
IFNa	377	APOL2	0.573564237920035
IFNa	378	CCR5	0.573531007485365
IFNa	379	PGRMC1	0.57348875241474
IFNa	380	LILRB4	0.572969011899149
IFNa	381	HSPB8	0.572848421472401
IFNa	382	ATAD3A	0.572727861670729
IFNa	383	SEMA4A	0.572383908837217
IFNa	384	UBE2L6	0.571844856789825
IFNa	385	SLFN12L	0.571831814839763
IFNa	386	KLRD1	0.571003934334176
IFNa	387	APOBR	0.570942691043668
IFNa	388	DDB2	0.570754880265123
IFNa	389	SELPLG	0.568849959974179
IFNa	390	BBC3	0.568741405081685
IFNa	391	LINC01232	0.568255619558157
IFNa	392	ZCCHC2	0.567990896448536
IFNa	393	DLL1	0.564756503304824
IFNa	394	MS4A4A	0.564537720970446
IFNa	395	PPP1R15A	0.56421893714081
IFNa	396	MOV10	0.56403723748288
IFNa	397	ANKRD29	0.563665138375528
IFNa	398	SOGA3	0.563337124093595
IFNa	399	GSN	0.563033399310853
IFNa	400	PIWIL4	0.562770399356202
IFNa	401	GLI4	0.561007651500824
IFNa	402	SP140	0.560808409678325
IFNa	403	MAMLD1	0.559736607356028
IFNa	404	GBP1P1-1	0.559683587326021
IFNa	405	MAFF	0.559624096300298
IFNa	406	TUBG2	0.558607679970064
IFNa	407	EHHADH	0.558469505653177
IFNa	408	SLC31A2	0.55818722041374
IFNa	409	ADORA2A	0.557415313491779
IFNa	410	CYSLTR2	0.556111715474358
IFNa	411	ZFAND2A	0.556022217832826
IFNa	412	PRUNE2	0.555776371699302
IFNa	413	TRAFD1	0.555469966139929
IFNa	414	ELAVL4	0.554907794209182
IFNa	415	CMTR1	0.554744234404676
IFNa	416	SOCS1	0.554034884865793
IFNa	417	MGLL	0.550740951117676
IFNa	418	ECE1	0.550368616052344
IFNa	419	ENSG00000224228	0.549859834209068
IFNa	420	FUCA2	0.549442156424841
IFNa	421	ENSG00000279320	0.549440276042338
IFNa	422	GCNT1	0.548562577128146
IFNa	423	DIAPH2-AS1	0.546566964769058
IFNa	424	CST3	0.546538030067048
IFNa	425	RNF43	0.545876781954161
IFNa	426	FFAR2	0.545811998498945
IFNa	427	TDRD7	0.545506406563946
IFNa	428	BCKDK	0.544951392827109
IFNa	429	C1orf216	0.544765333203879
IFNa	430	SNX20	0.544552160911635
IFNa	431	POLRMT	0.543636747684411
IFNa	432	DUSP1	0.543587754725079
IFNa	433	ABCG1	0.54276690340364
IFNa	434	TMEM140	0.542472688007615
IFNa	435	ZNF618	0.54232477064638
IFNa	436	PIK3R3	0.541884917298213
IFNa	437	ACTA2	0.541613747313956
IFNa	438	COPDA1	0.540930087965717
IFNa	439	SEMA7A	0.540396312093957
IFNa	440	ENSG00000197813	0.538975027388225
IFNa	441	EPB41L4A	0.538030871540873
IFNa	442	TRIM5	0.537390455372751
IFNa	443	MYBPC3	0.537064852268334
IFNa	444	HPS6	0.536379893657896
IFNa	445	TBL3	0.536160718782991
IFNa	446	PAX5	0.535774882621285
IFNa	447	ENSG00000228008	0.535172699097643
IFNa	448	ENSG00000279822	0.534795678655197
IFNa	449	JUP	0.533923329399146
IFNa	450	RABL3	0.533747665884557
IFNa	451	ETV3	0.531913192652412
IFNa	452	PHF11	0.531659231089816
IFNa	453	CASP4LP	0.531481038002486
IFNa	454	ARMCX1	0.531425542316411
IFNa	455	AK4	0.53085684920877
IFNa	456	RIN2	0.530046694213421
IFNa	457	PMAIP1	0.529288383017785
IFNa	458	DTNB-AS1	0.52914826565548
IFNa	459	PNPO	0.528991594867994
IFNa	460	FASN	0.52822452843
IFNa	461	TRADD	0.52737112451474
IFNa	462	LINC00996	0.52728655699643
IFNa	463	EGR2	0.526884887111561
IFNa	464	TENT5A	0.525663946792964
IFNa	465	JAK2	0.524315292073724
IFNa	466	TRAF1	0.52415424193703
IFNa	467	DENND1B	0.523902819846723
IFNa	468	TINF2	0.522834515934006
IFNa	469	C1orf21	0.522175678259146
IFNa	470	ENSG00000261884	0.521811396633028
IFNa	471	NMRAL2P	0.521693241990927
IFNa	472	CIDEB	0.521257670757046
IFNa	473	SELL	0.520755692444086
IFNa	474	MRPS7	0.520739681343052
IFNa	475	GPKOW	0.51920137298259
IFNa	476	KCNQ1OT1	0.519153363349642
IFNa	477	LINC00158	0.519116418090724
IFNa	478	ENSG00000225889	0.519046363623447
IFNa	479	FLT4	0.518476723367618
IFNa	480	DAPP1	0.518473256065924
IFNa	481	PLEKHG2	0.517724435124436
IFNa	482	HAPLN3	0.51741472043358
IFNa	483	CDC42EP1	0.516312131761817
IFNa	484	APOBEC3F	0.516264634835933
IFNa	485	DYSF	0.516018754087943
IFNa	486	IGF2BP3	0.515869591432883
IFNa	487	HLA-K	0.51570780025969
IFNa	488	KCTD5	0.515255024186406
IFNa	489	ENO3	0.514894558270943
IFNa	490	CASP4LP-1	0.514718235362951
IFNa	491	ENSG00000258989	0.514546713005687
IFNa	492	MED28-DT	0.514518371013228
IFNa	493	TNFSF13B	0.51391874410256
IFNa	494	ZNF710-AS1	0.512233417166729
IFNa	495	DCANP1	0.511927614333793
IFNa	496	SLFN13	0.511610385660914
IFNa	497	GCA	0.509750408562851
IFNa	498	NT5C3A	0.507757904368575
IFNa	499	OGFR	0.507085162002021
IFNa	500	APOL1	0.506093789981282
IFNa	501	STX4	0.505703783887637
IFNa	502	RHOBTB2	0.504738900637891
IFNa	503	PUF60	0.50345758716236
IFNa	504	FOS	0.50286525068809
IFNa	505	ENSG00000255641	0.502859892567884
IFNa	506	SDHAP4	0.501822578148131
IFNa	507	VEGFA	0.501154046811638
IFNa	508	PLA2G7	0.501069330978334
IFNa	509	SH3BP5L	0.500253340787449
IFNa	510	SMCHD1	0.499645774178111
IFNa	511	WHRN	0.499556181933149
IFNa	512	UBE2S	0.499337844875372
IFNa	513	RAB8A	0.499172684518787
IFNa	514	H2AC6	0.498591035013478
IFNa	515	ENSG00000289690	0.4981302486105
IFNa	516	ENSG00000287691	0.497851409555438
IFNa	517	GCC1	0.497564904476952
IFNa	518	TAP2	0.497237170809223
IFNa	519	DOCK4	0.497004202216379
IFNa	520	ADAR	0.496257103906549
IFNa	521	FNIP2	0.496244489029536
IFNa	522	PLA2G4C	0.4955597091403
IFNa	523	LMNB1	0.495299702224905
IFNa	524	CHST12	0.494851154692427
IFNa	525	KIAA0408	0.494404892623776
IFNa	526	SLC17A9	0.494274791172219
IFNa	527	RRN3P1	0.494119967460448
IFNa	528	PARP11	0.493772569370689
IFNa	529	PPP1R18	0.493742832800703
IFNa	530	SHFL	0.492880299832376
IFNa	531	PPM1K	0.492794170888184
IFNa	532	HLX	0.492411931054515
IFNa	533	DRAM1	0.492042623052068
IFNa	534	ENSG00000288703	0.490612937138025
IFNa	535	EPHB2	0.490449069657741
IFNa	536	RGL1	0.490341567808222
IFNa	537	CEACAM1	0.490336667868173
IFNa	538	CCL4	0.490244591144615
IFNa	539	MIR23AHG	0.490107558352595
IFNa	540	KCNJ2	0.489957178806163
IFNa	541	ENSG00000285744	0.489884972851163
IFNa	542	DYNLL2	0.489303198686124
IFNa	543	ATF5	0.489001073105251
IFNa	544	TIMP1	0.48891737575487
IFNa	545	GZMB	0.48867386013072
IFNa	546	RNASET2	0.488407225296771
IFNa	547	TRIM32	0.487926062922895
IFNa	548	GRB10	0.487412904795506
IFNa	549	ADAMTSL4	0.48721289350562
IFNa	550	TASL	0.487156692116908
IFNa	551	ENSG00000239920	0.486928989219527
IFNa	552	OTUD1	0.486722046189471
IFNa	553	TWNK	0.48668847511173
IFNa	554	SLC25A28	0.485690750387741
IFNa	555	PIM2	0.485375271601869
IFNa	556	SLC35C1	0.484960674938871
IFNa	557	ZNF629	0.484906668780283
IFNa	558	SPSB1	0.484623372642624
IFNa	559	PTPA	0.484187774396869
IFNa	560	ENSG00000271533	0.483895984202287
IFNa	561	IL4I1	0.483688936952658
IFNa	562	TNK2	0.483546358905686
IFNa	563	PDCD1LG2	0.482988288664204
IFNa	564	LRRC59	0.482235391948482
IFNa	565	SCARNA17	0.482163957515139
IFNa	566	HLA-DMB	0.481514542158722
IFNa	567	MRPL17	0.481201959644383
IFNa	568	NRP2	0.481186098590981
IFNa	569	ZNF513	0.480482933690299
IFNa	570	GMNN	0.479407220859825
IFNa	571	RAB20	0.47705723454155
IFNa	572	RRS1	0.476806312651488
IFNa	573	ENDOD1	0.476105818656243
IFNa	574	ABCF3	0.475941402946152
IFNa	575	AKAP7	0.47583455162962
IFNa	576	HCFC1	0.474983010727348
IFNa	577	TLR7	0.474919940164669
IFNa	578	MAP3K7CL	0.474882294391926
IFNa	579	CDK2AP1	0.474781302665164
IFNa	580	NMI	0.473920092966666
IFNa	581	PI4K2A	0.47385715670918
IFNa	582	PSMB8	0.473335328497651
IFNa	583	TIFA	0.472853888418313
IFNa	584	ZBTB32	0.471746263295876
IFNa	585	SP110	0.471339817022936
IFNa	586	P2RX4	0.471230547484265
IFNa	587	DNAI3	0.470922339398957
IFNa	588	CD2BP2	0.470675377670495
IFNa	589	IGSF8	0.470644490307331
IFNa	590	VAV3-AS1	0.470549770495522
IFNa	591	MVB12A	0.470216595896518
IFNa	592	RAVER1	0.469795886948717
IFNa	593	CD160	0.469751488353434
IFNa	594	KIAA1522	0.469634678255396
IFNa	595	SUCNR1	0.469502592997721
IFNa	596	ANK3	0.469447786738178
IFNa	597	GAREM1	0.468549503006421
IFNa	598	BASP1	0.468484842144111
IFNa	599	BAG1	0.468097449302319
IFNa	600	SLC25A25	0.467879563281506
IFNa	601	SDHB	0.467281591334258
IFNa	602	HTATIP2	0.467001891337317
IFNa	603	BMAL2	0.466987724281918
IFNa	604	CHMP5	0.466983622054735
IFNa	605	ITSN1	0.466950862886347
IFNa	606	ZNG1B	0.46663074178324
IFNa	607	GBP4	0.466511834752956
IFNa	608	GPR132	0.465380137956245
IFNa	609	AUTS2	0.465254295721463
IFNa	610	ZNFX1	0.464851170022031
IFNa	611	FCHSD1	0.464433718354703
IFNa	612	SCO2	0.464023764186977
IFNa	613	CENPB	0.463896279447339
IFNa	614	FAS	0.46376304868778
IFNa	615	CPNE2	0.463232614236824
IFNa	616	MCL1	0.463044143789308
IFNa	617	SLFN5	0.462733300390679
IFNa	618	ADRB2	0.462608193271847
IFNa	619	FRMD3	0.462512703005793
IFNa	620	PFKP	0.462510014894907
IFNa	621	PAX8	0.462474366801726
IFNa	622	GPATCH3	0.462400472903816
IFNa	623	LRRC61	0.462118760734766
IFNa	624	RNF165	0.461992412258012
IFNa	625	NOC2L	0.461983635579445
IFNa	626	CD68	0.461982010320196
IFNa	627	PLEKHO2	0.461930859121352
IFNa	628	N4BP1	0.460887690729781
IFNa	629	ZSCAN20	0.460627921235366
IFNa	630	PEBP4	0.460566068914501
IFNa	631	XBP1	0.460553697384951
IFNa	632	RILP	0.460523525881293
IFNa	633	GCH1	0.460332063875728
IFNa	634	LINC02605	0.460078950785147
IFNa	635	B3GNT2	0.459722808164544
IFNa	636	PCNA	0.459672134128042
IFNa	637	TMEM259	0.459615508556553
IFNa	638	ENSG00000232855	0.459497270755227
IFNa	639	HLA-L	0.459470800910352
IFNa	640	PSEN2	0.459334946762873
IFNa	641	MYO1G	0.458814121535246
IFNa	642	SCARB1	0.458796834844623
IFNa	643	FANCA	0.458613586784996
IFNa	644	RASGEF1B	0.456780122147689
IFNa	645	LGALS2	0.456316011113505
IFNa	646	TMEM106A	0.455889998795219
IFNa	647	RRAGD	0.455690792777354
IFNa	648	NUCB1	0.455604188675224
IFNa	649	SP100	0.454908660346951
IFNa	650	H2BC5	0.45451341661566
IFNa	651	FTSJ1	0.454320273102728
IFNa	652	CNP	0.454166100630817
IFNa	653	GTPBP1	0.454082066183202
IFNa	654	GADD45B	0.45326920470913
IFNa	655	LILRA5	0.453137011859387
IFNa	656	DHRS1	0.452963840274215
IFNa	657	WDR86	0.452779604323605
IFNa	658	AQP9	0.451679893216418
IFNa	659	CCDC9	0.451371978472616
IFNa	660	ENSG00000240710	0.451253210846566
IFNa	661	CBLN3	0.451225281903523
IFNa	662	SPRYD3	0.451071359964492
IFNa	663	ADARB1	0.450067027514721
IFNa	664	TMEM185B	0.449612031260057
IFNa	665	FOXN2	0.449586643643646
IFNa	666	IL15RA	0.449203289992439
IFNa	667	ANAPC2	0.448848559104281
IFNa	668	FAM81A	0.448126591057316
IFNa	669	SAT1	0.447634869096437
IFNa	670	CENPJ	0.447375476806315
IFNa	671	HSPA8	0.446964607459616
IFNa	672	NUB1	0.446501114409732
IFNa	673	FAM78B	0.445851965730308
IFNa	674	REC8	0.445275785418294
IFNa	675	ENSG00000284691	0.444992945981887
IFNa	676	LPAR6	0.444924526407005
IFNa	677	PRKD2	0.444291026574382
IFNa	678	AZI2	0.443837500259542
IFNa	679	CD86	0.443822916798535
IFNa	680	ENSG00000267009	0.443819786099783
IFNa	681	GSDMD	0.443805485248431
IFNa	682	IRF2BPL	0.443149905181526
IFNa	683	PPA1	0.442419267001191
IFNa	684	HRH1	0.442196428682052
IFNa	685	SRC	0.442160829972553
IFNa	686	GIMAP6	0.44190093036385
IFNa	687	GTPBP2	0.441647204483795
IFNa	688	TFEC	0.441423301618402
IFNa	689	ARHGEF10L	0.441226941792142
IFNa	690	EHD4	0.440968020359657
IFNa	691	ADGRG5	0.440277310672767
IFNa	692	AP2M1	0.439464115438615
IFNa	693	LINC00504	0.439161816743697
IFNa	694	DCTN1	0.438597302827336
IFNa	695	THTPA	0.437791182487381
IFNa	696	NFE2L1	0.437737669063058
IFNa	697	SCAMP1-AS1	0.437538641546254
IFNa	698	IFI16	0.437495209017628
IFNa	699	CARD16	0.436510497283919
IFNa	700	TNFAIP2	0.43632925130707
IFNa	701	PPFIBP1	0.436267913721876
IFNa	702	FLNB	0.436081069671753
IFNa	703	ZNF526	0.434832523465968
IFNa	704	TTC24	0.434808230706453
IFNa	705	ENSG00000289359	0.434771839014433
IFNa	706	ARRDC3	0.434685689693034
IFNa	707	KCNA2	0.434401133554792
IFNa	708	LRRC32	0.434325851926815
IFNa	709	DPP3	0.434034791237969
IFNa	710	ST6GALNAC2	0.433974339282148
IFNa	711	PRR5	0.43380101714142
IFNa	712	RIMKLB	0.433710072787388
IFNa	713	ENSG00000291131	0.433700488975228
IFNa	714	UTP3	0.433582680352194
IFNa	715	NOD2	0.433396503695766
IFNa	716	DRAP1	0.433252936595921
IFNa	717	PDE4B	0.433147844641712
IFNa	718	STIMATE	0.433070461560166
IFNa	719	ARSA	0.432628080769263
IFNa	720	POLR3H	0.431915832657211
IFNa	721	OXCT1	0.431427497307431
IFNa	722	TRAF5	0.430701338818916
IFNa	723	SNHG15	0.429912484017916
IFNa	724	ARRDC1	0.429782004967799
IFNa	725	GRWD1	0.429757178647287
IFNa	726	TBC1D1	0.429476138848909
IFNa	727	FGR	0.429402697117948
IFNa	728	CARMIL2	0.428759358301016
IFNa	729	ARHGAP25	0.428316239445222
IFNa	730	ADAMTSL4-AS2	0.428030505609586
IFNa	731	CASP10	0.427673588295473
IFNa	732	NCAM1	0.427656740579602
IFNa	733	C1QA	0.427569661868853
IFNa	734	IER5	0.426885802378981
IFNa	735	MMP14	0.426792956494992
IFNa	736	ST7	0.426767454123042
IFNa	737	ADAM9	0.426521959177442
IFNa	738	MICB	0.426237484130407
IFNa	739	ACSL1	0.425788961670632
IFNa	740	ITIH4	0.425561419077118
IFNa	741	TIMELESS	0.425275641069184
IFNa	742	TTYH2	0.425177753688784
IFNa	743	LINC02345	0.424865538710451
IFNa	744	ENSG00000284554	0.424440288206452
IFNa	745	SLC12A8	0.42421867291658
IFNa	746	IL7	0.424154553569388
IFNa	747	RIPK2-DT	0.423757859770758
IFNa	748	ARHGEF11	0.423542836322433
IFNa	749	TAGLN	0.42291682446599
IFNa	750	SRGAP2	0.422508450304052
IFNa	751	NIBAN1	0.422499836997817
IFNa	752	ENSG00000286239	0.422327207264893
IFNa	753	CNN3	0.422281696991385
IFNa	754	PLEKHN1	0.422199868903494
IFNa	755	EXOC8	0.422183469702868
IFNa	756	KLF9	0.42200111668298
IFNa	757	TPD52	0.421666513393325
IFNa	758	MICALL1	0.421606712628274
IFNa	759	MNDA	0.421509943652896
IFNa	760	XRN1	0.421181896280958
IFNa	761	RELT	0.420814412582656
IFNa	762	ARL4C	0.420791716589391
IFNa	763	GAA	0.42066993172916
IFNa	764	TMEM229B	0.420665709493392
IFNa	765	SRGAP2B	0.420653901643467
IFNa	766	GPR137B	0.420064746295511
IFNa	767	GIMAP8	0.419929421110837
IFNa	768	PLEKHJ1	0.419685975659396
IFNa	769	ENSG00000222017	0.41968517686177
IFNa	770	SCD	0.419681296936466
IFNa	771	FCER1G	0.419512268714225
IFNa	772	TENT4A	0.419240892670541
IFNa	773	TJP2	0.419206500458447
IFNa	774	LHFPL6	0.419177251938983
IFNa	775	HELB	0.419000598590009
IFNa	776	DYNLT1	0.418378337392787
IFNa	777	CAMK4	0.41824966584486
IFNa	778	ESS2	0.418191456887827
IFNa	779	BLVRA	0.417798440965257
IFNa	780	ABTB1	0.417664038328852
IFNa	781	NINJ1	0.416893490690121
IFNa	782	SERTAD1	0.416697415822079
IFNa	783	HLA-DRB6	0.41649910028047
IFNa	784	STRN4	0.415859155987694
IFNa	785	C12orf40	0.415675597195959
IFNa	786	WARS1	0.415582454453794
IFNa	787	GPR135	0.414931731627943
IFNa	788	ARL5B	0.414824533487881
IFNa	789	LILRB3	0.414269847923551
IFNa	790	SF3B4	0.413953579256189
IFNa	791	ZSCAN29	0.413871998197497
IFNa	792	IRS1	0.413159560271512
IFNa	793	YEATS2	0.412986226288428
IFNa	794	RTCB	0.412718130657005
IFNa	795	LYN	0.412461340613257
IFNa	796	TRIM14	0.412139815556605
IFNa	797	ENSG00000285446	0.41202749998083
IFNa	798	PGAM5	0.411707071609869
IFNa	799	CASZ1	0.411331627924154
IFNa	800	FAM234B	0.411217313959508
IFNa	801	ZNF385A	0.410672205523511
IFNa	802	SOCS3	0.41045309179241
IFNa	803	JADE2	0.410339528991605
IFNa	804	ZNF581	0.410127802795036
IFNa	805	APOBEC3G	0.409448751515547
IFNa	806	FPR2	0.40936123687385
IFNa	807	TNF	0.409260906252106
IFNa	808	MMP25	0.409237521489135
IFNa	809	RRP9	0.407623218832228
IFNa	810	KIAA0040	0.407087468554499
IFNa	811	TMPRSS13	0.40695273996685
IFNa	812	NKD1	0.406741583711955
IFNa	813	INPPL1	0.406727731771261
IFNa	814	C1GALT1	0.406553872613501
IFNa	815	KIF26B	0.406494854408604
IFNa	816	RFXAP	0.406390954200447
IFNa	817	PDE9A	0.406366875224475
IFNa	818	TBKBP1	0.40567629049439
IFNa	819	NOTCH2NLB	0.405526616469689
IFNa	820	NAA25	0.405093551012002
IFNa	821	ENSG00000142539	0.404767843312913
IFNa	822	LINC03040	0.404599536423983
IFNa	823	ADM	0.404144209008832
IFNa	824	ZNF692	0.403295542661696
IFNa	825	KPNA2P3	0.40313263965992
IFNa	826	LXN	0.403006910340975
IFNa	827	C17orf67	0.402997796478222
IFNa	828	CIAPIN1	0.402576789069429
IFNa	829	RHEBL1	0.402492487341236
IFNa	830	IRF5	0.401920873058068
IFNa	831	SYTL3	0.401340954613362
IFNa	832	C2CD2L	0.40074609751182
IFNa	833	LINC02384	0.400740062613463
IFNa	834	GBP2	0.400590896462031
IFNa	835	CCDC86	0.400456806917866
IFNa	836	PDLIM1	0.400409535484109
IFNa	837	GHRLOS	0.400221956040519
IFNa	838	MIR34AHG	0.399412425244982
IFNa	839	RNF19B	0.399201635933678
IFNa	840	PALD1	0.398823510537028
IFNa	841	ENSG00000283782	0.398759114236465
IFNa	842	NFKB2	0.398700925818784
IFNa	843	HK2	0.398564623744202
IFNa	844	ANKRD20A11P	0.397892346447236
IFNa	845	EIF4A1	0.397768662517105
IFNa	846	MVK	0.397749004410539
IFNa	847	DGLUCY	0.397619407658791
IFNa	848	CYB5A	0.397245236593339
IFNa	849	ENSG00000256594	0.396992651458319
IFNa	850	ATP10A	0.396969456906919
IFNa	851	ENSG00000237568	0.396334816985443
IFNa	852	DNAJB12	0.3955055084388
IFNa	853	CMKLR1	0.395379275127287
IFNa	854	NPM3	0.395339237768167
IFNa	855	MSANTD3	0.395339050131139
IFNa	856	BIRC3	0.395058541907325
IFNa	857	SOD2	0.394885616462526
IFNa	858	LILRA6	0.394771082903002
IFNa	859	TLNRD1	0.39475168151259
IFNa	860	MCTP2	0.394590982075394
IFNa	861	TRIM65	0.394488042296651
IFNa	862	FKBP8	0.394345928791364
IFNa	863	ZNF532	0.393971057246791
IFNa	864	TMX1	0.393217018817049
IFNa	865	ALPK1	0.393176241984019
IFNa	866	TAP1	0.392642668909411
IFNa	867	VILL	0.391915136289692
IFNa	868	MCOLN2	0.391821413868743
IFNa	869	HLA-A	0.390566333144829
IFNa	870	GUCD1	0.390456266423463
IFNa	871	MOB3C	0.390215727402969
IFNa	872	FGD4	0.390014054947124
IFNa	873	PLPBP	0.389862061009215
IFNa	874	RBM43	0.389548292106245
IFNa	875	TMEM123	0.388725691718814
IFNa	876	NAB2	0.388451609039632
IFNa	877	BLOC1S3	0.38830220617518
IFNa	878	ENSG00000241489	0.388161527112053
IFNa	879	CREG1	0.387476854822117
IFNa	880	CHROMR	0.387063096822686
IFNa	881	DHRS9	0.38678494703027
IFNa	882	SMAGP	0.386701815423958
IFNa	883	ZC3H12C	0.386169692396808
IFNa	884	CROCC	0.386154321563986
IFNa	885	SGK1	0.386054325511627
IFNa	886	PSTPIP1	0.385727731657885
IFNa	887	ZNF830	0.385473807501878
IFNa	888	ENSG00000229321	0.38536769343784
IFNa	889	ENSG00000286001	0.384764858664476
IFNa	890	SH3BP2	0.38465099560501
IFNa	891	BRCA2	0.384551632966794
IFNa	892	ENSG00000286285	0.383585733231838
IFNa	893	DAZAP1	0.383441887869151
IFNa	894	SREBF1	0.383389162503856
IFNa	895	LRRC47	0.383197091715768
IFNa	896	ANKFY1	0.383013259856545
IFNa	897	TPD52L2	0.382863324845226
IFNa	898	LENG8-AS1	0.38278207960625
IFNa	899	CYRIA	0.382734257890142
IFNa	900	IRF3	0.382174537284737
IFNa	901	NEURL4	0.381587579556416
IFNa	902	PANX1	0.381457754804336
IFNa	903	LINC00278	0.381082182418581
IFNa	904	DHCR24	0.380431612359748
IFNa	905	GSDMB	0.380421895945645
IFNa	906	PTGER2	0.380098222677684
IFNa	907	ABCG2	0.380053525919044
IFNa	908	SLC9A1	0.379231990521437
IFNa	909	NOP2	0.379213031104687
IFNa	910	HEG1	0.378226751114441
IFNa	911	CASP3	0.378049565185957
IFNa	912	MS4A6A	0.377854083796211
IFNa	913	DENND5A	0.377476137622975
IFNa	914	NEDD4L	0.377437068930403
IFNa	915	ING4	0.377373078148492
IFNa	916	LINC00540	0.377006604974078
IFNa	917	RIPK2	0.376810399953296
IFNa	918	OSBPL5	0.376310858880774
IFNa	919	C15orf39	0.376157303827079
IFNa	920	DOP1A	0.376082123074213
IFNa	921	GIMAP5	0.37510435908845
IFNa	922	SCOC	0.374471504835122
IFNa	923	GRIPAP1	0.374391722410756
IFNa	924	EIF4A3	0.374381383699472
IFNa	925	PEX5	0.374172872944277
IFNa	926	RNF31	0.37415595498983
IFNa	927	RPS26	0.374028949649723
IFNa	928	CHSY1	0.373842893169466
IFNa	929	BLNK	0.373699456262508
IFNa	930	ENSG00000225450	0.373522591348411
IFNa	931	SYNPO2	0.373235530347761
IFNa	932	COPS5	0.373154631799892
IFNa	933	TSFM	0.373018061353181
IFNa	934	SLC37A2	0.372954010033378
IFNa	935	IRF9	0.372656518571355
IFNa	936	HLA-L-1	0.372609969558572
IFNa	937	BRPF3	0.372555402460667
IFNa	938	MED25	0.371878799331324
IFNa	939	CAMSAP1-DT	0.371282045194358
IFNa	940	ZNF646	0.370993801932829
IFNa	941	SRGAP2C	0.370982441526942
IFNa	942	ATOX1	0.370975639397505
IFNa	943	HEMK1	0.370905942461092
IFNa	944	SHC1	0.370176759429821
IFNa	945	GLUL	0.369566601964533
IFNa	946	ENSG00000290698	0.36928313571724
IFNa	947	LYSMD2	0.369134639934905
IFNa	948	SBK1	0.368935791995774
IFNa	949	NFIX	0.368692802342634
IFNa	950	FAM20A	0.368553042648242
IFNa	951	ABCD1	0.368535763768095
IFNa	952	DAGLA	0.36809415748665
IFNa	953	PAF1	0.36783747754025
IFNa	954	ZFAND5	0.367814852163882
IFNa	955	SIRPA	0.367789440303609
IFNa	956	EEPD1	0.367788544669764
IFNa	957	RBCK1	0.367532321430555
IFNa	958	MYD88	0.367350235520128
IFNa	959	RTL5	0.366740547439995
IFNa	960	CASP1	0.366252911296891
IFNa	961	TRPM4	0.366054365570626
IFNa	962	TEPSIN	0.365692557903063
IFNa	963	SMG1P7	0.365619850751586
IFNa	964	FKRP	0.365421919875075
IFNa	965	ENSG00000250264	0.365350191431839
IFNa	966	ZFYVE19	0.364634704962371
IFNa	967	ACOT9	0.363479317137235
IFNa	968	TBC1D10B	0.363430785649209
IFNa	969	STX11	0.363420800020339
IFNa	970	GPN1	0.363126160726685
IFNa	971	FBXL19	0.362864072779393
IFNa	972	NHLRC3	0.362694304880482
IFNa	973	PTGER4	0.362653614521541
IFNa	974	PPP4R1L	0.362302510048237
IFNa	975	ZNF516	0.362029463538336
IFNa	976	CHODL	0.361918872813023
IFNa	977	HNRNPAB	0.361917447567544
IFNa	978	BCL2	0.361788177932709
IFNa	979	TLE5	0.361780923376682
IFNa	980	L3HYPDH	0.361625775427521
IFNa	981	SLC36A1	0.361591738670617
IFNa	982	HELQ	0.361320489113127
IFNa	983	AKAP17A	0.361298999099092
IFNa	984	HMGB2	0.360996765380171
IFNa	985	PARP15	0.360541456887578
IFNa	986	RANBP1	0.360411683560892
IFNa	987	CSTF2	0.360156846436707
IFNa	988	SCART1	0.360038902246317
IFNa	989	WDFY1	0.359823484260455
IFNa	990	TRMT2A	0.359621166550189
IFNa	991	ATRIP	0.359378446787854
IFNa	992	MBD6	0.359018817448921
IFNa	993	SLC5A6	0.359015713363596
IFNa	994	LDLR	0.358615129243243
IFNa	995	CBX4	0.358446955097537
IFNa	996	SNHG1	0.35832405695816
IFNa	997	AP1G2	0.35780728580281
IFNa	998	CFLAR-AS1	0.357745320451978
IFNa	999	HSPA1A	0.357737339636034
IFNa	1000	DIP2C	0.357702184772763
IFNa	1001	EAF1	0.357511818810081
IFNa	1002	ARGLU1	0.357376630185506
IFNa	1003	SECTM1	0.357207691379982
IFNa	1004	ENSG00000285171	0.357086212958806
IFNa	1005	SMIM3	0.357054893216947
IFNa	1006	BAK1	0.356733652598083
IFNa	1007	PRF1	0.356563009544381
IFNa	1008	CDCA4	0.356392144332953
IFNa	1009	POLE	0.356337718826588
IFNa	1010	NOP16	0.355972532694117
IFNa	1011	TMEM62	0.355816825015853
IFNa	1012	OSER1	0.355717132798797
IFNa	1013	C19orf48	0.355602162614796
IFNa	1014	ENSG00000227101	0.35524294734345
IFNa	1015	RBBP8	0.35524031980753
IFNa	1016	ST3GAL4	0.355161628246802
IFNa	1017	PTPRO	0.355158006832489
IFNa	1018	SCARB2	0.354971618360901
IFNa	1019	WHAMMP3	0.354928605798587
IFNa	1020	WHAMM	0.354888236612955
IFNa	1021	NOL3	0.354640832891625
IFNa	1022	ENSG00000271727	0.354405377544976
IFNa	1023	CSRNP2	0.354194259194428
IFNa	1024	PCAT1	0.353941621618321
IFNa	1025	DVL2	0.353767925835338
IFNa	1026	ABCA15P	0.353606891671794
IFNa	1027	MKRN1	0.353376507588611
IFNa	1028	MAML2	0.353107582523507
IFNa	1029	NBEAP2	0.352956146466666
IFNa	1030	HLA-E	0.352668845233334
IFNa	1031	CC2D1B	0.352331273677835
IFNa	1032	ENSG00000225032	0.352189712934469
IFNa	1033	CNDP2	0.352007859852692
IFNa	1034	NRXN2	0.35195393854145
IFNa	1035	SSB	0.351840824162137
IFNa	1036	ENSG00000249624	0.351727098894269
IFNa	1037	ENSG00000290027	0.351437030390035
IFNa	1038	MACC1	0.35138187441333
IFNa	1039	MREG	0.351339208599618
IFNa	1040	HNRNPA1	0.35131032696685
IFNa	1041	PNRC2	0.350943735521982
IFNa	1042	UTRN	0.350895999508648
IFNa	1043	SRD5A1	0.350877368277819
IFNa	1044	PPAT	0.350493577330564
IFNa	1045	GMPPA	0.349759993504461
IFNa	1046	DST	0.349705805460305
IFNa	1047	FCGR1A	0.349170917883393
IFNa	1048	DLST	0.349151374738981
IFNa	1049	TXN	0.349105986031129
IFNa	1050	STX2	0.348974642967298
IFNa	1051	LINC01145-1	0.348747899876356
IFNa	1052	GIMAP4	0.348299645240823
IFNa	1053	DISC1	0.348232074002777
IFNa	1054	MGAT1	0.348202820433727
IFNa	1055	IL18BP	0.348155371759884
IFNa	1056	TMEM150B	0.347937620122946
IFNa	1057	PPP1R9B	0.347659949193307
IFNa	1058	CNTLN	0.347546560191781
IFNa	1059	DHFR	0.347484018983523
IFNa	1060	UBE2M	0.347467491543354
IFNa	1061	STAG3	0.347339453664248
IFNa	1062	CCR3	0.347337945665692
IFNa	1063	SAAL1	0.347051909510481
IFNa	1064	TMEM214	0.346904813740152
IFNa	1065	IER2	0.346501056870733
IFNa	1066	BRMS1	0.346467360974397
IFNa	1067	SESN2	0.346383160923527
IFNa	1068	STAMBPL1	0.345952952503246
IFNa	1069	ELMO2	0.345937274993061
IFNa	1070	HNRNPF	0.345867829164463
IFNa	1071	DNAJA1	0.345693896877661
IFNa	1072	GMPR2	0.345585816322279
IFNa	1073	FBRS	0.345512823647514
IFNa	1074	SYNGR2	0.345397797142854
IFNa	1075	ZHX2	0.34535621549641
IFNa	1076	CD163	0.345188822777391
IFNa	1077	CNEP1R1	0.345091754981491
IFNa	1078	MTCH1	0.345029511738576
IFNa	1079	DLGAP4	0.344807196277725
IFNa	1080	ZNF888	0.344806620690571
IFNa	1081	B4GALT5	0.344530954409483
IFNa	1082	ENSG00000258875	0.344410792233774
IFNa	1083	OPTN	0.343996851614838
IFNa	1084	SH3RF1	0.343932111245694
IFNa	1085	TNIP2	0.343680787302064
IFNa	1086	INPP4B	0.342966351148308
IFNa	1087	SLFN12	0.342729426039582
IFNa	1088	SNTB1	0.342630144941531
IFNa	1089	TOE1	0.342598144636763
IFNa	1090	ENSG00000261218	0.342590641488379
IFNa	1091	SLC18B1	0.342506948668173
IFNa	1092	WDHD1	0.34211357346228
IFNa	1093	DUSP10	0.341573479552809
IFNa	1094	ENSG00000285976	0.341506841019146
IFNa	1095	ZBTB14	0.341494598827747
IFNa	1096	NLRP3	0.341459162199807
IFNa	1097	EPB41L2	0.340940072878492
IFNa	1098	ATG4A	0.340933267154643
IFNa	1099	DDRGK1	0.340880823208903
IFNa	1100	PHF23	0.340869500303257
IFNa	1101	TCIRG1	0.340807697497783
IFNa	1102	RAB5IF	0.34054935314681
IFNa	1103	CD300A	0.340464951372979
IFNa	1104	ZSWIM4	0.339996039976676
IFNa	1105	SCAF1	0.339952299266897
IFNa	1106	NRROS	0.339734074671261
IFNa	1107	IRF8	0.339644283281098
IFNa	1108	MFN2	0.339627850960678
IFNa	1109	DNASE2	0.339601687517168
IFNa	1110	ITPK1	0.339218388796151
IFNa	1111	ARID5A	0.338915409845312
IFNa	1112	USP15	0.338687412275425
IFNa	1113	DDX3X	0.338678661751381
IFNa	1114	WDR47	0.338418109765217
IFNa	1115	APOL3	0.338204818728971
IFNa	1116	ENTPD6	0.337888413947857
IFNa	1117	RNF213-AS1	0.337843141797885
IFNa	1118	ST3GAL5	0.337594699948499
IFNa	1119	SQOR	0.337353826193663
IFNa	1120	FAM30A	0.337338013442941
IFNa	1121	TRIM26	0.337124517165939
IFNa	1122	PITPNM1	0.337077950017943
IFNa	1123	KLHL6	0.33696199579113
IFNa	1124	DPYSL2	0.336950615808078
IFNa	1125	TOR1A	0.336863148624277
IFNa	1126	GRN	0.336221298907868
IFNa	1127	CRAT	0.33620926949874
IFNa	1128	DEDD2	0.336201183703521
IFNa	1129	IL15	0.336078411281207
IFNa	1130	NFKB1	0.335855823518393
IFNa	1131	TRIM38	0.335817363883634
IFNa	1132	ZWILCH	0.335648027219659
IFNa	1133	FGD6	0.335536977601116
IFNa	1134	POLD1	0.335236945836859
IFNa	1135	XKR9	0.334410070043286
IFNa	1136	CD300C	0.334339762182583
IFNa	1137	SLX4	0.334334304337639
IFNa	1138	GBP3	0.333915287464637
IFNa	1139	LMNB2	0.333886884346455
IFNa	1140	PIP4K2C	0.333719470021839
IFNa	1141	PIK3AP1	0.333216202776297
IFNa	1142	SERTAD3	0.333057127247349
IFNa	1143	FXR2	0.332934300130496
IFNa	1144	KMT2B	0.332837907640721
IFNa	1145	SLC3A2	0.332765830281495
IFNa	1146	PCED1A	0.332671060738194
IFNa	1147	RBM11	0.332497601036256
IFNa	1148	CYLD-AS1	0.332430343969805
IFNa	1149	SLC6A12	0.332386074241268
IFNa	1150	MAFB	0.332181381771609
IFNa	1151	LPAR1	0.331858967795671
IFNa	1152	RALB	0.331833072009647
IFNa	1153	RSRP1	0.331814035459823
IFNa	1154	STK3	0.331550200892928
IFNa	1155	BTN3A3	0.331378686646851
IFNa	1156	IQGAP2	0.331377883143553
IFNa	1157	LINC02798	0.331352852239915
IFNa	1158	TSPAN15	0.331294943885417
IFNa	1159	CEP295NL	0.330990234899216
IFNa	1160	MLKL	0.330719943301171
IFNa	1161	TMEM60	0.330613436595052
IFNa	1162	MPP1	0.330546275571427
IFNa	1163	TEX264	0.330520276428583
IFNa	1164	SCRIB	0.330169983491139
IFNa	1165	C5AR2	0.330063274443198
IFNa	1166	TM2D2	0.329987498545688
IFNa	1167	GRAMD1B	0.32992470776486
IFNa	1168	EIF3G	0.329909612729998
IFNa	1169	PMPCA	0.329721423986006
IFNa	1170	STARD8	0.329447415976055
IFNa	1171	LIPC	0.329353888219153
IFNa	1172	IL18R1	0.329249829299696
IFNa	1173	FLT3	0.329243428807663
IFNa	1174	DDAH2	0.329208404332246
IFNa	1175	ZNF687	0.328920230027568
IFNa	1176	ENSG00000289007	0.328667763740192
IFNa	1177	DDIT3	0.328431226735306
IFNa	1178	VPS18	0.328251133640325
IFNa	1179	BAZ1A	0.327898649072663
IFNa	1180	CSF2RB	0.327734253009194
IFNa	1181	RPS6KB2	0.327369008137857
IFNa	1182	MEPCE	0.32723190458629
IFNa	1183	APOBEC3D	0.327226220680605
IFNa	1184	ELL3	0.327189914048554
IFNa	1185	BLOC1S2	0.327182294896754
IFNa	1186	BOD1	0.326945796006276
IFNa	1187	CD300E	0.326850689377629
IFNa	1188	PHF19	0.326733209141589
IFNa	1189	SLC37A1	0.32669867572487
IFNa	1190	HMCES	0.32662658260951
IFNa	1191	SUSD1	0.326586212229683
IFNa	1192	RNF220	0.326522994043193
IFNa	1193	RBMS1	0.326485285460177
IFNa	1194	TICAM2	0.326359683452364
IFNa	1195	POLG	0.326334608445425
IFNa	1196	BMS1P20	0.326276946042236
IFNa	1197	SGSH	0.326113121932253
IFNa	1198	ENSG00000286194	0.325195319952753
IFNa	1199	NADK	0.324657065565226
IFNa	1200	GIMAP2	0.324429632598837
IFNa	1201	CYCS	0.324255194805709
IFNa	1202	LRP12	0.324253679990228
IFNa	1203	CASP7	0.324126154974454
IFNa	1204	CGAS	0.323720281484907
IFNa	1205	EIF1AD	0.323589973308439
IFNa	1206	NEAT1	0.32351221540734
IFNa	1207	RTEL1	0.323458817986096
IFNa	1208	TREML2	0.323363233840065
IFNa	1209	FAM219A	0.323288911523353
IFNa	1210	SNX10	0.323280075748101
IFNa	1211	HLA-H	0.323057190348476
IFNa	1212	FNDC3B	0.322944491743134
IFNa	1213	DNAJB2	0.322678158004847
IFNa	1214	NPL	0.322375504182692
IFNa	1215	IPCEF1	0.322174348270693
IFNa	1216	BLMH	0.321133165192954
IFNa	1217	FCGR1BP	0.321125292990733
IFNa	1218	TCF7L2	0.321114261842849
IFNa	1219	LINC01980	0.321031667851349
IFNa	1220	KLF6	0.320859617125779
IFNa	1221	MAP3K13	0.320849512622437
IFNa	1222	NIPA1	0.320566968583859
IFNa	1223	ADAM8	0.320537061396018
IFNa	1224	PRKAR1B-AS1	0.320457800524218
IFNa	1225	CAPN2	0.320443218711386
IFNa	1226	MRPL49	0.320122260830243
IFNa	1227	COMMD5	0.320059720312382
IFNa	1228	CASP4	0.319805064803528
IFNa	1229	BTG2	0.319719822328369
IFNa	1230	CDS2	0.319335901650256
IFNa	1231	SLC43A3	0.319324551948407
IFNa	1232	PDPR2P	0.319167327852994
IFNa	1233	ENSG00000287124	0.319078782249176
IFNa	1234	CAMKK2	0.319051734748912
IFNa	1235	POU5F1B	0.31887835968103
IFNa	1236	KCNIP2	0.318792389018414
IFNa	1237	TNFAIP3	0.318559364637556
IFNa	1238	SKIC2	0.318367679297847
IFNa	1239	ENSG00000285082	0.318153090022161
IFNa	1240	ENSG00000258964	0.317859321214174
IFNa	1241	SRRT	0.317613205474404
IFNa	1242	FCGR3A	0.317610604214317
IFNa	1243	NAGK	0.317566556185749
IFNa	1244	ENSG00000268858	0.317293657752667
IFNa	1245	FLII	0.317279813737832
IFNa	1246	UPF1	0.317190062358005
IFNa	1247	WDR1	0.317064296192941
IFNa	1248	SCLT1	0.316965909933323
IFNa	1249	GIGYF1	0.316719587686767
IFNa	1250	HLA-F	0.316642600982112
IFNa	1251	CLK2	0.316400914889701
IFNa	1252	KIAA0513	0.316322782050015
IFNa	1253	PES1	0.316296067844702
IFNa	1254	ACP2	0.316154005289742
IFNa	1255	LZTR1	0.316135718695242
IFNa	1256	GPR183	0.316054501357231
IFNa	1257	JAKMIP2	0.315962076258061
IFNa	1258	GCNT2	0.315958560753569
IFNa	1259	TESK1	0.315672747681411
IFNa	1260	RMI2	0.315608266615695
IFNa	1261	SERPINB9	0.315601683601663
IFNa	1262	GIMAP7	0.315541405369209
IFNa	1263	ARHGAP45	0.315497981494847
IFNa	1264	BANP	0.315429163287773
IFNa	1265	ELK4	0.315345164558676
IFNa	1266	KIF18A	0.315321419409324
IFNa	1267	HNRNPUL2	0.315160346858796
IFNa	1268	GPD2	0.315127632412415
IFNa	1269	HSPE1	0.314817795273566
IFNa	1270	PLEKHO1	0.314709805015907
IFNa	1271	DCUN1D3	0.314428000370122
IFNa	1272	MAP3K14-AS1	0.314041336033484
IFNa	1273	CDKN1B	0.313931934668234
IFNa	1274	AKAP1	0.313892726925717
IFNa	1275	NACC2	0.313723195823153
IFNa	1276	KPNB1	0.313299926848761
IFNa	1277	CYFIP2	0.312885720684795
IFNa	1278	SAR1A	0.31271219633417
IFNa	1279	MAP2K3	0.312407314609886
IFNa	1280	RUSF1	0.311994505996208
IFNa	1281	ZNF865	0.311878187007246
IFNa	1282	PANK4	0.311736362840136
IFNa	1283	PRMT5	0.31171286586631
IFNa	1284	ZNF366	0.311541555104931
IFNa	1285	ARHGDIA	0.311537646070366
IFNa	1286	CARMIL1	0.311307471701236
IFNa	1287	PARVG	0.311166740721045
IFNa	1288	RNF5	0.311130032485452
IFNa	1289	RAPGEF2	0.310863802488135
IFNa	1290	CD72	0.310743375412744
IFNa	1291	RUVBL1	0.310714653253786
IFNa	1292	CLUAP1	0.310191630974087
IFNa	1293	LDLRAP1	0.310153462074618
IFNa	1294	PRKCSH	0.30980402583737
IFNa	1295	MTA2	0.309766946366714
IFNa	1296	LCP2	0.309730356677747
IFNa	1297	PHF1	0.309446626156266
IFNa	1298	MTHFD2	0.309353180691131
IFNa	1299	NXF1	0.309336431248709
IFNa	1300	LINC01355	0.309249073573692
IFNa	1301	DMXL2	0.30892816557143
IFNa	1302	NOMO2	0.308764759205693
IFNa	1303	PLCG1	0.308601602553679
IFNa	1304	KCTD12	0.308539815600638
IFNa	1305	IRF4	0.30852973158529
IFNa	1306	IL12RB1	0.30846061283551
IFNa	1307	GPR160	0.308233234672698
IFNa	1308	SEC61A1	0.308199216397509
IFNa	1309	LPIN2	0.308029726313072
IFNa	1310	EGLN2	0.307897844268485
IFNa	1311	SMG8	0.307879904405788
IFNa	1312	IGF2R	0.307738128639858
IFNa	1313	ZNF787	0.307494776375075
IFNa	1314	PSMD11	0.307465112191023
IFNa	1315	BCL11B	0.307283757208917
IFNa	1316	ACLY	0.307155644292757
IFNa	1317	RAB12	0.306897856645708
IFNa	1318	ENSG00000280441	0.30676512321612
IFNa	1319	SPIRE1	0.306725193844132
IFNa	1320	WASHC2A	0.306624646136822
IFNa	1321	MAP3K11	0.306488295380041
IFNa	1322	FRRS1	0.306304102392114
IFNa	1323	SLAMF7	0.305732676753596
IFNa	1324	PTP4A1	0.305587591287591
IFNa	1325	ZC3HAV1	0.305582357966883
IFNa	1326	SASH1	0.305569965727232
IFNa	1327	GNPDA1	0.305546387714193
IFNa	1328	VPS37B	0.305455790571101
IFNa	1329	LDAF1	0.305348279276199
IFNa	1330	PCNX1	0.305279179137365
IFNa	1331	DDX11	0.305209780982502
IFNa	1332	ENSG00000173366	0.305131440258596
IFNa	1333	SLC12A7	0.304870540500022
IFNa	1334	MIR29B2CHG	0.304117774981459
IFNa	1335	GLIPR2	0.303965834131317
IFNa	1336	PBXIP1	0.303770513417065
IFNa	1337	PYGO2	0.303730764877915
IFNa	1338	SELENOO	0.303644856849848
IFNa	1339	NRIP1	0.303484852161237
IFNa	1340	SMYD5	0.303345229216408
IFNa	1341	ITGB7	0.303231982097096
IFNa	1342	AP5B1	0.30323048264944
IFNa	1343	SIPA1L2	0.303175897990615
IFNa	1344	PRNCR1	0.302964790174972
IFNa	1345	HCG27	0.302924969595186
IFNa	1346	MYPOP	0.302868969917665
IFNa	1347	SDHA	0.302826647019383
IFNa	1348	C2orf27A	0.302675950813142
IFNa	1349	CYB561A3	0.302156740295129
IFNa	1350	ATP6V1H	0.302100964623276
IFNa	1351	MYC	0.302038757565263
IFNa	1352	ADPRH	0.301644298330597
IFNa	1353	CD180	0.301592509485347
IFNa	1354	LSM1	0.301514212206161
IFNa	1355	SPI1	0.301471506851295
IFNa	1356	CD164	0.301412225199782
IFNa	1357	DDX23	0.301401581114293
IFNa	1358	P2RX5	0.30123405821478
IFNa	1359	MTX3	0.301210186771781
IFNa	1360	FKBP4	0.301098710611548
IFNa	1361	NDUFA9	0.300910417302341
IFNa	1362	SETBP1	0.300736281877832
IFNa	1363	UTP4	0.300716281839742
IFNa	1364	FLCN	0.300633896648077
IFNa	1365	TFIP11	0.300437010089673
IFNa	1366	MBOAT1	0.300432281193633
IFNa	1367	CAPN10	0.300355110364984
IFNa	1368	FNBP4	0.300278560833235
IFNa	1369	C19orf47	0.300240940153414
IFNa	1370	MRPS18A	0.300117771060586
IFNa	1371	CPT1B	0.299986079745488
IFNa	1372	GPR155	0.299710068166381
IFNa	1373	LINC02362	0.299639509432669
IFNa	1374	RGP1	0.299424371062108
IFNa	1375	NBN	0.299274676056934
IFNa	1376	PGGHG	0.299273006089925
IFNa	1377	CCDC102A	0.299117258400511
IFNa	1378	ENPP4	0.298689946088012
IFNa	1379	NEU1	0.298602578071427
IFNa	1380	NFKBIB	0.298589817412594
IFNa	1381	SERPINB8	0.298414317143784
IFNa	1382	HDAC9	0.298355263504678
IFNa	1383	USP6NL	0.298345581587277
IFNa	1384	BLTP1	0.298329054100971
IFNa	1385	ZC3H12D	0.298319952169025
IFNa	1386	METTL22	0.297997993302209
IFNa	1387	LINC02416	0.297808829497329
IFNa	1388	ABHD17A	0.297738183535384
IFNa	1389	CDYL2	0.297735533154978
IFNa	1390	IFI30	0.297555871016688
IFNa	1391	TRIM41	0.297402161299274
IFNa	1392	ATXN7L3B	0.297203190016713
IFNa	1393	PLCB2	0.296948206047005
IFNa	1394	GBE1	0.2967305363824
IFNa	1395	RGMB	0.296613284664409
IFNa	1396	STXBP2	0.296546642523881
IFNa	1397	ENSG00000230773	0.296288938026639
IFNa	1398	SCML4	0.296113997151626
IFNa	1399	SLC23A2	0.296040633004849
IFNa	1400	COG1	0.295714224160898
IFNa	1401	FLT3LG	0.295477760420548
IFNa	1402	PHRF1	0.295357268802347
IFNa	1403	SERPINH1	0.295338904589796
IFNa	1404	WASL	0.295010817249057
IFNa	1405	LINC02100	0.294942454359266
IFNa	1406	VASP	0.294825919661707
IFNa	1407	STOM	0.294802102347019
IFNa	1408	RAB10	0.294478090390129
IFNa	1409	CANT1	0.294163370420746
IFNa	1410	C18orf25	0.29404554304152
IFNa	1411	P2RX7	0.293746340794341
IFNa	1412	RERE-AS1	0.293679404847686
IFNa	1413	KLHL29	0.293661632137475
IFNa	1414	RBM18	0.293166636835811
IFNa	1415	ICAM1	0.293160536096409
IFNa	1416	TTC7B	0.29285112292865
IFNa	1417	EIF4EBP2	0.292716320999763
IFNa	1418	ATP8B4	0.292681213897353
IFNa	1419	CCAR2	0.292240121804463
IFNa	1420	C16orf54	0.291848604752278
IFNa	1421	PPP3CC	0.291791258669374
IFNa	1422	NLRC5	0.291462536584449
IFNa	1423	SDF4	0.291372874760516
IFNa	1424	TLK2	0.291135615042503
IFNa	1425	ENGASE	0.29113025732562
IFNa	1426	WHAMMP2	0.291112663929915
IFNa	1427	FOSL2	0.291079393842153
IFNa	1428	QARS1	0.290699994277574
IFNa	1429	PRR5-ARHGAP8	0.290654553694139
IFNa	1430	STAC3	0.290621719321433
IFNa	1431	AP4B1	0.290355736189828
IFNa	1432	CAPN1	0.290324741806299
IFNa	1433	UBE2A	0.290290511813168
IFNa	1434	CD83	0.290219325699376
IFNa	1435	BORA	0.290027054385001
IFNa	1436	SRCAP	0.289789740534418
IFNa	1437	AACS	0.289564349835516
IFNa	1438	CLEC1A	0.289464325138415
IFNa	1439	SYNE2	0.28940137344162
IFNa	1440	ARHGAP27	0.289344266554636
IFNa	1441	TMEM234	0.288989521768501
IFNa	1442	SMAD3	0.288524351109673
IFNa	1443	S100A11	0.288426090335052
IFNa	1444	MCM2	0.288313338580574
IFNa	1445	EIF4E3	0.288196458331046
IFNa	1446	LSP1	0.288165815300624
IFNa	1447	TOMM34	0.288065513602988
IFNa	1448	CTNNBL1	0.287508631131765
IFNa	1449	SLC41A2	0.28741816990149
IFNa	1450	ARMT1	0.287416857521033
IFNa	1451	ELF4	0.287192783508934
IFNa	1452	ERCC5	0.287059568269104
IFNa	1453	HLA-DRB1	0.286866074592343
IFNa	1454	BLTP3A	0.286832331845488
IFNa	1455	ENSG00000289899	0.286691655382297
IFNa	1456	FES	0.286602442009498
IFNa	1457	STARD4	0.286421067080356
IFNa	1458	BLZF1	0.286215675463093
IFNa	1459	BAG6	0.285975133639675
IFNa	1460	TMUB1	0.285972713000645
IFNa	1461	NLK	0.285965383812068
IFNa	1462	ZNF512	0.285919890597271
IFNa	1463	LINC02611	0.285810237928999
IFNa	1464	SLC31A1	0.285520077767087
IFNa	1465	SRF	0.28542487798134
IFNa	1466	EDC4	0.285333619006619
IFNa	1467	MRPS22	0.285252039154995
IFNa	1468	SNAPC4	0.285066777259978
IFNa	1469	UCKL1	0.285059047832244
IFNa	1470	ENSG00000285458	0.284907322717921
IFNa	1471	SUPT5H	0.284334794149331
IFNa	1472	NEU3	0.28421271635271
IFNa	1473	ENSG00000255026	0.284190444211463
IFNa	1474	ENSG00000262580	0.284146013621473
IFNa	1475	ATP8B1-AS1	0.283921456135756
IFNa	1476	L3MBTL4	0.283779576408549
IFNa	1477	CEP164	0.283777680645031
IFNa	1478	LINC-PINT	0.283757658454856
IFNa	1479	CXCR5	0.283747690977565
IFNa	1480	NECTIN2	0.283732266656511
IFNa	1481	L3MBTL2	0.283578071649024
IFNa	1482	PCIF1	0.283510438308136
IFNa	1483	BMPR2	0.283282210351944
IFNa	1484	TAF1C	0.28321859017201
IFNa	1485	PLAGL2	0.283167688350622
IFNa	1486	ENSG00000237461	0.283092551997222
IFNa	1487	MOB2	0.283025447752338
IFNa	1488	MTFR1L	0.283017245883637
IFNa	1489	CREM	0.282925249938661
IFNa	1490	FANCL	0.282691199348338
IFNa	1491	LDB1	0.282589092762347
IFNa	1492	CPEB2	0.282404623740462
IFNa	1493	ENTR1	0.28227019523422
IFNa	1494	RAB8B	0.282250206400894
IFNa	1495	LSS	0.28217549376313
IFNa	1496	ZSCAN9	0.281823149567686
IFNa	1497	FAM111A	0.28166850357309
IFNa	1498	CYTH4	0.281595502986827
IFNa	1499	FLNA	0.281564324068696
IFNa	1500	URB1	0.281489326142577
IFNa	1501	ARAP2	0.281204096380208
IFNa	1502	ZKSCAN5	0.281130363052458
IFNa	1503	CORO1A	0.280780432660372
IFNa	1504	C9orf72	0.280770855630923
IFNa	1505	CCDC136	0.280653452177816
IFNa	1506	PATL1	0.280528636071809
IFNa	1507	SLA2	0.280218053000206
IFNa	1508	TRAF2	0.280110764344206
IFNa	1509	SUGT1P3	0.279777858969459
IFNa	1510	ZNF512B	0.279591676713367
IFNa	1511	HUS1	0.279226555506585
IFNa	1512	PIP4P1	0.279226295467955
IFNa	1513	PRR14	0.279156402014219
IFNa	1514	DBF4B	0.279127972149965
IFNa	1515	TAB3	0.279083707533415
IFNa	1516	LEXM	0.2789295964163
IFNa	1517	ENSG00000289406	0.27882315794546
IFNa	1518	FMNL1	0.278820169755069
IFNa	1519	ZRSR2	0.278201413428246
IFNa	1520	LIMK2	0.278053048382117
IFNa	1521	ZNF107	0.277506897004727
IFNa	1522	RNF123	0.277431872061635
IFNa	1523	MTMR8	0.277431088559188
IFNa	1524	PRKCE	0.277376985278065
IFNa	1525	ABI1	0.277340392202871
IFNa	1526	SLC1A5	0.277203367672525
IFNa	1527	LINC02446	0.277190173062342
IFNa	1528	WDR81	0.276958090060774
IFNa	1529	UBFD1	0.27638644439852
IFNa	1530	HEXIM1	0.276337237596583
IFNa	1531	KLHL15	0.276158853236726
IFNa	1532	TMEM41A	0.275945247415103
IFNa	1533	NOD1	0.275914513033046
IFNa	1534	SHISA5	0.2758430727901
IFNa	1535	VPS72	0.275622928210829
IFNa	1536	ZNF8	0.275613240769854
IFNa	1537	DESI1	0.275317826924513
IFNa	1538	SNAP47	0.275309246029702
IFNa	1539	AGTRAP	0.275116756937746
IFNa	1540	PSMD2	0.274843022899208
IFNa	1541	ZFP41	0.274751881468197
IFNa	1542	ZBTB7B	0.274747957462632
IFNa	1543	HOMEZ	0.274737699884692
IFNa	1544	SLC38A6	0.27460894127078
IFNa	1545	NEDD4	0.27449776270882
IFNa	1546	EZH2	0.274420891749282
IFNa	1547	SNHG12	0.27437225277403
IFNa	1548	ZFYVE27	0.274203657413527
IFNa	1549	SLC16A3	0.274202566936044
IFNa	1550	NAPB	0.274023230545401
IFNa	1551	PCK2	0.273985760747533
IFNa	1552	PLD1	0.273569437804903
IFNa	1553	TRIM69	0.273418302364863
IFNa	1554	HSD3B7	0.273314600629695
IFNa	1555	PI4K2B	0.273303118422023
IFNa	1556	VIM	0.272973238709015
IFNa	1557	B3GALT4	0.272870865446045
IFNa	1558	TTC39B	0.272687396699486
IFNa	1559	PILRA	0.272658770557811
IFNa	1560	PIEZO1	0.272584984112845
IFNa	1561	CTSB	0.27251432321226
IFNa	1562	NACC1	0.272483443248444
IFNa	1563	DNAJB4	0.272062058796875
IFNa	1564	ELOF1	0.272045904027663
IFNa	1565	RANGAP1	0.271779021182463
IFNa	1566	HNRNPK	0.271644921449263
IFNa	1567	TMEM63B	0.271608009065527
IFNa	1568	ARL8B	0.271418708506907
IFNa	1569	ZNF622	0.271107309670424
IFNa	1570	HIVEP1	0.270975076973262
IFNa	1571	GSTK1	0.270449011472509
IFNa	1572	CTSZ	0.270377791426884
IFNa	1573	IRF2	0.270236125017076
IFNa	1574	NME8	0.270215313451635
IFNa	1575	PLXNA3	0.270157557595714
IFNa	1576	HINFP	0.270143827544226
IFNa	1577	SMAP2	0.270085115002018
IFNa	1578	SNRPD1	0.26995991395197
IFNa	1579	TXLNGY-1	0.269874495766953
IFNa	1580	SPOUT1	0.269518365661857
IFNa	1581	RUBCN	0.269474035953716
IFNa	1582	LINC01410	0.269455663437055
IFNa	1583	ARL8A	0.269153045627377
IFNa	1584	IGF2BP2	0.268957854131981
IFNa	1585	ARAP1	0.268902143526778
IFNa	1586	TENT5C	0.268755540153168
IFNa	1587	ANKRD40	0.268745079989569
IFNa	1588	SRGAP2D	0.268612568324267
IFNa	1589	OTULIN	0.268570290205626
IFNa	1590	GPRASP1	0.268318762820897
IFNa	1591	TTC32	0.268290324715513
IFNa	1592	SETX	0.268242032130919
IFNa	1593	NPM1	0.268175519322753
IFNa	1594	PATZ1	0.267980677529886
IFNa	1595	ENSG00000290199	0.267884346939945
IFNa	1596	RHOH	0.267874218493161
IFNa	1597	SRI	0.267402129711776
IFNa	1598	KLHL21	0.267234203300975
IFNa	1599	MYO10	0.267197751512135
IFNa	1600	FCRLA	0.267181851306921
IFNa	1601	DOCK8	0.267132966252727
IFNa	1602	BTN3A1	0.267022156260984
IFNa	1603	CFAP70	0.266888027824943
IFNa	1604	CIR1	0.266846604258204
IFNa	1605	FAM171A1	0.266832549449819
IFNa	1606	HMGA1	0.266831773900646
IFNa	1607	PARP8	0.266796753195712
IFNa	1608	GTF2F1	0.266676239082424
IFNa	1609	ZNF844	0.266530775332625
IFNa	1610	PITX1-AS1	0.266374252683395
IFNa	1611	OTUD6B	0.265924927803809
IFNa	1612	FAM53C	0.265913569635373
IFNa	1613	ENSG00000284685	0.265897053948029
IFNa	1614	FIS1	0.265883379544251
IFNa	1615	PRPF3	0.26587037993844
IFNa	1616	TMA7	0.265550880214836
IFNa	1617	HNRNPH2	0.265420374735745
IFNa	1618	HDAC4	0.265392185279974
IFNa	1619	VAC14	0.265371086841663
IFNa	1620	PDSS1	0.265346605661985
IFNa	1621	UBTD1	0.26524613641437
IFNa	1622	MFSD9	0.265222421780384
IFNa	1623	TPTE2P6	0.265187411956251
IFNa	1624	PCGF5	0.265118945746876
IFNa	1625	KLF13	0.265072076004074
IFNa	1626	YWHAH	0.265067660771197
IFNa	1627	CRYZ	0.264970820888989
IFNa	1628	ENSG00000235111	0.264931994069957
IFNa	1629	ENSG00000236449	0.264881900093501
IFNa	1630	GRIP1	0.264848776940582
IFNa	1631	GNE	0.264846434881087
IFNa	1632	PLXNB2	0.264612989457263
IFNa	1633	C3AR1	0.264189612531096
IFNa	1634	RARA	0.264130193658554
IFNa	1635	BLVRB	0.263969892509867
IFNa	1636	C4orf3	0.26385193692991
IFNa	1637	GTPBP6	0.263817468707133
IFNa	1638	RCC2	0.263751828598479
IFNa	1639	HEXB	0.263623781639884
IFNa	1640	PRKAB1	0.263542890355977
IFNa	1641	ZNF438	0.263449535783906
IFNa	1642	SDSL	0.263415509647216
IFNa	1643	TUBA1B	0.263334497476473
IFNa	1644	EMILIN2	0.263333978093456
IFNa	1645	TIPARP	0.263272246426409
IFNa	1646	SPATS2	0.263217082893858
IFNa	1647	ODF2L	0.263079117863499
IFNa	1648	PDE4DIPP2	0.262998373483074
IFNa	1649	ID2	0.262952956068257
IFNa	1650	BCL2L1-AS1	0.262899573212254
IFNa	1651	GCNT4	0.262838815524413
IFNa	1652	SKP2	0.262813995471915
IFNa	1653	PFKFB2	0.262811176765918
IFNa	1654	ZFPM1	0.262804835461843
IFNa	1655	ADD2	0.262730541383026
IFNa	1656	TBC1D2	0.262625448190778
IFNa	1657	PRDM4	0.262517111627974
IFNa	1658	EI24	0.262483478652215
IFNa	1659	CAMSAP1	0.262352640547
IFNa	1660	RPS7	0.262341276468628
IFNa	1661	RNF40	0.262190024785963
IFNa	1662	TRIM62	0.26216053548219
IFNa	1663	SIKE1	0.262113491674912
IFNa	1664	BCAP31	0.262065743147463
IFNa	1665	SLC22A18	0.262044157747794
IFNa	1666	TUBB4B	0.261802782476519
IFNa	1667	MARCHF8	0.261793112026759
IFNa	1668	CNPY4	0.261687713183411
IFNa	1669	ACE	0.26167542410987
IFNa	1670	PRDM11	0.261648209265727
IFNa	1671	NAMPT	0.261574873766838
IFNa	1672	ADAM20	0.261443458301372
IFNa	1673	ZNF202	0.261438627136141
IFNa	1674	GLS	0.261416494763779
IFNa	1675	KIF1C	0.261286017829478
IFNa	1676	THOP1	0.26121272858226
IFNa	1677	CRKL	0.261023140914478
IFNa	1678	PAX8-AS1	0.261007386915865
IFNa	1679	ZFAS1	0.260968998800129
IFNa	1680	NOB1	0.260939660908285
IFNa	1681	GMFB	0.260863558616247
IFNa	1682	CNN2	0.260737156468172
IFNa	1683	NSFL1C	0.260521518475911
IFNa	1684	ABCF2	0.260381535375025
IFNa	1685	RAB5C	0.260345106213724
IFNa	1686	DERL1	0.26025573161298
IFNa	1687	CALR	0.26019190431441
IFNa	1688	SPTBN5	0.259956057326237
IFNa	1689	RENBP	0.259613625460449
IFNa	1690	TANK	0.259430958160801
IFNa	1691	SLC35A4	0.259238342516151
IFNa	1692	JPT1	0.259122912461377
IFNa	1693	AARS1	0.258987122926076
IFNa	1694	BID	0.258821034245133
IFNa	1695	BPNT2	0.258801594997993
IFNa	1696	NOTCH2NLA	0.258293220162721
IFNa	1697	MAGOHB	0.258278740046905
IFNa	1698	SERPINB1	0.258089749339228
IFNa	1699	SEC24C	0.257870707587054
IFNa	1700	ACCS	0.257789534137041
IFNa	1701	PTK2B	0.257728858536088
IFNa	1702	CASP9	0.257609836078483
IFNa	1703	TTF2	0.257569505070692
IFNa	1704	SAMD12	0.257505679522114
IFNa	1705	TCOF1	0.257486989738394
IFNa	1706	SPTLC2	0.257241223063231
IFNa	1707	CLDND1	0.25714350534933
IFNa	1708	IGKC	0.256796181002772
IFNa	1709	MMAA	0.2566353103816
IFNa	1710	BTN2A2	0.256633566883702
IFNa	1711	NDOR1	0.256551988585993
IFNa	1712	SNF8	0.256246159284479
IFNa	1713	PDAP1	0.256049362443125
IFNa	1714	KIF1B	0.255939917084026
IFNa	1715	ANXA5	0.255895360631174
IFNa	1716	PPP4C	0.255737657904877
IFNa	1717	ZNF79	0.255712218656218
IFNa	1718	GIMAP1	0.255679331545131
IFNa	1719	ADAMDEC1	0.255606305849882
IFNa	1720	ZFYVE26	0.255420685433512
IFNa	1721	LNX2	0.255384512709944
IFNa	1722	ZPR1	0.255327814538011
IFNa	1723	REPIN1	0.255221057700464
IFNa	1724	ZNF783	0.255057286847016
IFNa	1725	LINC02328	0.254995462491459
IFNa	1726	CITED2	0.254851511719081
IFNa	1727	HS1BP3	0.254840303653632
IFNa	1728	TRIM28	0.254824221418848
IFNa	1729	RRP1	0.254534060281632
IFNa	1730	NIPAL3	0.254444359225733
IFNa	1731	UCHL5	0.254329310949002
IFNa	1732	MSMO1	0.254282704942126
IFNa	1733	ENSG00000274642	0.253813019609411
IFNa	1734	ZC3H12A	0.253807222972178
IFNa	1735	ARAF	0.253758044070975
IFNa	1736	PIM3	0.253616250699262
IFNa	1737	NTAN1	0.253535188800894
IFNa	1738	DCTN2	0.253375016895562
IFNa	1739	PROSER1	0.253371793131644
IFNa	1740	KPNA2	0.253367078604033
IFNa	1741	GAS7	0.253303376687217
IFNa	1742	PHF5A	0.253281164928493
IFNa	1743	ANO9	0.253264561199602
IFNa	1744	RIOK1	0.253209969151725
IFNa	1745	CREBRF	0.253200834903173
IFNa	1746	NDUFS2	0.253134414052844
IFNa	1747	SIRT7	0.253071857042768
IFNa	1748	DLG3	0.253036616793056
IFNa	1749	ENSG00000287265	0.252955428052341
IFNa	1750	TNFRSF1B	0.252838359035034
IFNa	1751	SUB1	0.252642414062417
IFNa	1752	HMGCS1	0.252616265864113
IFNa	1753	GPR141	0.252511056795196
IFNa	1754	SGMS1	0.252275002659243
IFNa	1755	PSMB7	0.251907250635654
IFNa	1756	RELA	0.251826921303975
IFNa	1757	ZNF134	0.251790139952329
IFNa	1758	DNAJC14	0.251776667131102
IFNa	1759	VRK3	0.251713613406056
IFNa	1760	EIF5A	0.25160625767811
IFNa	1761	TRIM8	0.251555688894679
IFNa	1762	GALNS	0.251552402844099
IFNa	1763	FMR1	0.251546973103473
IFNa	1764	LBHD1	0.25133581919013
IFNa	1765	ENSG00000285579	0.251048644046821
IFNa	1766	PER1	0.251030538694542
IFNa	1767	STX17	0.250838250862416
IFNa	1768	ACTN4	0.250747822499861
IFNa	1769	CRACR2A	0.250632542269179
IFNa	1770	SHB	0.25059999453504
IFNa	1771	XPO1	0.250287945234288
IFNa	1772	UBE2F	0.25023378545686
IFNa	1773	PSMD1	0.250179637351181
IFNa	1774	SLC15A4	0.250151122058873
IFNa	1775	CYBC1	0.250065798705335
IFNa	1776	ARFRP1	0.24998985994637
IFNa	1777	PNPLA6	0.249809411678312
IFNa	1778	CREB3	0.249787918964157
IFNa	1779	ZNF731P	0.249618224320988
IFNa	1780	PCMTD2	0.249612781324892
IFNa	1781	CD2AP	0.249517885240312
IFNa	1782	TERF2IP	0.249483315536163
IFNa	1783	GCOM1	0.24944804194624
IFNa	1784	PFAS	0.249356761330649
IFNa	1785	MAT2A	0.249335200999311
IFNa	1786	CD48	0.249316142698644
IFNa	1787	KIAA1191	0.249152034701693
IFNa	1788	SART1	0.249146454182919
IFNa	1789	CLIC2	0.249004318674667
IFNa	1790	TFEB	0.248960087739456
IFNa	1791	ENSG00000224905	0.248870069003174
IFNa	1792	HNRNPU	0.248839555354817
IFNa	1793	DAPK3	0.248648888143604
IFNa	1794	FYTTD1	0.248571272908715
IFNa	1795	LRRC34	0.248549983451165
IFNa	1796	FTSJ3	0.248505394308284
IFNa	1797	IMPA1	0.248406504120465
IFNa	1798	CXXC1	0.248085486970413
IFNa	1799	LETM1	0.248000471657022
IFNa	1800	TMEM18	0.247915283563549
IFNa	1801	MADD	0.247819774855522
IFNa	1802	EIF4G1	0.247607577137577
IFNa	1803	RAB11FIP4	0.24757099164755
IFNa	1804	ZNF550	0.247461393720883
IFNa	1805	TMEM35B	0.24745381106351
IFNa	1806	MR1	0.247425153386431
IFNa	1807	QSOX2	0.247419990167107
IFNa	1808	PDHA1	0.247329838950911
IFNa	1809	SPTAN1	0.247159949625337
IFNa	1810	ARPC5L	0.247075609967061
IFNa	1811	L2HGDH	0.246945774473239
IFNa	1812	LINC01504	0.246913482181002
IFNa	1813	NBPF19	0.246808702909922
IFNa	1814	EIF3B	0.246747000977695
IFNa	1815	MAGED2	0.246730014331316
IFNa	1816	TMEM138	0.246449018487164
IFNa	1817	RAB39A	0.246388294953397
IFNa	1818	SFT2D2	0.246061824898877
IFNa	1819	TMEM185A	0.24601843189302
IFNa	1820	CLCN6	0.245967103607688
IFNa	1821	TADA2B	0.245921724840688
IFNa	1822	CCR5AS	0.245611184694915
IFNa	1823	MCM7	0.245604372390997
IFNa	1824	NPEPL1	0.245593281761857
IFNa	1825	ALDH16A1	0.245540764914316
IFNa	1826	LONP1	0.245538520969663
IFNa	1827	TMC6	0.245421124709515
IFNa	1828	ALAS1	0.24526278823178
IFNa	1829	CIB1	0.245169518250953
IFNa	1830	FGD2	0.245143100465729
IFNa	1831	TTYH3	0.245101479148853
IFNa	1832	PPP1R16B	0.245068654128506
IFNa	1833	PEF1	0.244986457245762
IFNa	1834	DCBLD1	0.244595053923122
IFNa	1835	FERMT3	0.244590309826854
IFNa	1836	HSP90AB1	0.244570939349862
IFNa	1837	ETF1	0.24455064259468
IFNa	1838	PNKD	0.244269660812822
IFNa	1839	CCL5	0.24422048722744
IFNa	1840	CTIF	0.244193916100451
IFNa	1841	CCDC90B	0.244178685254477
IFNa	1842	PLAA	0.244170188311904
IFNa	1843	NID1	0.244101792969543
IFNa	1844	MAT2B	0.243882324811391
IFNa	1845	STT3A	0.243782211377608
IFNa	1846	ENSG00000291067	0.243731417023502
IFNa	1847	SLC35C2	0.24366236028641
IFNa	1848	DUSP16	0.243563313439097
IFNa	1849	ENSG00000249988	0.243527695319949
IFNa	1850	MED26	0.24327594180079
IFNa	1851	PPRC1	0.243145056584345
IFNa	1852	BCKDHA	0.243004239950132
IFNa	1853	SP1	0.242945429539214
IFNa	1854	PPP2R5D	0.242937557829122
IFNa	1855	CCDC88B	0.24289268123737
IFNa	1856	ALS2	0.242824248007287
IFNa	1857	MAFK	0.242807485029406
IFNa	1858	MDM2	0.242683838755976
IFNa	1859	ANXA1	0.242472845107221
IFNa	1860	CDH23	0.242389490847986
IFNa	1861	ENSG00000290569	0.242139045397638
IFNa	1862	PDCD5	0.24199041980894
IFNa	1863	MFAP1	0.241989139510907
IFNa	1864	YIPF1	0.241883297613161
IFNa	1865	C4orf33	0.241785318946986
IFNa	1866	PSMB10	0.241750276118421
IFNa	1867	RRAGC	0.241729389267149
IFNa	1868	RNF139	0.241657182603532
IFNa	1869	PSMD3	0.241637285302496
IFNa	1870	AGK	0.241569886130093
IFNa	1871	UBE2Q1	0.241131346006366
IFNa	1872	CDC37L1	0.241102610512819
IFNa	1873	HEXD	0.241052863039144
IFNa	1874	WIPF1	0.241025305472521
IFNa	1875	CAPN3	0.240967645504936
IFNa	1876	RIOX2	0.240770674290757
IFNa	1877	TGDS	0.240763209057571
IFNa	1878	ENSG00000285708	0.240684357939514
IFNa	1879	SRP68	0.240666021348046
IFNa	1880	HARS1	0.240654720408449
IFNa	1881	KLRC3	0.240580023931448
IFNa	1882	RPL19	0.240494578584205
IFNa	1883	NBEAL2	0.240481485282776
IFNa	1884	SCRN1	0.240447099575845
IFNa	1885	SLC25A32	0.240383520661516
IFNa	1886	TM9SF5P	0.240372878073539
IFNa	1887	LMBR1	0.24036472264328
IFNa	1888	XYLT2	0.240277837434961
IFNa	1889	NTAQ1	0.240211336491988
IFNa	1890	TSPYL1	0.240117778339313
IFNa	1891	PAPOLG	0.239996662840254
IFNa	1892	PLEK	0.239746566154482
IFNa	1893	MAEA	0.239596215432478
IFNa	1894	TUBB	0.239406854090415
IFNa	1895	SCYL3	0.23939381281401
IFNa	1896	HPS5	0.239393357407993
IFNa	1897	SSBP3	0.239191296504658
IFNa	1898	SEPHS2	0.23915559284202
IFNa	1899	TNFRSF1A	0.239039375691656
IFNa	1900	CD82	0.238656350027848
IFNa	1901	TENT2	0.238635914247306
IFNa	1902	FZR1	0.238605315905604
IFNa	1903	ETV6	0.238522508015309
IFNa	1904	PSMA4	0.238410075650616
IFNa	1905	MUS81	0.238402672124567
IFNa	1906	GSE1	0.238382807593168
IFNa	1907	MACROH2A2	0.23835978683877
IFNa	1908	CDK17	0.238356830776818
IFNa	1909	SLC6A6	0.238281825440531
IFNa	1910	PLCL1	0.238029152753288
IFNa	1911	GNL2	0.237995140205849
IFNa	1912	EIF6	0.237903275952762
IFNa	1913	ADCK1	0.237901561690957
IFNa	1914	SMYD2	0.237883003468734
IFNa	1915	TLR4	0.23786192786629
IFNa	1916	B4GALT4	0.237847560682248
IFNa	1917	PEPD	0.237797454573219
IFNa	1918	FARP2	0.237760220724759
IFNa	1919	VRK2	0.237673776803865
IFNa	1920	ABTB3	0.237539641204294
IFNa	1921	LPP	0.237501139101439
IFNa	1922	ENSG00000251675	0.237465489550763
IFNa	1923	NEMP1	0.237442981411628
IFNa	1924	ADSS2	0.237271429489816
IFNa	1925	MIIP	0.237260841094922
IFNa	1926	CD247	0.237067483120583
IFNa	1927	FBXO8	0.237062483957093
IFNa	1928	ENSG00000290149	0.236966730591882
IFNa	1929	INCENP	0.236958547848282
IFNa	1930	INF2	0.236900960334676
IFNa	1931	MINK1	0.236895700205332
IFNa	1932	BCL3	0.236731326764574
IFNa	1933	HIP1R	0.236682553825361
IFNa	1934	ATP8B2	0.236527470278236
IFNa	1935	TBC1D22B	0.236468123217868
IFNa	1936	DTNBP1	0.236452117898967
IFNa	1937	LAT2	0.236410183976663
IFNa	1938	ARHGAP10	0.23640144411799
IFNa	1939	VAMP1	0.236352887704732
IFNa	1940	VCPIP1	0.236297382035268
IFNa	1941	CCDC97	0.236141872948076
IFNa	1942	CENPA	0.236119553181991
IFNa	1943	HCP5	0.23598124926155
IFNa	1944	ADPRM	0.235942647549157
IFNa	1945	FAM91A1	0.235694989313795
IFNa	1946	ATP6V1A	0.235598845856768
IFNa	1947	CDK9	0.235479129591854
IFNa	1948	STK24	0.235447012001388
IFNa	1949	PISD	0.235437140962027
IFNa	1950	QKI	0.235417398291882
IFNa	1951	ATP6V1G1	0.235386797447374
IFNa	1952	FAM104A	0.235313703188548
IFNa	1953	ENSG00000287426	0.235260553494735
IFNa	1954	ACVR1	0.234984662192146
IFNa	1955	ANGEL2	0.234959928125462
IFNa	1956	GPN2	0.234955265832222
IFNa	1957	BARD1	0.234898118832948
IFNa	1958	RUNX3	0.234849250689683
IFNa	1959	FCHSD2	0.234777842054281
IFNa	1960	SOD1	0.234603484547179
IFNa	1961	UBR7	0.234519631451236
IFNa	1962	LILRB5	0.234363825388328
IFNa	1963	SPART	0.23435982910325
IFNa	1964	HLA-C	0.234316464645816
IFNa	1965	PSMB5	0.234164870398107
IFNa	1966	TMCO4	0.234068823606037
IFNa	1967	TCF3	0.233901260883641
IFNa	1968	FBXW2	0.233845060800885
IFNa	1969	DPF2	0.233755965091275
IFNa	1970	NUP50-DT	0.233690474807443
IFNa	1971	FEM1B	0.233665574108746
IFNa	1972	ZDHHC6	0.233598391204454
IFNa	1973	TMEM43	0.2335966307452
IFNa	1974	ARHGAP17	0.23359469885752
IFNa	1975	ENSG00000225339	0.233449620771566
IFNa	1976	NOCT	0.233415803618921
IFNa	1977	DENND4B	0.233190141243725
IFNa	1978	POC5	0.233139819964606
IFNa	1979	ACTL6A	0.233009698743879
IFNa	1980	LINC01191	0.232975370447208
IFNa	1981	USPL1	0.232897310149356
IFNa	1982	AKT2	0.232889782556786
IFNa	1983	ARHGEF3	0.232700348098707
IFNa	1984	LRIF1	0.232015088746978
IFNa	1985	EPS15-AS1	0.231762843767352
IFNa	1986	USP25	0.231709716835894
IFNa	1987	TRIM11	0.231626821177705
IFNa	1988	LINC01684	0.231564830850932
IFNa	1989	STARD3	0.231225177237734
IFNa	1990	PRRG1	0.231061139136133
IFNa	1991	CARD19	0.231018545621495
IFNa	1992	NUP50	0.230985670513929
IFNa	1993	SPN	0.230971010518935
IFNa	1994	ENSG00000291228	0.230886979683964
IFNa	1995	AGPAT4	0.23082608631467
IFNa	1996	HHAT	0.230811074000469
IFNa	1997	PAK1IP1	0.230712319402601
IFNa	1998	ZBTB17	0.230674169141426
IFNa	1999	MAP7D1	0.230593794891238
IFNa	2000	CBX6	0.230573758577035
IFNa	2001	MAP3K10	0.230511644619401
IFNa	2002	ACIN1	0.230473315521985
IFNa	2003	ARHGAP30	0.230353271783503
IFNa	2004	FHIP2B	0.230352393897991
IFNa	2005	PLCG2	0.230351972819944
IFNa	2006	NOM1	0.230268668717436
IFNa	2007	MYO1E	0.230226998653793
IFNa	2008	KLHL4	0.230162011949869
IFNa	2009	SOS1	0.230150930368901
IFNa	2010	ATP10D	0.230026582610497
IFNa	2011	PSMD12	0.230005247081053
IFNa	2012	LINC00265	0.229937265240902
IFNa	2013	CLN5	0.229898252511949
IFNa	2014	LFNG	0.229888506483129
IFNa	2015	POLR2A	0.229760313427959
IFNa	2016	ADA2	0.229753908810553
IFNa	2017	RNF187	0.229728205129145
IFNa	2018	MALT1	0.229677923104657
IFNa	2019	ARHGEF40	0.229608121433141
IFNa	2020	TUBB6	0.229504947187437
IFNa	2021	FBXO7	0.229491789140807
IFNa	2022	IGSF9B	0.229326177984434
IFNa	2023	RAB27B	0.229253564471889
IFNa	2024	LTBR	0.22906770910317
IFNa	2025	RECQL5	0.228974066344675
IFNa	2026	APMAP	0.228852367476481
IFNa	2027	ZBTB26	0.228846094473643
IFNa	2028	PALS1	0.228826107661911
IFNa	2029	TBC1D13	0.228761535758822
IFNa	2030	LRPAP1	0.228430238047204
IFNa	2031	ANO6	0.228236425688102
IFNa	2032	ZC3H18	0.228196425369879
IFNa	2033	AP1AR	0.228093143186191
IFNa	2034	OPRM1	0.228088141609377
IFNa	2035	ENSG00000286825	0.228036263579135
IFNa	2036	MED16	0.228018340923598
IFNa	2037	MAML1	0.227941642000646
IFNa	2038	RASSF3	0.227848555523404
IFNa	2039	STAT3	0.227829268046565
IFNa	2040	TMEM104	0.2276608666386
IFNa	2041	PGD	0.227585906225585
IFNa	2042	MEA1	0.22752549901178
IFNa	2043	ILF3	0.227495757887085
IFNa	2044	AKT1	0.227466706248582
IFNa	2045	ITGA5	0.227422526909703
IFNa	2046	ITGAL	0.227163873525646
IFNa	2047	DCK	0.227138010567867
IFNa	2048	TSPOAP1-AS1	0.227128890146402
IFNa	2049	SMCO4	0.227077027210669
IFNa	2050	CTDSP2	0.227025787318347
IFNa	2051	GYS1	0.226994158147538
IFNa	2052	GATD1	0.226982918147634
IFNa	2053	SENP2	0.226971663638317
IFNa	2054	PCBP1-AS1	0.226901411579063
IFNa	2055	RCBTB1	0.226734486585611
IFNa	2056	SLC2A1	0.226733208319707
IFNa	2057	IKZF2	0.226707379863755
IFNa	2058	NMRK1	0.226559836534215
IFNa	2059	SOAT1	0.226549557385122
IFNa	2060	LDHA	0.226520641428847
IFNa	2061	OTUD4	0.226375618083996
IFNa	2062	CDC37	0.226304616317535
IFNa	2063	ZNF624	0.226262394187916
IFNa	2064	MYH3	0.226261592823168
IFNa	2065	SFXN3	0.226191539651109
IFNa	2066	TLE3	0.226169777122275
IFNa	2067	ENSG00000266049	0.226147716478644
IFNa	2068	NRBF2	0.22614624257287
IFNa	2069	NCSTN	0.225979876438012
IFNa	2070	MB21D2	0.225913316538477
IFNa	2071	ZNF805	0.22563405409983
IFNa	2072	CNOT7	0.225531929587633
IFNa	2073	CROCCP2	0.225521912459497
IFNa	2074	POGK	0.22544201149944
IFNa	2075	KIAA2013	0.225432038384997
IFNa	2076	PFDN6	0.225427008117548
IFNa	2077	FSD1L	0.225349946058337
IFNa	2078	LIG3	0.225318698051866
IFNa	2079	DNMT1	0.225173131959252
IFNa	2080	PABIR3	0.225171290113997
IFNa	2081	DDX39A	0.224989969438339
IFNa	2082	MLLT1	0.224710088080578
IFNa	2083	MRPL44	0.224390218213388
IFNa	2084	ANXA2	0.224344973746408
IFNa	2085	C6orf62	0.224317619775002
IFNa	2086	ARCN1	0.22430684687102
IFNa	2087	MFN1	0.224254074131567
IFNa	2088	MPZL3	0.224170965884193
IFNa	2089	KDM5C	0.224150259807573
IFNa	2090	EFCAB11	0.224146616203235
IFNa	2091	ZNF267	0.224107111287603
IFNa	2092	MCOLN1	0.224070712780283
IFNa	2093	MNT	0.224049437504489
IFNa	2094	CCDC146	0.224043154322526
IFNa	2095	CLIC1	0.223995580812938
IFNa	2096	TMCO3	0.223987618463608
IFNa	2097	MSH6	0.223944422556036
IFNa	2098	PPID	0.223923551479852
IFNa	2099	PCBP2	0.223883677410566
IFNa	2100	C1D	0.223816981181107
IFNa	2101	H6PD	0.223795490028185
IFNa	2102	YIPF3	0.223748205217186
IFNa	2103	PEX13	0.223565846369255
IFNa	2104	DGKA	0.223517736777523
IFNa	2105	DMAP1	0.22332123693735
IFNa	2106	C21orf91	0.223148921090745
IFNa	2107	ENSG00000291073	0.223111299063649
IFNa	2108	RASSF5	0.222791883719565
IFNa	2109	IL10RA	0.222737882276898
IFNa	2110	TRIM44	0.222553427838289
IFNa	2111	ENSG00000278996	0.222371810302711
IFNa	2112	IFT122	0.22236317853667
IFNa	2113	PRPF19	0.222320700356265
IFNa	2114	PSD4	0.222168882514913
IFNa	2115	ACSL5	0.222109329655537
IFNa	2116	USP46	0.222006096256126
IFNa	2117	ZDHHC13	0.221939357153259
IFNa	2118	DENND2D	0.22174124540549
IFNa	2119	TBC1D9B	0.221390585476365
IFNa	2120	ZNF362	0.22131103214655
IFNa	2121	MYCBP2	0.220866550850877
IFNa	2122	TPRA1	0.220857955141194
IFNa	2123	NRAS	0.220828717530418
IFNa	2124	SMG1P3	0.220774678897642
IFNa	2125	LSM7	0.220744598231625
IFNa	2126	TEC	0.22067565848112
IFNa	2127	PPP2R2A	0.220451381534868
IFNa	2128	TGIF1	0.220319476479854
IFNa	2129	PPP1R11	0.219990168821578
IFNa	2130	ASCC2	0.219912274745115
IFNa	2131	RBM45	0.219762417861904
IFNa	2132	PNKP	0.21976149279569
IFNa	2133	STK25	0.219744804537781
IFNa	2134	ZMIZ1	0.219646977683353
IFNa	2135	CYTH2	0.219576535291782
IFNa	2136	MLLT6	0.21951368916428
IFNa	2137	MAN2B2	0.219490858984197
IFNa	2138	COQ10B	0.219432508570924
IFNa	2139	SNRPB	0.219417265930882
IFNa	2140	SMG7	0.219372782754922
IFNa	2141	SYNM	0.219249694037965
IFNa	2142	DNAJA4	0.219180935323041
IFNa	2143	CDC42SE2	0.219109087975248
IFNa	2144	AATF	0.219071930608878
IFNa	2145	AMDHD2	0.219045210624712
IFNa	2146	TEX41	0.219019098422349
IFNa	2147	FAM53B	0.218989070441088
IFNa	2148	ERI1	0.218974574842531
IFNa	2149	RERE	0.218918554986001
IFNa	2150	ZMYM3	0.21887429684199
IFNa	2151	ANXA4	0.218776431277006
IFNa	2152	TAF1A	0.218756752092772
IFNa	2153	KDM6B	0.218538023782352
IFNa	2154	CBLL1	0.218490273313257
IFNa	2155	EFR3A	0.218389524430983
IFNa	2156	USP11	0.218350780791994
IFNa	2157	ZFYVE1	0.21828886680105
IFNa	2158	ABR	0.218165126387668
IFNa	2159	MKRN2	0.218069858203973
IFNa	2160	SEC22B	0.217905122131604
IFNa	2161	RING1	0.217862771411538
IFNa	2162	GSK3B	0.217732566413222
IFNa	2163	MYO19	0.217692503943082
IFNa	2164	ZBTB49	0.217612471407812
IFNa	2165	SLAMF6	0.217576579008606
IFNa	2166	LASP1	0.217566502793974
IFNa	2167	ENSG00000237356	0.217515154776204
IFNa	2168	SNX6	0.217484084617484
IFNa	2169	TRIP10	0.217459603091393
IFNa	2170	PLXNA2	0.217411921817424
IFNa	2171	VPS16	0.217276283678504
IFNa	2172	ZNF827	0.217236081109413
IFNa	2173	ATG3	0.217119752994508
IFNa	2174	SLC30A4	0.217025985556737
IFNa	2175	C1RL-AS1	0.217016463214422
IFNa	2176	CAMSAP2	0.216924852052752
IFNa	2177	DOT1L	0.21690684502555
IFNa	2178	LINC00847	0.216783576706881
IFNa	2179	USP22	0.216772485707157
IFNa	2180	TSC22D2	0.216664985492285
IFNa	2181	ZNF281	0.216580595249378
IFNa	2182	ZSCAN25	0.216375573775877
IFNa	2183	TTLL3	0.216326597037337
IFNa	2184	NEDD1	0.216289584748055
IFNa	2185	ATP7A	0.216215453880668
IFNa	2186	NOTCH1	0.216197880368668
IFNa	2187	CIC	0.216146692869966
IFNa	2188	RALGPS1	0.216146307973922
IFNa	2189	DOCK9	0.216097553102092
IFNa	2190	BCL2L1	0.216004951486974
IFNa	2191	BAX	0.21596773945958
IFNa	2192	ALG9	0.215921343552271
IFNa	2193	EDEM1	0.215919286672586
IFNa	2194	PRPS1	0.215877656122848
IFNa	2195	TRA2B	0.215829507657135
IFNa	2196	LIG1	0.215796510121726
IFNa	2197	ZC3H3	0.215682128525513
IFNa	2198	ACTR1B	0.215539128928231
IFNa	2199	ELF1	0.215502745330632
IFNa	2200	MICA	0.215451568304789
IFNa	2201	CASC3	0.215438350665941
IFNa	2202	CD37	0.215430678722269
IFNa	2203	ZSCAN32	0.215426098861038
IFNa	2204	RABGGTB	0.215232184340243
IFNa	2205	SAMSN1	0.215212613502673
IFNa	2206	STX18-AS1	0.215148291222651
IFNa	2207	RAB11FIP3	0.215090365969275
IFNa	2208	SMARCD1	0.214930945331925
IFNa	2209	ZBTB41	0.214785914288977
IFNa	2210	SNHG26	0.214785822588801
IFNa	2211	SHKBP1	0.214698498990197
IFNa	2212	RALA	0.214686199884868
IFNa	2213	BSDC1	0.214664645874644
IFNa	2214	KNTC1	0.214438307682483
IFNa	2215	ENSG00000283696	0.214390247606209
IFNa	2216	BTG1	0.214212225988658
IFNa	2217	RNF115	0.213664446264472
IFNa	2218	GPBP1	0.21365796388853
IFNa	2219	INO80E	0.213616194154795
IFNa	2220	GULOP	0.213498113171775
IFNa	2221	ZBTB43	0.213279955255835
IFNa	2222	RRP8	0.213155524480181
IFNa	2223	SLC45A4	0.213139639182532
IFNa	2224	NECAP2	0.213128357943095
IFNa	2225	TES	0.212922575737402
IFNa	2226	ALCAM	0.2128821850226
IFNa	2227	INTS14	0.212855538941881
IFNa	2228	TSR2	0.212716623137959
IFNa	2229	STAG3L5P-1	0.212649584340526
IFNa	2230	CYLD	0.212373472634728
IFNa	2231	ATP6V0E1	0.212372159596938
IFNa	2232	TRIM56	0.212340507168796
IFNa	2233	GABARAPL1	0.212277949408424
IFNa	2234	AKIRIN2	0.212254249470903
IFNa	2235	SDCBP	0.212215403593346
IFNa	2236	DDX54	0.211979248206956
IFNa	2237	CLK3	0.211880730896926
IFNa	2238	INO80B	0.211798358428912
IFNa	2239	EXT2	0.211766293119456
IFNa	2240	CHMP4B	0.211672682443647
IFNa	2241	REEP3	0.21158033381764
IFNa	2242	PPP4R1	0.211568596493948
IFNa	2243	RTRAF	0.211553415491427
IFNa	2244	SFPQ	0.211365739370874
IFNa	2245	SMIM12	0.211358717960975
IFNa	2246	HSP90AA1	0.211327867209607
IFNa	2247	MEX3C	0.21124630304871
IFNa	2248	BICD2	0.211209908192681
IFNa	2249	OS9	0.21112454469943
IFNa	2250	C22orf46	0.211110040183601
IFNa	2251	PIK3C2B	0.211071550623095
IFNa	2252	FAM50A	0.210908220828684
IFNa	2253	ODC1	0.210773021557102
IFNa	2254	CTSO	0.21051239013648
IFNa	2255	SLC25A30	0.210505293562426
IFNa	2256	TYSND1	0.210405518745463
IFNa	2257	LSM12	0.21037935591804
IFNa	2258	HIF1AN	0.210297764431781
IFNa	2259	PRRG4	0.210268430539693
IFNa	2260	RIC8A	0.210182532063138
IFNa	2261	PSMC5	0.210049112657228
IFNa	2262	PARP4	0.209973473293289
IFNa	2263	PTPN1	0.209898793557691
IFNa	2264	RIPK1	0.209863969376286
IFNa	2265	KICS2	0.209853148604814
IFNa	2266	WDR91	0.209796320138499
IFNa	2267	NOP56	0.209765034112785
IFNa	2268	NASP	0.209623630959811
IFNa	2269	ANKRA2	0.209505425109452
IFNa	2270	LINC01376	0.209482214476545
IFNa	2271	EPN1	0.209441048920503
IFNa	2272	ZNF587B	0.209439429846913
IFNa	2273	DIRC3	0.209376810858542
IFNa	2274	ENSG00000291171	0.209352044297879
IFNa	2275	PITRM1	0.209296516001234
IFNa	2276	SPPL2A	0.209268234219563
IFNa	2277	EEF1D	0.209152018448181
IFNa	2278	AHSA2P	0.209111731683862
IFNa	2279	LONRF1	0.209068433745519
IFNa	2280	SETDB2	0.208921175251123
IFNa	2281	RMC1	0.208841731731875
IFNa	2282	MAN1C1	0.208780334392536
IFNa	2283	CCT8	0.208758870702541
IFNa	2284	ETS1	0.208712507498486
IFNa	2285	SEPTIN7P2	0.208712252977648
IFNa	2286	TRIM39	0.208698354487168
IFNa	2287	MSANTD4	0.208599557880345
IFNa	2288	ERH	0.2085109759993
IFNa	2289	RBM38	0.208486747026491
IFNa	2290	FEM1C	0.208410588221166
IFNa	2291	SFT2D1	0.208321792563062
IFNa	2292	ZNF282	0.208308430416179
IFNa	2293	YY1AP1	0.208258772222159
IFNa	2294	MAST3	0.208252552930123
IFNa	2295	FBXL3	0.208220435609095
IFNa	2296	ZDHHC16	0.208151769122712
IFNa	2297	CRY2	0.208020002080726
IFNa	2298	RETREG2	0.207931612395245
IFNa	2299	PRKAR1A	0.207822917647028
IFNa	2300	TSC22D1	0.207804968915898
IFNa	2301	UBC	0.207762161367864
IFNa	2302	ATAD3B	0.207682805579278
IFNa	2303	RPL24	0.207471276897825
IFNa	2304	PRKCH	0.207380164685889
IFNa	2305	ATP6V1B2	0.207374230680518
IFNa	2306	SORBS3	0.207354810525243
IFNa	2307	MAN2C1	0.207334502893844
IFNa	2308	OPN3	0.207332323668464
IFNa	2309	UTP25	0.207223420670827
IFNa	2310	GALNT11	0.207206844666567
IFNa	2311	WASHC2C	0.207126810896552
IFNa	2312	LENG1	0.207124625574799
IFNa	2313	UQCRFS1	0.207114567513677
IFNa	2314	IFFO1	0.207095151402959
IFNa	2315	PPP2R1B	0.207078836755406
IFNa	2316	ERO1A	0.2068891454557
IFNa	2317	CEP250	0.206888727422287
IFNa	2318	RNF217	0.206776803759263
IFNa	2319	AP1S3	0.206750460049074
IFNa	2320	BTN3A2	0.206718346858132
IFNa	2321	ALKBH5	0.20661381724407
IFNa	2322	NORAD	0.206563834949884
IFNa	2323	PSMD7	0.206356577818652
IFNa	2324	PPIH	0.206201257154591
IFNa	2325	RICTOR	0.206174389720128
IFNa	2326	LPIN1	0.20604323102931
IFNa	2327	GCSAM	0.20601081044966
IFNa	2328	DDHD1	0.206008575384507
IFNa	2329	LINC02325	0.205867187747976
IFNa	2330	ZBTB21	0.205807143808419
IFNa	2331	PIGG	0.205684013575027
IFNa	2332	RFTN1	0.205669665621767
IFNa	2333	GORAB	0.205626785155835
IFNa	2334	ADPGK	0.205509088352476
IFNa	2335	NUDCD1	0.205472352480769
IFNa	2336	NUP205	0.20546604258647
IFNa	2337	JOSD1	0.205439230307661
IFNa	2338	GNL1	0.205368163624118
IFNa	2339	KCNA3	0.205344020138216
IFNa	2340	CHAF1A	0.205321575294601
IFNa	2341	TMEM183A	0.205261579862625
IFNa	2342	RAB33B	0.205256148403809
IFNa	2343	ELAC2	0.205251187041225
IFNa	2344	MTUS1	0.205207802783807
IFNa	2345	RNASEL	0.205157875304458
IFNa	2346	RUNDC1	0.205130825562652
IFNa	2347	MIGA2	0.205129400449998
IFNa	2348	GGACT	0.205124937543479
IFNa	2349	RAP1GAP2	0.205081779265451
IFNa	2350	ACTR10	0.205010756834793
IFNa	2351	VPS33B	0.204834388150442
IFNa	2352	RIT1	0.204606036731323
IFNa	2353	RGL2	0.204543464926423
IFNa	2354	SNX15	0.204226442468474
IFNa	2355	MCUB	0.204224080359349
IFNa	2356	FBXO30	0.204130213002389
IFNa	2357	MAD1L1	0.203970226211178
IFNa	2358	WDR74	0.203881896812683
IFNa	2359	GPI	0.203875400404384
IFNa	2360	PLEC	0.203620614025429
IFNa	2361	HNRNPR	0.203442109991825
IFNa	2362	RMND5B	0.203426061740754
IFNa	2363	PGS1	0.203340943079327
IFNa	2364	RYBP	0.203285448700708
IFNa	2365	HNRNPDL	0.203227076770629
IFNa	2366	HAUS3	0.203029009239792
IFNa	2367	LMBR1L	0.20300524133184
IFNa	2368	PRPF4	0.203001483636513
IFNa	2369	TM9SF2	0.202923391859448
IFNa	2370	ZFP36	0.202868411715872
IFNa	2371	DNAJB11	0.202838253803834
IFNa	2372	GLB1	0.202819911499567
IFNa	2373	RBMXL1	0.202711119904869
IFNa	2374	IPPK	0.202685266896819
IFNa	2375	MPEG1	0.202682358729283
IFNa	2376	MYL12A	0.202678679474724
IFNa	2377	PPP3CB-AS1	0.202575976956688
IFNa	2378	TMEM135	0.202562557031774
IFNa	2379	ENSG00000262370	0.20246574977099
IFNa	2380	ACER3	0.20244101600089
IFNa	2381	LEO1	0.202390792181005
IFNa	2382	SNIP1	0.202287561022028
IFNa	2383	MAP4K1	0.202188032936906
IFNa	2384	ALOX5AP	0.202096034032294
IFNa	2385	UMPS	0.202025642255885
IFNa	2386	FBH1	0.201879574299473
IFNa	2387	CEBPG	0.20184171349446
IFNa	2388	TRIP4	0.201714264033586
IFNa	2389	FBXO46	0.201659589287701
IFNa	2390	ARHGEF2	0.201561587813149
IFNa	2391	ARHGEF6	0.2014693995931
IFNa	2392	SPCS2	0.201362942835571
IFNa	2393	CD226	0.201293785341412
IFNa	2394	NABP1	0.200983600139846
IFNa	2395	NPLOC4	0.200981521527933
IFNa	2396	TRPC4AP	0.200817383414188
IFNa	2397	SCO1	0.20081630851101
IFNa	2398	ADGRE1	0.200717390840059
IFNa	2399	HGS	0.200664422784582
IFNa	2400	CLEC2D	0.200648544010356
IFNa	2401	CCDC117	0.200382958540026
IFNa	2402	GABRR2	0.200324961690536
IFNa	2403	POLN	0.200299176513169
IFNa	2404	LINC01138	0.200266198720263
IFNa	2405	SPSB3	0.200241197679841
IFNa	2406	HTATSF1	0.200111784012568
IFNa	2407	N4BP2L1	0.19999375220369
IFNa	2408	ENSG00000274265	0.199886411621331
IFNa	2409	CNPY3	0.19975457860848
IFNa	2410	RBM7	0.199730111866149
IFNa	2411	EMC1	0.199636530085555
IFNa	2412	ARID3B	0.199572360585722
IFNa	2413	ACADM	0.199564489406061
IFNa	2414	VPS26C	0.199428522355526
IFNa	2415	PRMT1	0.199415737610085
IFNa	2416	RDH14	0.199337433949753
IFNa	2417	MALAT1	0.199317163472266
IFNa	2418	CARM1	0.199300293738084
IFNa	2419	HMGN4	0.1992659428424
IFNa	2420	TNKS2	0.199201721394091
IFNa	2421	SLC38A7	0.199160376586525
IFNa	2422	COQ4	0.199156845072933
IFNa	2423	PELP1	0.199096269424694
IFNa	2424	ABHD12	0.199094841365182
IFNa	2425	SWT1	0.19899801468772
IFNa	2426	LINC00862	0.198862713874801
IFNa	2427	TAF8	0.198827255292789
IFNa	2428	PDCL	0.198752353853606
IFNa	2429	RNF138	0.198727197574338
IFNa	2430	COPS6	0.19870982962209
IFNa	2431	TP53BP2	0.198689563367695
IFNa	2432	SELENOI	0.198549257569842
IFNa	2433	OGDH	0.198516781279507
IFNa	2434	SSX2IP	0.198327121080555
IFNa	2435	PCMTD1	0.198294384444949
IFNa	2436	TARS1	0.19812250994531
IFNa	2437	HIVEP2	0.198118612070591
IFNa	2438	CROT	0.198107411789451
IFNa	2439	CACTIN	0.19807693202295
IFNa	2440	TRMT44	0.198032613027563
IFNa	2441	FAM118A	0.198000672700697
IFNa	2442	MYO18A	0.197960779180406
IFNa	2443	TUBA1C	0.197896492794052
IFNa	2444	PAK4	0.197498092444323
IFNa	2445	TSN	0.197138544667254
IFNa	2446	SUGP1	0.197109520123992
IFNa	2447	UFD1	0.197035860863365
IFNa	2448	FAM98A	0.197033452962988
IFNa	2449	PSMB3	0.196876929694593
IFNa	2450	SDHAP1	0.196755927921961
IFNa	2451	CD74	0.196650839819596
IFNa	2452	PSMC3	0.196626938662937
IFNa	2453	MCM3	0.196509691091026
IFNa	2454	ATP6V0D1	0.196456652565896
IFNa	2455	PDCD6	0.196171592208471
IFNa	2456	EXTL3	0.196104877946893
IFNa	2457	ARHGAP5	0.196080372430828
IFNa	2458	BCAR3	0.195941789366043
IFNa	2459	JADE3	0.195831443947151
IFNa	2460	SUMO1	0.195809636418914
IFNa	2461	CHD3	0.195791808420897
IFNa	2462	INSIG1	0.195702264789929
IFNa	2463	GALNT3	0.195692770073894
IFNa	2464	DAXX	0.195644199097156
IFNa	2465	LACC1	0.195593479901472
IFNa	2466	OAZ1	0.195461430936853
IFNa	2467	ERGIC3	0.195460899280723
IFNa	2468	CYBA	0.195359943080647
IFNa	2469	BCL9L	0.195258118789817
IFNa	2470	MACF1	0.195051411120259
IFNa	2471	GLRX3	0.195028450248998
IFNa	2472	PPM1F	0.194958124534418
IFNa	2473	ORMDL3	0.194905882545829
IFNa	2474	MESD	0.194717925781895
IFNa	2475	SH2B1	0.194713583500371
IFNa	2476	DGKH	0.194605804466536
IFNa	2477	SBF1	0.194467270540987
IFNa	2478	ANKZF1	0.194464761595805
IFNa	2479	BABAM1	0.194436787269198
IFNa	2480	TGS1	0.194318069468295
IFNa	2481	ACOX3	0.194296906464789
IFNa	2482	WRNIP1	0.19417090152007
IFNa	2483	ENSG00000291117	0.193959779465858
IFNa	2484	TBCCD1	0.193924769583431
IFNa	2485	ANKRD13A	0.193836750438768
IFNa	2486	OAZ2	0.193809485918882
IFNa	2487	TRIR	0.193793293640861
IFNa	2488	TBPL1	0.193775563436477
IFNa	2489	SLC25A24	0.193652486625083
IFNa	2490	TESPA1	0.193326597197209
IFNa	2491	GSS	0.193275410797318
IFNa	2492	CD47	0.193253186404128
IFNa	2493	SPTLC1	0.193224091822564
IFNa	2494	SFMBT1	0.193223498771267
IFNa	2495	DLAT	0.193178902493745
IFNa	2496	SFMBT2	0.193049756024285
IFNa	2497	HNRNPM	0.192970907121486
IFNa	2498	METTL14	0.192765348027687
IFNa	2499	NAB1	0.192733547601634
IFNa	2500	GTF3C1	0.192729290616638
IFNa	2501	EIF2S1	0.192629885005099
IFNa	2502	UBQLN1	0.192556126843566
IFNa	2503	CDK5RAP3	0.192542319069808
IFNa	2504	AGAP3	0.192520149496736
IFNa	2505	KIAA1586	0.192478445027112
IFNa	2506	BRD2	0.19240966472367
IFNa	2507	EWSR1	0.192338565195927
IFNa	2508	DCAF4	0.192187641858124
IFNa	2509	ZNF341	0.19217334965861
IFNa	2510	AHR	0.192092207232842
IFNa	2511	LAS1L	0.192079249031601
IFNa	2512	ELOVL5	0.192049600772553
IFNa	2513	POLR3D	0.19201430968163
IFNa	2514	TCEANC	0.191865938320682
IFNa	2515	HDAC6	0.191697861921319
IFNa	2516	ZNF684	0.191627719944382
IFNa	2517	MBD2	0.191465672606141
IFNa	2518	FBXW4	0.191458484910446
IFNa	2519	MIR22HG	0.191389095090942
IFNa	2520	NCL	0.191296782957079
IFNa	2521	CYTIP	0.191172615142742
IFNa	2522	C7orf50	0.190929155978394
IFNa	2523	B2M	0.190879050143771
IFNa	2524	TSTD2	0.190826319996556
IFNa	2525	RBM19	0.190726571964189
IFNa	2526	EIF2B4	0.190705137349079
IFNa	2527	ECPAS	0.190703774260175
IFNa	2528	ENSG00000272822	0.190690465658747
IFNa	2529	HBP1	0.190689506809563
IFNa	2530	ODF2	0.19060750047579
IFNa	2531	RHEB	0.190552530935337
IFNa	2532	HMGXB3	0.190533499510014
IFNa	2533	LRRN3	0.190449559242304
IFNa	2534	EIF2B5	0.190250323302348
IFNa	2535	TMEM170A	0.190129863777922
IFNa	2536	SF3B2	0.189822543788681
IFNa	2537	S1PR1	0.189614922953914
IFNa	2538	PTPRC	0.1894847008933
IFNa	2539	CRTC2	0.189428419487844
IFNa	2540	RHBDF2	0.189409060316629
IFNa	2541	CEP295	0.189395970968336
IFNa	2542	CCT7	0.188923146278432
IFNa	2543	N4BP2L2	0.188908991754891
IFNa	2544	BCL2L2	0.188856369718647
IFNa	2545	LRSAM1	0.188802165901931
IFNa	2546	PANK2	0.188656479202597
IFNa	2547	HINT3	0.188499160054652
IFNa	2548	UNKL	0.188443500677034
IFNa	2549	ETNK1	0.188329038774941
IFNa	2550	CARD11	0.188178457368607
IFNa	2551	SYNCRIP	0.188150320596115
IFNa	2552	GVINP1	0.188124703521906
IFNa	2553	ZNF620	0.188066001992487
IFNa	2554	DDX59	0.187866958175941
IFNa	2555	PSMD14	0.187860967617815
IFNa	2556	CDV3	0.187768356031545
IFNa	2557	ERICH1	0.187589781955819
IFNa	2558	ADRM1	0.187400253769524
IFNa	2559	EMBP1	0.187328004844266
IFNa	2560	ATP11A	0.187300572642754
IFNa	2561	MYL6	0.187290666685326
IFNa	2562	LIN7C	0.187195893185416
IFNa	2563	SYS1	0.18708030033041
IFNa	2564	NBPF10	0.18703143078681
IFNa	2565	TNFSF12	0.187005178722868
IFNa	2566	CTNNA1	0.186762440627069
IFNa	2567	GGA3	0.186441727198599
IFNa	2568	LSM14B	0.18621453515391
IFNa	2569	HAPSTR1	0.186209038669409
IFNa	2570	DOCK11	0.186206804917757
IFNa	2571	PPP4R3A	0.186186162991104
IFNa	2572	MTMR12	0.186160818779727
IFNa	2573	ENSG00000291143	0.186068843663686
IFNa	2574	ZNF275	0.186017627832007
IFNa	2575	H3-3A	0.185938157966432
IFNa	2576	KCNMB3	0.185907757733918
IFNa	2577	CATSPERG	0.185829388974119
IFNa	2578	PCNP	0.185718174643431
IFNa	2579	KIAA1671	0.185669342324478
IFNa	2580	ENSG00000259539	0.185627078276192
IFNa	2581	OSGIN2	0.185625692490051
IFNa	2582	TTC31	0.185600006688149
IFNa	2583	RARG	0.185563433244448
IFNa	2584	ATP11C	0.185351541284017
IFNa	2585	BCOR	0.18527507469354
IFNa	2586	ARHGEF12	0.185257338566592
IFNa	2587	ZNF528	0.185163698797113
IFNa	2588	LARGE2	0.18509407764643
IFNa	2589	KATNAL1	0.185079733066752
IFNa	2590	AARS2	0.184999922000912
IFNa	2591	CHMP1A	0.184962343095566
IFNa	2592	MRPS14	0.18494030780289
IFNa	2593	DCAF13	0.184924212562477
IFNa	2594	KMT2D	0.184879034588384
IFNa	2595	NBDY	0.184834238255516
IFNa	2596	CNTROB	0.184735769451369
IFNa	2597	YTHDC1	0.184726512865286
IFNa	2598	MTHFD1	0.184630979512136
IFNa	2599	USP38-DT	0.184490282898499
IFNa	2600	HEXA	0.184379338217296
IFNa	2601	FARSA	0.184364380005095
IFNa	2602	ZNF350	0.184352428408799
IFNa	2603	CCDC47	0.184352099361575
IFNa	2604	PRDM15	0.184309929467614
IFNa	2605	ATP6V0A2	0.184235630268454
IFNa	2606	CARS1	0.18418180574859
IFNa	2607	TULP4	0.184053515831796
IFNa	2608	KANSL3	0.184011493964663
IFNa	2609	LINC01422	0.183911687848982
IFNa	2610	IL6ST	0.183857862650938
IFNa	2611	TFE3	0.183773042982058
IFNa	2612	DHX38	0.183756221141251
IFNa	2613	MCM8	0.183580399000235
IFNa	2614	GPAT4	0.183494014846398
IFNa	2615	RNF185	0.183387548495499
IFNa	2616	TSPYL2	0.183378716793206
IFNa	2617	LACTB	0.183250597915273
IFNa	2618	FAM13B	0.183171311748609
IFNa	2619	KRI1	0.183168584295748
IFNa	2620	ACSL4	0.183073168624253
IFNa	2621	RBM47	0.182870582895461
IFNa	2622	NHEJ1	0.182766215246549
IFNa	2623	HEATR9	0.182690843244538
IFNa	2624	RASGRP2	0.182670040842693
IFNa	2625	NEMP2	0.182616343643552
IFNa	2626	HERPUD2	0.182560414808449
IFNa	2627	RNPS1	0.182541125584439
IFNa	2628	ZFP62	0.182522521095217
IFNa	2629	ZDHHC18	0.182269953761309
IFNa	2630	RPL10	0.182224446627493
IFNa	2631	KCNMB1	0.182211217810343
IFNa	2632	EFHC1	0.182207276243726
IFNa	2633	DCAF1	0.182181017176633
IFNa	2634	IL6R	0.182074890193499
IFNa	2635	ATXN7L3	0.182004769547808
IFNa	2636	SPATA13	0.181982199135116
IFNa	2637	UBP1	0.181914730825731
IFNa	2638	CALCOCO2	0.181720993258325
IFNa	2639	RNH1	0.181635933933478
IFNa	2640	BCL2A1	0.181625014912098
IFNa	2641	RER1	0.181578097171131
IFNa	2642	PRPF6	0.181429899158366
IFNa	2643	DDX6	0.181374751169487
IFNa	2644	NSUN2	0.181343688793699
IFNa	2645	NBPF26	0.181314340653896
IFNa	2646	KDM6A	0.181195754484789
IFNa	2647	ENSG00000248993	0.181113724048825
IFNa	2648	ANP32B	0.181078130667896
IFNa	2649	XPO5	0.180996009689313
IFNa	2650	NIFK	0.180874010456614
IFNa	2651	CTDP1	0.18086840178613
IFNa	2652	UNC45A	0.180838751341464
IFNa	2653	TARP	0.180810247427228
IFNa	2654	IRAK4	0.180759466375448
IFNa	2655	AMMECR1L	0.180733349654104
IFNa	2656	FDPS	0.180683493322261
IFNa	2657	SMG1	0.180643291398201
IFNa	2658	TG	0.18063633285002
IFNa	2659	USP19	0.180630377401502
IFNa	2660	RPH3AL	0.180586724018633
IFNa	2661	ISCU	0.180519129763482
IFNa	2662	SREBF2	0.180427171014052
IFNa	2663	RAB9A	0.180330068668654
IFNa	2664	MDC1	0.180110253328742
IFNa	2665	CBFA2T3	0.180055445853001
IFNa	2666	NRDC	0.179976935358424
IFNa	2667	NUMA1	0.179953555450478
IFNa	2668	BRF1	0.179891700437579
IFNa	2669	MDH1	0.179865702432966
IFNa	2670	CSNK1D	0.179826343155118
IFNa	2671	KIF16B	0.179222969405904
IFNa	2672	MSN	0.1791196027108
IFNa	2673	YPEL5	0.179080327343989
IFNa	2674	MXD1	0.179077394121102
IFNa	2675	CUL9	0.179054050643129
IFNa	2676	ABHD13	0.179027395892476
IFNa	2677	ATP13A1	0.178992181110897
IFNa	2678	SNX5	0.17891202600383
IFNa	2679	ENSG00000233912	0.178889555942607
IFNa	2680	ERLIN2	0.178731572416994
IFNa	2681	NUDT21	0.17866656412734
IFNa	2682	PPP1CB	0.178540879224679
IFNa	2683	FUBP1	0.178463300815878
IFNa	2684	XPO6	0.178428708116319
IFNa	2685	EED	0.178355653508597
IFNa	2686	OSBPL1A	0.17833787373777
IFNa	2687	XPNPEP1	0.178240800846407
IFNa	2688	MAPKAPK3	0.178157586418854
IFNa	2689	QDPR	0.178141916443377
IFNa	2690	C5orf15	0.177973012951843
IFNa	2691	PPIE	0.177941069333894
IFNa	2692	UBIAD1	0.177860097593065
IFNa	2693	SRP14-DT	0.177843543653707
IFNa	2694	ZBTB2	0.177812224309551
IFNa	2695	PCMT1	0.177732704444254
IFNa	2696	PYGB	0.177710536117049
IFNa	2697	KIF21B	0.177595709419502
IFNa	2698	MED13	0.177494009515562
IFNa	2699	GTF2E2	0.177493639865238
IFNa	2700	WAS	0.177441507979285
IFNa	2701	PABIR2	0.177432467476843
IFNa	2702	KIF22	0.177228225964977
IFNa	2703	SAYSD1	0.177217236727627
IFNa	2704	CLEC7A	0.177161817838286
IFNa	2705	BCL9	0.176954442760903
IFNa	2706	ARID4B	0.176931198432936
IFNa	2707	IQSEC1	0.176765879577846
IFNa	2708	ANKIB1	0.176736695617355
IFNa	2709	ABCD4	0.176725611697336
IFNa	2710	HPCAL4	0.176683590356449
IFNa	2711	SC5D	0.176573033379056
IFNa	2712	NFATC2	0.176564122378373
IFNa	2713	SH2B3	0.176451878614686
IFNa	2714	LINC01727	0.176247941291529
IFNa	2715	YJU2	0.176069054142478
IFNa	2716	CTSH	0.176067986006194
IFNa	2717	CHFR	0.175932569419484
IFNa	2718	SLC25A44	0.175923508664421
IFNa	2719	WIPF2	0.175907649998033
IFNa	2720	ACSS1	0.175871611251633
IFNa	2721	AMBRA1	0.175845284350235
IFNa	2722	UBAP2L	0.175730724097722
IFNa	2723	BRD9	0.175606669631614
IFNa	2724	CCP110	0.175576482840605
IFNa	2725	CORO1B	0.175448374158769
IFNa	2726	TWF1	0.175435719741497
IFNa	2727	UBA1	0.175399119208693
IFNa	2728	PPP6R1	0.175230828599896
IFNa	2729	KAT8	0.175193063738971
IFNa	2730	SAP30L-AS1	0.17515356134575
IFNa	2731	AP4S1	0.175125545241286
IFNa	2732	SUPT3H	0.175002637795084
IFNa	2733	BROX	0.174997869313826
IFNa	2734	CCDC88C	0.174929186725551
IFNa	2735	RASSF4	0.174925707307352
IFNa	2736	MOB4	0.174846499655555
IFNa	2737	MFSD14A	0.174769093406185
IFNa	2738	GART	0.174755911191703
IFNa	2739	RAB3GAP1	0.174678751267306
IFNa	2740	MVP	0.174678294605016
IFNa	2741	CABIN1	0.174626498419257
IFNa	2742	SYNE3	0.174433496043975
IFNa	2743	VCP	0.174362313242893
IFNa	2744	SP140L	0.174301631952995
IFNa	2745	EXOC2	0.17426494139973
IFNa	2746	DTHD1	0.174200188521221
IFNa	2747	KDM4A	0.174180806296328
IFNa	2748	SPRING1	0.174165713976782
IFNa	2749	ENSG00000288684	0.173984364415836
IFNa	2750	PBX2	0.173916385947514
IFNa	2751	TSC22D4	0.173903608406418
IFNa	2752	SMCR8	0.17388443731018
IFNa	2753	ENSG00000261553	0.173878367136247
IFNa	2754	HK1	0.173745569535702
IFNa	2755	HECA	0.173624625929006
IFNa	2756	SEC23B	0.173581725034394
IFNa	2757	SCYL2	0.173490132412115
IFNa	2758	RBM22	0.173487551265508
IFNa	2759	INTS7	0.173428004622329
IFNa	2760	STX3	0.17342628683142
IFNa	2761	CFLAR	0.173406159374884
IFNa	2762	SMPD1	0.173390436743475
IFNa	2763	AXIN1	0.173387598600529
IFNa	2764	PAIP1	0.173374156866162
IFNa	2765	U2AF2	0.173296333439935
IFNa	2766	CNOT3	0.173200907808258
IFNa	2767	SYNJ1	0.173152592040551
IFNa	2768	TOP1	0.173005140278581
IFNa	2769	ZC3H15	0.17297721757228
IFNa	2770	APC	0.172916698450968
IFNa	2771	TMSB4X	0.172729949876381
IFNa	2772	CYP51A1	0.172716104936851
IFNa	2773	CCNL1	0.172712367314715
IFNa	2774	TBK1	0.17258552522826
IFNa	2775	STX12	0.172309761249475
IFNa	2776	CCDC59	0.172305035236469
IFNa	2777	USP9Y	0.172247029294187
IFNa	2778	FECH	0.172208095217765
IFNa	2779	USP20	0.172061550559367
IFNa	2780	CCDC174	0.171983465934145
IFNa	2781	CCDC134	0.171788413827633
IFNa	2782	RNF20	0.171671635532162
IFNa	2783	UVSSA	0.171491472403556
IFNa	2784	SLC4A1AP	0.171446374476745
IFNa	2785	INTS13	0.171438619731748
IFNa	2786	DDX24	0.171395663602826
IFNa	2787	AZIN1	0.171317606912121
IFNa	2788	AP1M1	0.171305215473316
IFNa	2789	KYNU	0.171266968188537
IFNa	2790	WDR46	0.171164365410671
IFNa	2791	ZNF460	0.171141143509859
IFNa	2792	FIG4	0.171129837795177
IFNa	2793	CCDC82	0.171085918574496
IFNa	2794	LARP1	0.171079586162516
IFNa	2795	MYO6	0.170987104515489
IFNa	2796	LATS2	0.170977247103269
IFNa	2797	OSBPL2	0.170895990147973
IFNa	2798	SPAG9	0.170709289290727
IFNa	2799	MCM3AP	0.170664720464599
IFNa	2800	FYCO1	0.170603660970362
IFNa	2801	PLGRKT	0.170552992581082
IFNa	2802	RANBP9	0.170524397129836
IFNa	2803	CS	0.170403313871345
IFNa	2804	PLEKHA2	0.170395924362451
IFNa	2805	NAIP	0.1703735583235
IFNa	2806	PLA2G6	0.170366320654216
IFNa	2807	HLA-DPA1	0.170362887238397
IFNa	2808	SDHD	0.170359023584092
IFNa	2809	SUSD6	0.170299624213922
IFNa	2810	RNF38	0.17010448188279
IFNa	2811	RIPK3	0.169881445949199
IFNa	2812	TMEM50A	0.169628533422089
IFNa	2813	METTL13	0.169576234401986
IFNa	2814	PSMB9	0.169512554019381
IFNa	2815	ACTR5	0.169500850657977
IFNa	2816	TPM3	0.169433714364174
IFNa	2817	POLI	0.169421872982479
IFNa	2818	SBNO2	0.169381569026822
IFNa	2819	BTAF1	0.169295348632025
IFNa	2820	NUP85	0.169198102164908
IFNa	2821	TMEM167A	0.169182165928698
IFNa	2822	DCAF11	0.169109827311798
IFNa	2823	ENSG00000268750	0.1689345501643
IFNa	2824	MBD1	0.168778071372441
IFNa	2825	PRIM2	0.168748840345175
IFNa	2826	NIPA2	0.168736861400403
IFNa	2827	SNX1	0.16873563229249
IFNa	2828	EIF3A	0.168648360808065
IFNa	2829	EIF4H	0.168586971625448
IFNa	2830	GAB3	0.168549250761129
IFNa	2831	SLC39A6	0.16841594393592
IFNa	2832	BCLAF3	0.168277426315226
IFNa	2833	ZNRF2	0.168255010612075
IFNa	2834	NBPF14	0.168254994575498
IFNa	2835	SF3A1	0.168017017436843
IFNa	2836	RPUSD3	0.167908424806511
IFNa	2837	VEZT	0.167843245918602
IFNa	2838	ZBTB24	0.167745388043976
IFNa	2839	TMEM164	0.167622200674045
IFNa	2840	ELOA	0.167582320955037
IFNa	2841	PRRC2A	0.167547858465873
IFNa	2842	AATBC	0.167329843566864
IFNa	2843	TNS1	0.167312416414191
IFNa	2844	DNAJC5	0.16727461796539
IFNa	2845	PIR	0.167027762155554
IFNa	2846	SLC7A6OS	0.167025697329559
IFNa	2847	AIP	0.167024751748996
IFNa	2848	ATP6V1C1	0.166975764270874
IFNa	2849	RIMOC1	0.16678224548451
IFNa	2850	CMIP	0.166744010256271
IFNa	2851	UVRAG	0.166731467427369
IFNa	2852	PHF2	0.166570776628094
IFNa	2853	GRSF1	0.166532764119632
IFNa	2854	PFDN2	0.166403825081078
IFNa	2855	ZNF777	0.166359167653114
IFNa	2856	VPS33A	0.16634038088163
IFNa	2857	ZNF449	0.166308058922168
IFNa	2858	ATXN7	0.166174769197756
IFNa	2859	SLK	0.166159323712547
IFNa	2860	RTKN2	0.166151467446573
IFNa	2861	BLOC1S5	0.166144883666627
IFNa	2862	DOK1	0.166106279845902
IFNa	2863	MEF2D	0.165913782528211
IFNa	2864	IPO7	0.165823226520196
IFNa	2865	NGRN	0.165789266350389
IFNa	2866	MFAP3	0.165740882290311
IFNa	2867	GTF3C5	0.165669132638629
IFNa	2868	ZSCAN12	0.165635590681019
IFNa	2869	TOM1	0.165559366002296
IFNa	2870	TCAF2	0.165472056218976
IFNa	2871	GTF2E1	0.165293797463891
IFNa	2872	ATG16L2	0.165113023355006
IFNa	2873	MTM1	0.165070181694374
IFNa	2874	XRN2	0.164895583002761
IFNa	2875	CLPTM1L	0.164888058112442
IFNa	2876	ABCC1	0.164877073237894
IFNa	2877	CLCN7	0.164850110932095
IFNa	2878	HIRA	0.164712862140659
IFNa	2879	OTUD5	0.164662303023885
IFNa	2880	ARHGEF7	0.164646964804592
IFNa	2881	TRUB1	0.164581106047422
IFNa	2882	VPS4A	0.164510103130591
IFNa	2883	ARMH3	0.164479601942227
IFNa	2884	CORO1C	0.164257052134831
IFNa	2885	CDKL1	0.164205799543846
IFNa	2886	NAPG	0.164150100890693
IFNa	2887	PRKAG2	0.164148565851716
IFNa	2888	KLHL9	0.164124578718294
IFNa	2889	RCSD1	0.164042046775856
IFNa	2890	DNTTIP2	0.164039226367559
IFNa	2891	LPCAT1	0.163892618696874
IFNa	2892	CEP162	0.163660955404581
IFNa	2893	ZNF813	0.163637616333511
IFNa	2894	ADAM17	0.163577682007903
IFNa	2895	NARF	0.163566541366816
IFNa	2896	ATXN1L	0.163502365776292
IFNa	2897	CTBP1	0.163501850384808
IFNa	2898	TOP3B	0.163446638268813
IFNa	2899	ANAPC10	0.163442390392941
IFNa	2900	JARID2	0.163391045875056
IFNa	2901	ITM2B	0.163348183387234
IFNa	2902	CLP1	0.16324093766177
IFNa	2903	AFF1	0.163224150055972
IFNa	2904	TICAM1	0.163220455478042
IFNa	2905	HERC2P2	0.163213652330195
IFNa	2906	ITPRIP	0.162979928758462
IFNa	2907	IFNLR1	0.162966696353565
IFNa	2908	RBSN	0.162652158152535
IFNa	2909	STARD3NL	0.162606536739603
IFNa	2910	VAV3	0.162424505599546
IFNa	2911	H1-3	0.162366145271218
IFNa	2912	RGS10	0.162362099501333
IFNa	2913	FDFT1	0.162302211468194
IFNa	2914	SRSF8	0.162213662850219
IFNa	2915	RAD51B	0.162186698141553
IFNa	2916	RPE	0.162121527746853
IFNa	2917	RABEP2	0.162012008343144
IFNa	2918	ENSG00000242588	0.161993758361491
IFNa	2919	CD2	0.161904082057675
IFNa	2920	TUT7	0.161859485556917
IFNa	2921	CAST	0.161789507766532
IFNa	2922	DHTKD1	0.161686952647793
IFNa	2923	SRA1	0.161645996270699
IFNa	2924	GARS1	0.161586628331648
IFNa	2925	ZBTB37	0.161578507614279
IFNa	2926	CHD4	0.16156251785584
IFNa	2927	MOGS	0.161546351588669
IFNa	2928	NUDC	0.161434703916495
IFNa	2929	ARID5B	0.161404443640962
IFNa	2930	HLA-DPB1	0.161300221180682
IFNa	2931	ZNF586	0.161283269254222
IFNa	2932	TMEM161B	0.161247780408613
IFNa	2933	PDE4DIP	0.161217124417262
IFNa	2934	NOL10	0.161202075110894
IFNa	2935	LUZP1	0.161194915125993
IFNa	2936	SEPSECS	0.161177450630652
IFNa	2937	PXDC1	0.161142395797727
IFNa	2938	LRCH1	0.161140684679276
IFNa	2939	KBTBD2	0.161128381464393
IFNa	2940	TIGIT	0.161113729720446
IFNa	2941	ENSG00000260517	0.160930338112217
IFNa	2942	NOL9	0.160928532964706
IFNa	2943	MOB1B	0.16092157162414
IFNa	2944	FBRSL1	0.160897830443605
IFNa	2945	MED27	0.160854449477093
IFNa	2946	CHST11	0.160821993469921
IFNa	2947	PTPN23	0.160755580305398
IFNa	2948	MICAL1	0.160747579157089
IFNa	2949	TNFAIP8L2	0.160725541205358
IFNa	2950	CDK11A	0.160683753865925
IFNa	2951	ABHD16A	0.16037655357757
IFNa	2952	PSMA5	0.160347595038614
IFNa	2953	NFYA	0.160275651809065
IFNa	2954	LARP4B	0.160255403341934
IFNa	2955	RGS3	0.160218219081204
IFNa	2956	RFX5	0.160204196607207
IFNa	2957	ACSL3	0.160190184916917
IFNa	2958	CLK4	0.160168972803347
IFNa	2959	WASH8P	0.160149127742637
IFNa	2960	XPC	0.160126856996912
IFNa	2961	GUF1	0.160120836292829
IFNa	2962	NCOR2	0.160023300200381
IFNa	2963	SRSF1	0.159906164591975
IFNa	2964	ZRANB1	0.159896736124812
IFNa	2965	KRBOX4	0.159863388466085
IFNa	2966	BUD23	0.159736579112695
IFNa	2967	ZNF410	0.159678797537589
IFNa	2968	ENSG00000281593	0.159648148400532
IFNa	2969	RB1	0.159625128123079
IFNa	2970	PSMG4	0.159532320695133
IFNa	2971	SUSD3	0.159521281579244
IFNa	2972	NR4A2	0.15945876439901
IFNa	2973	INTS12	0.159377568296163
IFNa	2974	GMIP	0.159190708419699
IFNa	2975	MORC2	0.159113847910897
IFNa	2976	MROH1	0.159041260384961
IFNa	2977	SRP54	0.159018746781698
IFNa	2978	SMARCC2	0.159007226263379
IFNa	2979	ACSF3	0.158998843271721
IFNa	2980	MDM1	0.158903225927225
IFNa	2981	ACAD8	0.158774874129057
IFNa	2982	PPM1A	0.158734113350342
IFNa	2983	PITPNB	0.158591457709974
IFNa	2984	KHNYN	0.158523360433824
IFNa	2985	CCDC50	0.158444765211837
IFNa	2986	METTL3	0.158406607474765
IFNa	2987	SS18	0.158346243044028
IFNa	2988	C2	0.158178544950353
IFNa	2989	RWDD3	0.158121906634896
IFNa	2990	TRNT1	0.15804397926849
IFNa	2991	TAPBPL	0.157999647009315
IFNa	2992	HCLS1	0.15798574448295
IFNa	2993	YES1	0.15788046800791
IFNa	2994	FKBP5	0.157873579538873
IFNa	2995	JMJD1C	0.157761557245964
IFNa	2996	SLC7A7	0.157389585812334
IFNa	2997	MIX23	0.15736331567794
IFNa	2998	VPS41	0.157275427892475
IFNa	2999	TNRC18	0.157260744205518
IFNa	3000	ADSL	0.157205110521579
IFNa	3001	PTPRK	0.157204631937746
IFNa	3002	DGCR2	0.157201142649054
IFNa	3003	MED15	0.157121731307795
IFNa	3004	RAB43	0.156982722474932
IFNa	3005	STAT4	0.156960651601492
IFNa	3006	IP6K2	0.156909483612635
IFNa	3007	DECR1	0.156900680945982
IFNa	3008	C19orf12	0.156863822043563
IFNa	3009	ZC3H4	0.156851668526003
IFNa	3010	SMPD4BP	0.156841436344971
IFNa	3011	SRSF4	0.156817421835977
IFNa	3012	RAP1B	0.156730716031277
IFNa	3013	HYOU1	0.156641511763273
IFNa	3014	ASPSCR1	0.15663785090385
IFNa	3015	HNRNPD	0.156622704338984
IFNa	3016	RIOK3	0.156472583058789
IFNa	3017	KCTD13	0.156431470647161
IFNa	3018	DHX16	0.156415457403007
IFNa	3019	ZNF580	0.156372843294295
IFNa	3020	SAFB2	0.156359909293351
IFNa	3021	ZFAT	0.156256455978638
IFNa	3022	POC1B	0.156092867280297
IFNa	3023	MANBAL	0.15606289614667
IFNa	3024	STK11	0.155957526402929
IFNa	3025	ITPR3	0.155886901612811
IFNa	3026	ARF6	0.155809254751461
IFNa	3027	FAM210A	0.155696803471758
IFNa	3028	OGA	0.15559436055024
IFNa	3029	BHLHE40	0.155587668899335
IFNa	3030	CLK1	0.155556662413733
IFNa	3031	MRFAP1L1	0.155544913377703
IFNa	3032	HIKESHI	0.155524989360381
IFNa	3033	DERA	0.155480430594405
IFNa	3034	ZNF142	0.155462190805879
IFNa	3035	FAM24B	0.155280137505933
IFNa	3036	ZNF189	0.155272124437518
IFNa	3037	TRIM33	0.155211513920916
IFNa	3038	TRAF3IP1	0.155204996720878
IFNa	3039	FBXW7	0.155181431159333
IFNa	3040	G3BP1	0.155180417308636
IFNa	3041	RRM2B	0.155079886204038
IFNa	3042	ANKRD27	0.154986259091271
IFNa	3043	QTRT2	0.154803427998789
IFNa	3044	UBE2D3	0.15479363524074
IFNa	3045	STX16	0.154742463528443
IFNa	3046	DGUOK	0.154728712731596
IFNa	3047	BAP1	0.154673942511039
IFNa	3048	MACO1	0.154414844458589
IFNa	3049	PRPF40B	0.154339223120154
IFNa	3050	UTP6	0.154214436748948
IFNa	3051	NADSYN1	0.154084013970396
IFNa	3052	SLC39A1	0.153996540135649
IFNa	3053	BLCAP	0.153925182556268
IFNa	3054	LINC01019	0.153901110504753
IFNa	3055	NRBP1	0.153865329348359
IFNa	3056	DHX34	0.153744132937687
IFNa	3057	BTN2A1	0.153352642523538
IFNa	3058	SLC38A1	0.153264209314202
IFNa	3059	SATB1	0.153260544872725
IFNa	3060	RAB11FIP2	0.153190669913413
IFNa	3061	POLR1D	0.153109935258923
IFNa	3062	BAHD1	0.153042779939014
IFNa	3063	ANKRD42-DT	0.153040673153007
IFNa	3064	DMTF1	0.153022900378164
IFNa	3065	TRAPPC6A	0.152982461823719
IFNa	3066	C2CD5	0.152908585859407
IFNa	3067	DYNLT3	0.152749541187686
IFNa	3068	PTPRJ	0.152746228699653
IFNa	3069	GGPS1	0.15260928475764
IFNa	3070	IDNK	0.152602019501784
IFNa	3071	CD46	0.152597381543635
IFNa	3072	ASB1	0.152586248769752
IFNa	3073	RABIF	0.152549615133998
IFNa	3074	NCAPG2	0.152388885662435
IFNa	3075	MFSD14CP	0.152328588589272
IFNa	3076	GNAI3	0.152210507468574
IFNa	3077	HUWE1	0.152197833010217
IFNa	3078	XPO4	0.152170759877929
IFNa	3079	SLC30A1	0.152161017238038
IFNa	3080	ADGRE5	0.152015927006447
IFNa	3081	MTMR1	0.15193383068949
IFNa	3082	KPNA4	0.151918274368384
IFNa	3083	CDADC1	0.151894192263281
IFNa	3084	ST6GAL1	0.15187754210241
IFNa	3085	SUPT6H	0.151835378547677
IFNa	3086	SIAH1	0.151765259369921
IFNa	3087	MFHAS1	0.15171441419027
IFNa	3088	NCOA2	0.151590467079401
IFNa	3089	PIAS4	0.151586221744936
IFNa	3090	DPH3	0.151541941751312
IFNa	3091	TYK2	0.151524846441107
IFNa	3092	GGA2	0.151463291452339
IFNa	3093	PDK3	0.151321681076411
IFNa	3094	SEM1	0.151287229326044
IFNa	3095	KSR1	0.151275615803117
IFNa	3096	PI4KA	0.151215575859723
IFNa	3097	RAP2C	0.151196001359652
IFNa	3098	PARP6	0.151161156575935
IFNa	3099	GPS2	0.151046438439279
IFNa	3100	METAP1	0.151031609412494
IFNa	3101	EZR	0.150942447162336
IFNa	3102	ADIPOR2	0.150892950057262
IFNa	3103	SLC30A7	0.150873699727275
IFNa	3104	MIER1	0.150835598875919
IFNa	3105	BCL7B	0.150816639018412
IFNa	3106	CLCC1	0.150794253375282
IFNa	3107	CNPPD1	0.150755331579789
IFNa	3108	SUMO2	0.150603282926741
IFNa	3109	KLF10	0.150593220030162
IFNa	3110	FNTA	0.150569688152489
IFNa	3111	CDC14A	0.150487388265644
IFNa	3112	EXOSC2	0.150458214446101
IFNa	3113	WWC3	0.150453876688296
IFNa	3114	BIN1	0.15028673308388
IFNa	3115	CDC73	0.150233259939889
IFNa	3116	ZNF316	0.150187774546325
IFNa	3117	ZNF641	0.15014669882927
IFNa	3118	CEP68	0.150116285038227
IFNa	3119	DBNL	0.150112334371593
IFNa	3120	C2orf42	0.150066736020981
IFNa	3121	RSRC2	0.149942534500201
IFNa	3122	CNIH4	0.149774049733014
IFNa	3123	BRD1	0.149437658222269
IFNa	3124	PILRB	0.149239101476774
IFNa	3125	ENSG00000290993	0.149229878222116
IFNa	3126	TRAK2	0.14918902454319
IFNa	3127	CCDC14	0.149131007240202
IFNa	3128	RNF11	0.149110886953262
IFNa	3129	ANAPC4	0.149013484514903
IFNa	3130	OBSCN	0.148986014451772
IFNa	3131	DMD	0.148949376351434
IFNa	3132	PDLIM5	0.148770205343949
IFNa	3133	CCDC141	0.148682005620489
IFNa	3134	SH2D3C	0.148613508911239
IFNa	3135	CYRIB	0.148563936372633
IFNa	3136	ENSG00000249209	0.148559358532322
IFNa	3137	ENSG00000246203	0.148540874430068
IFNa	3138	LRCH4	0.148504891022501
IFNa	3139	CCDC93	0.148331849198034
IFNa	3140	ACTR1A	0.148296051737812
IFNa	3141	QSER1	0.148293273373931
IFNa	3142	MED13L	0.148268076894218
IFNa	3143	RBM8A	0.148019653847822
IFNa	3144	UBR4	0.147991465298317
IFNa	3145	CNNM3	0.14793968503632
IFNa	3146	LRBA	0.147794161401406
IFNa	3147	CYB5R4	0.147729387988097
IFNa	3148	KLRC4	0.147663418467271
IFNa	3149	ZNF227	0.147636703110238
IFNa	3150	ZGPAT	0.147589600131745
IFNa	3151	DCAF16	0.147516284553292
IFNa	3152	RBBP7	0.147493331938329
IFNa	3153	HDHD2	0.147308693161019
IFNa	3154	HMGCR	0.147123458813063
IFNa	3155	STRIP1	0.147092343615555
IFNa	3156	ZEB1	0.147004053130167
IFNa	3157	RAB5A	0.147002172993352
IFNa	3158	CEP43	0.146707288042643
IFNa	3159	ZC3H11A	0.146511725969114
IFNa	3160	TMEM87B	0.146461458784592
IFNa	3161	KAT7	0.146452017276043
IFNa	3162	MFSD1	0.146271466268863
IFNa	3163	SLC35F5	0.146255741232887
IFNa	3164	SMARCD2	0.146211076783906
IFNa	3165	CTNNB1	0.146166303369492
IFNa	3166	FDX1	0.145927691708111
IFNa	3167	LEMD3	0.145892877809054
IFNa	3168	MTO1	0.14586197725524
IFNa	3169	PEX26	0.145819283656656
IFNa	3170	DNAJB6	0.14573182180466
IFNa	3171	SERGEF	0.145602757340035
IFNa	3172	PLEKHM1	0.145594376795933
IFNa	3173	EIF3H	0.145582911192552
IFNa	3174	RAB14	0.145361641854145
IFNa	3175	BBX	0.1453325148654
IFNa	3176	BMAL1	0.145248991755299
IFNa	3177	PLAGL1	0.145177808538759
IFNa	3178	COX7A2L	0.145085777856629
IFNa	3179	VPS13A	0.145069012620392
IFNa	3180	TET3	0.144910722050025
IFNa	3181	LNPEP	0.144887212487744
IFNa	3182	AHDC1	0.144878299186137
IFNa	3183	AKNA	0.144798688644386
IFNa	3184	GPR107	0.144743123786327
IFNa	3185	PSEN1	0.144738947617512
IFNa	3186	SLC39A11	0.144697292448695
IFNa	3187	DDX5	0.144584076912506
IFNa	3188	MTHFSD	0.144578873571498
IFNa	3189	SOCS4	0.144572623668908
IFNa	3190	GALNT10	0.144566277187397
IFNa	3191	DYNC1LI1	0.144502370129811
IFNa	3192	MTERF4	0.144428355058602
IFNa	3193	CASP8	0.144425673375562
IFNa	3194	RNF10	0.144349525055272
IFNa	3195	BICRA	0.144187277830473
IFNa	3196	ABCC10	0.14417127093843
IFNa	3197	URB2	0.14415848110801
IFNa	3198	SPG7	0.144052625524169
IFNa	3199	GMEB2	0.143939563670179
IFNa	3200	GAK	0.143938501284826
IFNa	3201	RARS2	0.143890087613997
IFNa	3202	LMO7	0.14379657573553
IFNa	3203	SRSF5	0.143785707692347
IFNa	3204	WDR48	0.143740299792944
IFNa	3205	TTC33	0.143697482944837
IFNa	3206	TMEM242	0.143696490003242
IFNa	3207	NAA60	0.143692948410247
IFNa	3208	LAMP2	0.143671470478145
IFNa	3209	TRAPPC10	0.143624937685851
IFNa	3210	FHIP2A	0.143598084112774
IFNa	3211	XIAP	0.143594294507558
IFNa	3212	CIZ1	0.143549596069472
IFNa	3213	JKAMP	0.143521734183879
IFNa	3214	MTR	0.143476962718641
IFNa	3215	GOLGA2	0.143442419819123
IFNa	3216	STX18	0.143379832996958
IFNa	3217	L3MBTL1	0.143321503795332
IFNa	3218	ME2	0.143277997208042
IFNa	3219	TRAF6	0.142959060228382
IFNa	3220	AOPEP	0.142904520531177
IFNa	3221	FAM107B	0.142839261550741
IFNa	3222	GIPC2	0.142756718094663
IFNa	3223	ENSG00000261386	0.142697788701889
IFNa	3224	MAX	0.142515005712134
IFNa	3225	CPNE8	0.142470569771578
IFNa	3226	GRK5	0.142446262191583
IFNa	3227	FGD3	0.142371699512065
IFNa	3228	ARPC4	0.142353297399533
IFNa	3229	RNASEH2B	0.142121718898753
IFNa	3230	HPS4	0.142116146310578
IFNa	3231	UCHL3	0.141941634669493
IFNa	3232	SNW1	0.141860601957067
IFNa	3233	CCNK	0.141479270984232
IFNa	3234	FRYL	0.14146918248374
IFNa	3235	AMFR	0.14146175250954
IFNa	3236	MTRF1	0.14110681033298
IFNa	3237	RNF144A	0.140984680181276
IFNa	3238	MAFIP	0.140925964347692
IFNa	3239	RBM14-RBM4	0.140769732012537
IFNa	3240	SZRD1	0.140705762239189
IFNa	3241	PACRGL	0.140534437229034
IFNa	3242	THEMIS2	0.140507237038752
IFNa	3243	SASH3	0.14041893872087
IFNa	3244	UBA6	0.140364258010267
IFNa	3245	MPHOSPH10	0.140272537616571
IFNa	3246	AGFG2	0.140230082358073
IFNa	3247	DHX36	0.140216716205819
IFNa	3248	COG8	0.140128070733311
IFNa	3249	SNX27	0.140103282437539
IFNa	3250	FLI1	0.140100133232073
IFNa	3251	GSPT1	0.140049776196282
IFNa	3252	PRPF39	0.140031294538066
IFNa	3253	TRMU	0.140016434275296
IFNa	3254	MCCC2	0.139893278194043
IFNa	3255	HAVCR2	0.139676164749955
IFNa	3256	UBXN2B	0.13944616214594
IFNa	3257	PECR	0.139407619164383
IFNa	3258	NUP93	0.139317473783786
IFNa	3259	ANKRD20A5P	0.13926587481141
IFNa	3260	SPATA5L1	0.139199171540473
IFNa	3261	TLE4	0.13913916911473
IFNa	3262	G3BP2	0.139081829038641
IFNa	3263	CUL5	0.139071075107749
IFNa	3264	EXOG	0.138999422421606
IFNa	3265	R3HCC1L	0.138885843304297
IFNa	3266	PCYT1A	0.13858052745517
IFNa	3267	FKBP15	0.13836871060647
IFNa	3268	NCBP1	0.138292393311773
IFNa	3269	DIAPH1	0.138192741505436
IFNa	3270	PDCD4	0.137468954126225
IFNa	3271	SMARCA5	0.137452432803972
IFNa	3272	AGPS	0.137445401538956
IFNa	3273	BRD7	0.137384464038771
IFNa	3274	TEP1	0.137373207248686
IFNa	3275	SNHG22	0.13737228277882
IFNa	3276	UPF3B	0.137340530337632
IFNa	3277	PXYLP1	0.137284099059765
IFNa	3278	USP33	0.137250575906075
IFNa	3279	SZT2	0.137178054624057
IFNa	3280	PPARGC1B	0.137174507033866
IFNa	3281	EXOC3	0.137132069837013
IFNa	3282	MYH9	0.136925986619807
IFNa	3283	ZNF333	0.136670433341446
IFNa	3284	TOLLIP	0.136608432250734
IFNa	3285	XIST	0.13647543288092
IFNa	3286	HERPUD1	0.136443431126478
IFNa	3287	DCTD	0.136426575512395
IFNa	3288	NSUN3	0.136419912110694
IFNa	3289	FAM76B	0.136327851438317
IFNa	3290	ZNF283	0.136265288370968
IFNa	3291	JAZF1	0.136236234183537
IFNa	3292	ANKS1A	0.136221130348604
IFNa	3293	KIF13B	0.13620411107964
IFNa	3294	INPP4A	0.136084907200183
IFNa	3295	ENSG00000237188	0.135949941863155
IFNa	3296	METTL4	0.135811199179086
IFNa	3297	SPTBN1	0.135794028924276
IFNa	3298	HECTD3	0.135788517755712
IFNa	3299	ADD1	0.135778290650521
IFNa	3300	PPP1R15B	0.135688631795226
IFNa	3301	PSMA6	0.135608631586791
IFNa	3302	PSPC1	0.13549337251044
IFNa	3303	LPXN	0.135433168963167
IFNa	3304	MOCS2	0.135406564427657
IFNa	3305	FAM102A	0.135403058521593
IFNa	3306	KATNIP	0.135317730194533
IFNa	3307	MPPE1	0.135316836591477
IFNa	3308	PHF3	0.135310617209521
IFNa	3309	ZFC3H1	0.13497599800542
IFNa	3310	CNOT6	0.134952529243238
IFNa	3311	CASP8AP2	0.134934031591921
IFNa	3312	CERS5	0.134838153214178
IFNa	3313	SMPD4	0.134808762956637
IFNa	3314	RAD54L2	0.134700158854762
IFNa	3315	ALAD	0.134500279266551
IFNa	3316	NOP14	0.134416250007377
IFNa	3317	SH3GLB1	0.134240855626831
IFNa	3318	DGKZ	0.134226138885975
IFNa	3319	SLC25A53	0.134218448657047
IFNa	3320	ANKMY2	0.134063542981037
IFNa	3321	MYNN	0.134022477649883
IFNa	3322	ALDH1A2	0.133977107980205
IFNa	3323	TGFBRAP1	0.133963975575011
IFNa	3324	CILK1	0.133799220886222
IFNa	3325	BAZ1B	0.133637344987513
IFNa	3326	PACSIN2	0.133446612889892
IFNa	3327	DNAJC15	0.133413246199768
IFNa	3328	ZBTB48	0.133404597644807
IFNa	3329	NUP153	0.133274418047001
IFNa	3330	NELFA	0.133231816367508
IFNa	3331	KCMF1	0.133228436562001
IFNa	3332	RP2	0.133221656027622
IFNa	3333	PAG1	0.133128183807389
IFNa	3334	TRA2A	0.13310348185037
IFNa	3335	TAF1	0.133093733181127
IFNa	3336	P4HTM	0.132868497876008
IFNa	3337	VPS54	0.132820401779094
IFNa	3338	NCK2	0.132812010846756
IFNa	3339	ZNF143	0.132568976022481
IFNa	3340	ZNF28	0.132562501745041
IFNa	3341	PDCD2	0.132494809094166
IFNa	3342	ZBTB4	0.132415308402858
IFNa	3343	CCZ1B	0.132268684091303
IFNa	3344	SMC6	0.132251953596673
IFNa	3345	STAG2	0.132229589030524
IFNa	3346	LHFPL2	0.132039012189778
IFNa	3347	SLC9A8	0.132010570908931
IFNa	3348	ZNF767P-1	0.131966495586087
IFNa	3349	CORO7	0.131953781303586
IFNa	3350	PPP2CB	0.131947442296339
IFNa	3351	TFG	0.131940794038266
IFNa	3352	YME1L1	0.131933579377212
IFNa	3353	CYTH1	0.13190071655944
IFNa	3354	RABGAP1L	0.131890775250764
IFNa	3355	CALCOCO1	0.131848150848222
IFNa	3356	PFKFB3	0.131655509211179
IFNa	3357	SH2B2	0.131499829721094
IFNa	3358	NDEL1	0.13146646196618
IFNa	3359	SNX11	0.131400287582192
IFNa	3360	NT5DC3	0.131396751057019
IFNa	3361	DDX42	0.131305614898705
IFNa	3362	ENSG00000273748	0.131257938777517
IFNa	3363	DCAF8	0.130896125482232
IFNa	3364	IKBKB	0.130836647422884
IFNa	3365	MOSPD2	0.130791033742499
IFNa	3366	PPP1R21	0.130646961051562
IFNa	3367	AGPAT3	0.130535266223282
IFNa	3368	SLU7	0.130389865415515
IFNa	3369	DEF6	0.130383598593648
IFNa	3370	RNF34	0.130363472112815
IFNa	3371	ANKLE2	0.130331696367533
IFNa	3372	YTHDC2	0.130324946453683
IFNa	3373	ANKRD36	0.13023653563989
IFNa	3374	NUP58	0.130232658836031
IFNa	3375	ZBTB40	0.130195370053158
IFNa	3376	TRPM7	0.130074275916622
IFNa	3377	VMP1	0.130023785156106
IFNa	3378	GATAD2A	0.129936408730741
IFNa	3379	SAP130	0.129930676492947
IFNa	3380	SNRNP35	0.129852328707934
IFNa	3381	ZDHHC21	0.129778843095919
IFNa	3382	TNFRSF10D	0.129771213050922
IFNa	3383	LINC01278	0.129663369430687
IFNa	3384	SAFB	0.129643681423321
IFNa	3385	CSTF3	0.129629972428578
IFNa	3386	DHX37	0.12947498449939
IFNa	3387	SUCO	0.129471010779329
IFNa	3388	RFT1	0.129456186524227
IFNa	3389	CDK11B	0.129350628212173
IFNa	3390	HDLBP	0.129346060858715
IFNa	3391	CMAHP	0.129318378140971
IFNa	3392	SGPL1	0.12928617675975
IFNa	3393	DROSHA	0.129258439944758
IFNa	3394	PDXDC2P	0.12917341120866
IFNa	3395	ENSG00000283294	0.129163820317425
IFNa	3396	UBALD2	0.12894401950639
IFNa	3397	PDCD6IP	0.12883494936964
IFNa	3398	COPB2	0.128797401516108
IFNa	3399	BTBD1	0.128635881297861
IFNa	3400	RAB1A	0.128506233540985
IFNa	3401	WDR6	0.128487361857858
IFNa	3402	DHX15	0.128482082718164
IFNa	3403	WBP1L	0.128474035556736
IFNa	3404	GNPAT	0.128334177228522
IFNa	3405	RANBP3	0.128258516293722
IFNa	3406	MORC3	0.128247133146752
IFNa	3407	TMEM199	0.12808329662285
IFNa	3408	EXPH5	0.128004195568538
IFNa	3409	STAM2	0.127974400012768
IFNa	3410	EGLN1	0.127901032393203
IFNa	3411	VEZF1	0.127886220319141
IFNa	3412	RLIM	0.127855943596232
IFNa	3413	CISD2	0.127811030508294
IFNa	3414	C8orf76	0.127541091061983
IFNa	3415	SMURF1	0.127476913444116
IFNa	3416	COPG1	0.127445881224543
IFNa	3417	MGAT5	0.127285755485416
IFNa	3418	GDAP2	0.127230670081381
IFNa	3419	COX20	0.127182471383622
IFNa	3420	MLYCD	0.127176031635174
IFNa	3421	CCNT2	0.127106788997199
IFNa	3422	CDYL	0.126746320290382
IFNa	3423	KIF5B	0.12654537921424
IFNa	3424	OSTM1	0.12650348646804
IFNa	3425	ASCC3	0.126502870944431
IFNa	3426	TADA3	0.126095772821823
IFNa	3427	SF3B3	0.125869803084703
IFNa	3428	ZNF277	0.125752728034031
IFNa	3429	ZMAT5	0.125748082767294
IFNa	3430	INPP5B	0.125601211440393
IFNa	3431	TRMO	0.125575743929373
IFNa	3432	SUN2	0.12549369468351
IFNa	3433	TMF1	0.125484573097468
IFNa	3434	CAPZB	0.125420873072523
IFNa	3435	EIF5	0.125286852327539
IFNa	3436	ATL3	0.125240669621535
IFNa	3437	TSPAN14	0.125053619511117
IFNa	3438	VPS52	0.12502710902628
IFNa	3439	UIMC1	0.124955864023271
IFNa	3440	WBP2	0.124847010397514
IFNa	3441	AFF4	0.124781794594932
IFNa	3442	EP400	0.124779271849032
IFNa	3443	ILK	0.124728547524077
IFNa	3444	USP12	0.124608512627628
IFNa	3445	FRS2	0.124576445792664
IFNa	3446	ALDH9A1	0.124574175906398
IFNa	3447	ACAA1	0.12452509024739
IFNa	3448	UBXN1	0.124484377659361
IFNa	3449	PPFIBP2	0.12443697186533
IFNa	3450	EXOC5	0.124306723969719
IFNa	3451	ZNF236	0.124218402766601
IFNa	3452	ITGB2	0.124140746403106
IFNa	3453	SMAP1	0.124067769047932
IFNa	3454	CMTM8	0.124067391994749
IFNa	3455	ARFGAP2	0.123942587143155
IFNa	3456	CUTALP	0.123916912085718
IFNa	3457	TMEM131	0.123863998100945
IFNa	3458	YWHAQ	0.123787233308076
IFNa	3459	PAXIP1	0.123631234670695
IFNa	3460	SPG11	0.123511180440424
IFNa	3461	PIKFYVE	0.123395911420323
IFNa	3462	PHKB	0.123326599998158
IFNa	3463	MTA1	0.123258503918434
IFNa	3464	KPNA5	0.123255348848681
IFNa	3465	RUFY3	0.123240565601853
IFNa	3466	CEP63	0.123185849002321
IFNa	3467	ZNF587	0.123066427024017
IFNa	3468	SPEN	0.122816103010759
IFNa	3469	RPRD1A	0.122753959413757
IFNa	3470	DDX1	0.122617841214739
IFNa	3471	PA2G4	0.122495106730071
IFNa	3472	RAB4B	0.1224806025833
IFNa	3473	GNAI2	0.122227492676019
IFNa	3474	TBC1D22A	0.122165338343576
IFNa	3475	GPATCH2	0.122139415922028
IFNa	3476	ZNF761	0.122133580712771
IFNa	3477	OPA1	0.12211343243644
IFNa	3478	MBD5	0.12192030550576
IFNa	3479	CCNY	0.121689522376362
IFNa	3480	INO80	0.121652840629574
IFNa	3481	MMUT	0.121631600969727
IFNa	3482	SPRTN	0.121594344772401
IFNa	3483	TOR1AIP2	0.12157182440541
IFNa	3484	OSTF1	0.121407651251734
IFNa	3485	INO80D	0.120704053286581
IFNa	3486	STAT5A	0.120407961207693
IFNa	3487	AP3M2	0.120403239289615
IFNa	3488	CDK5RAP2	0.120333398274471
IFNa	3489	PKN2	0.120329538043593
IFNa	3490	PTPRA	0.119978916739051
IFNa	3491	RNGTT	0.119942309558701
IFNa	3492	SDCBP2-AS1	0.119908723388179
IFNa	3493	NOTCH2	0.119677534185596
IFNa	3494	ANXA6	0.119544887041111
IFNa	3495	C14orf93	0.119528733883263
IFNa	3496	HAUS6	0.11952531311488
IFNa	3497	PRPF40A	0.119508333223867
IFNa	3498	SCAF4	0.119487951311678
IFNa	3499	TANGO2	0.119456896062177
IFNa	3500	PDS5B	0.11943854003816
IFNa	3501	SEC31B	0.119337550610121
IFNa	3502	SETD4	0.119115559668753
IFNa	3503	EFL1	0.119084733356301
IFNa	3504	SLC38A2	0.118944650855536
IFNa	3505	SMG1P2	0.118665032430726
IFNa	3506	CEP192	0.118662780286497
IFNa	3507	PHF8	0.118645789737785
IFNa	3508	ZNF317	0.11863874589349
IFNa	3509	ATP1A1	0.118442506950931
IFNa	3510	WBP11	0.118318032856475
IFNa	3511	PLEKHM2	0.11823423374662
IFNa	3512	DVL3	0.11817141204633
IFNa	3513	CNOT11	0.118124455651768
IFNa	3514	SAE1	0.11804488252271
IFNa	3515	CCNC	0.117867736679673
IFNa	3516	ZNF638	0.1178368012082
IFNa	3517	CHIC2	0.117797936979666
IFNa	3518	MIATNB	0.117730505989541
IFNa	3519	SMARCAL1	0.117676995638787
IFNa	3520	STRN3	0.117652621677572
IFNa	3521	ZNF518B	0.117503333280673
IFNa	3522	TNIP1	0.117405853280128
IFNa	3523	SHOC2	0.117385598229641
IFNa	3524	GANC	0.117384001898308
IFNa	3525	SRSF2	0.117364327619489
IFNa	3526	PRCC	0.117276955766409
IFNa	3527	USP7	0.117191489465673
IFNa	3528	OFD1	0.116940151692085
IFNa	3529	KIFAP3	0.116910655728502
IFNa	3530	POLDIP3	0.116762251435418
IFNa	3531	VPS4B	0.11673629697678
IFNa	3532	LINC00869-1	0.11669975427021
IFNa	3533	GFM1	0.11666264248944
IFNa	3534	EPHX2	0.116662008596065
IFNa	3535	RC3H1	0.116645656491209
IFNa	3536	CD53	0.116635852565956
IFNa	3537	CWF19L1	0.116564864507716
IFNa	3538	MLF2	0.116258295907526
IFNa	3539	ARPC1A	0.116228212413817
IFNa	3540	DIDO1	0.116073008879283
IFNa	3541	WAC	0.116016187286605
IFNa	3542	WDR33	0.116004227048809
IFNa	3543	TNFRSF10B	0.115958359577318
IFNa	3544	RBM10	0.115843461952462
IFNa	3545	PPP2R5C	0.115675877618658
IFNa	3546	SMG5	0.115523911450785
IFNa	3547	HNRNPA2B1	0.115463199024014
IFNa	3548	BUD13	0.11518426119738
IFNa	3549	ACBD5	0.115151889032867
IFNa	3550	STAT6	0.115122304184974
IFNa	3551	EOLA2-DT	0.115051001890189
IFNa	3552	MKNK1	0.1150035808011
IFNa	3553	GMDS	0.114948669818024
IFNa	3554	FIP1L1	0.114625401120484
IFNa	3555	ARIH2	0.114470108086515
IFNa	3556	ZNF235	0.114428043219868
IFNa	3557	SOGA1	0.11442624087567
IFNa	3558	SARNP	0.114387422133012
IFNa	3559	ERP44	0.114360660727262
IFNa	3560	ARIH1	0.114255236346166
IFNa	3561	CAPZA2	0.114241132366005
IFNa	3562	ATG16L1	0.114207945745054
IFNa	3563	RBM23	0.114169715181619
IFNa	3564	MAP4	0.114123537632177
IFNa	3565	NMT1	0.114121185370824
IFNa	3566	RELL1	0.114100331347639
IFNa	3567	TYW1	0.113868515028011
IFNa	3568	AP3S1	0.113830632816718
IFNa	3569	HNRNPC	0.113653745147138
IFNa	3570	PICALM	0.113457464869634
IFNa	3571	ITPKB	0.113210433651853
IFNa	3572	CD99P1-1	0.113164171083348
IFNa	3573	SAP30BP	0.113051231814109
IFNa	3574	SARM1	0.11288847714421
IFNa	3575	CD99L2	0.112886367179031
IFNa	3576	PPP1R12C	0.112862572149246
IFNa	3577	JAK1	0.112794209595258
IFNa	3578	ATG5	0.112730949231838
IFNa	3579	TERF2	0.112505524841139
IFNa	3580	SEH1L	0.112448115373686
IFNa	3581	TIMM17A	0.112401271360078
IFNa	3582	EVL	0.112385594624
IFNa	3583	CLASP1	0.112373399215696
IFNa	3584	DOCK2	0.112332404219777
IFNa	3585	RNF114	0.112313094453595
IFNa	3586	PEX14	0.112238064749813
IFNa	3587	KCTD18	0.112129353921738
IFNa	3588	BCL10	0.111877871445035
IFNa	3589	REV1	0.111843500393652
IFNa	3590	FAM120A	0.111680167506377
IFNa	3591	NFX1	0.111586010861764
IFNa	3592	UBAP2	0.111488739805847
IFNa	3593	AHCTF1	0.11132361956005
IFNa	3594	TAF1D	0.111179463941661
IFNa	3595	ATP2C1	0.111175507226236
IFNa	3596	SRP19	0.111073073261245
IFNa	3597	MAILR	0.110900787786087
IFNa	3598	THUMPD3-AS1	0.110884318662433
IFNa	3599	CLECL1P	0.110811120607466
IFNa	3600	NAA30	0.110676008919569
IFNa	3601	PDE7A	0.110637486413837
IFNa	3602	TRIP12	0.110568498860097
IFNa	3603	GALNT1	0.110502073757367
IFNa	3604	ZNF407	0.110495732718042
IFNa	3605	ZDHHC5	0.110034564699888
IFNa	3606	HMOX2	0.109996220436426
IFNa	3607	ZFX	0.109986734955595
IFNa	3608	TMEM248	0.109983730466224
IFNa	3609	AVL9	0.10985209680328
IFNa	3610	CEP152	0.109647662595594
IFNa	3611	CSNK1A1	0.109602370561381
IFNa	3612	SSR3	0.109593581404766
IFNa	3613	BAZ2A	0.109577452036592
IFNa	3614	MARCHF7	0.109501084547182
IFNa	3615	FRMD8	0.109309084368996
IFNa	3616	RCHY1	0.10930070385637
IFNa	3617	VAPB	0.109162906444461
IFNa	3618	CMTR2	0.109141272654216
IFNa	3619	POLD3	0.10905983681944
IFNa	3620	PHC3	0.109035510290924
IFNa	3621	VRK1	0.109005159345034
IFNa	3622	RBM5	0.108916092417778
IFNa	3623	TMEM167B	0.108904110631705
IFNa	3624	RNF4	0.108856149019941
IFNa	3625	ARSB	0.108839552013364
IFNa	3626	TXNIP	0.108833021678214
IFNa	3627	DCAF5	0.108824075189561
IFNa	3628	CELF1	0.108701639009219
IFNa	3629	DHX30	0.10870015122556
IFNa	3630	CNOT8	0.108238982458897
IFNa	3631	SERINC1	0.108212214161093
IFNa	3632	TRAPPC8	0.108201618462523
IFNa	3633	RALGDS	0.108007579092171
IFNa	3634	DYRK1A	0.107992428678183
IFNa	3635	ZNF766	0.107843939682137
IFNa	3636	RALGAPB	0.107591310920987
IFNa	3637	STRADA	0.107573267897585
IFNa	3638	UPF2	0.10731424580314
IFNa	3639	TRAPPC9	0.10723720323114
IFNa	3640	CNOT4	0.10704686505832
IFNa	3641	LRMDA	0.106795115202804
IFNa	3642	SMG6	0.10672957023098
IFNa	3643	TMCC1	0.106708359742318
IFNa	3644	WDR89	0.106663586558138
IFNa	3645	PVT1	0.106573003843061
IFNa	3646	ABCD2	0.106542714811281
IFNa	3647	ENSG00000223725	0.106537843911472
IFNa	3648	RNF145	0.10644107287292
IFNa	3649	RNPC3	0.10640155087303
IFNa	3650	GOLPH3	0.10638661628208
IFNa	3651	NCK1	0.106095430750291
IFNa	3652	PSMF1	0.106024979833774
IFNa	3653	SIN3A	0.106022413034491
IFNa	3654	METTL8	0.105937051181484
IFNa	3655	DDX31	0.105809445632782
IFNa	3656	PDZD8	0.105760587495709
IFNa	3657	GCN1	0.105662015743389
IFNa	3658	DNMT3A	0.105560498224501
IFNa	3659	VPS13C	0.105507621931248
IFNa	3660	DDX10	0.105488447351929
IFNa	3661	YTHDF3	0.105468982192044
IFNa	3662	GOLGB1	0.105398757841871
IFNa	3663	TCHP	0.105351532384523
IFNa	3664	CLIP4	0.105215468443781
IFNa	3665	SLTM	0.105185948864421
IFNa	3666	TTL	0.105175052857619
IFNa	3667	CCND3	0.105174563863713
IFNa	3668	CSDE1	0.105116790650335
IFNa	3669	MRPL22	0.104970926122858
IFNa	3670	AQR	0.104784268908126
IFNa	3671	GPBP1L1	0.104336310345231
IFNa	3672	PSMG2	0.104280553414465
IFNa	3673	INO80C	0.104197630564431
IFNa	3674	TOR1B	0.104047451128532
IFNa	3675	CCNT1	0.10398301414241
IFNa	3676	MED28	0.103718989791391
IFNa	3677	RALY	0.10343987671852
IFNa	3678	FNDC3A	0.103400784296001
IFNa	3679	IAH1	0.103335051720304
IFNa	3680	CRNKL1	0.103306563340157
IFNa	3681	RNF146	0.103249268468576
IFNa	3682	CHD1	0.103208054199405
IFNa	3683	ZNF808	0.103093588769583
IFNa	3684	ZNF606	0.102943928941093
IFNa	3685	MIRLET7BHG	0.102931487341023
IFNa	3686	PJA2	0.102902835214849
IFNa	3687	RNF149	0.10286429738097
IFNa	3688	PSME3IP1	0.102861939056652
IFNa	3689	LINC01237	0.102803169431172
IFNa	3690	ENSG00000256591	0.102469613720835
IFNa	3691	AP5Z1	0.102466623122403
IFNa	3692	ARL1	0.102456374797123
IFNa	3693	RFX3-DT	0.102411082514682
IFNa	3694	ANKRD11	0.102140367025781
IFNa	3695	BDP1	0.101990132726849
IFNa	3696	SAMD8	0.101967800291782
IFNa	3697	RBM17	0.101948753557555
IFNa	3698	ARMC8	0.101768466441822
IFNa	3699	ZNF8-DT	0.101707671557465
IFNa	3700	SYTL1	0.101705507002911
IFNa	3701	CPEB4	0.101512171909899
IFNa	3702	GNB1	0.101280919029931
IFNa	3703	NFE2L2	0.101279704019151
IFNa	3704	TTC7A	0.101263664866705
IFNa	3705	KAT6A	0.10120704378433
IFNa	3706	FBXO38	0.101161077995858
IFNa	3707	NISCH	0.101130751787584
IFNa	3708	ZNF24	0.101003581938366
IFNa	3709	ZNF397	0.100936415506134
IFNa	3710	SRP54-AS1	0.100734529180973
IFNa	3711	BNIP3	0.100587771725798
IFNa	3712	ARL6IP6	0.10028212664337
IFNa	3713	DYNC1I2	0.100177670286831
IFNa	3714	RFC1	0.100031770310608
IFNa	3715	ATAD1	0.0998003225278469
IFNa	3716	RBAK-RBAKDN	0.099532494882794
IFNa	3717	CTSC	0.0995292443775049
IFNa	3718	TSEN15	0.0995032690784665
IFNa	3719	HERC3	0.099468640779128
IFNa	3720	RNF111	0.0993756429054646
IFNa	3721	ITPR1	0.0992343178066314
IFNa	3722	DESI2	0.0990972008708262
IFNa	3723	ZCCHC17	0.0989854191865107
IFNa	3724	GDI2	0.0986073168196109
IFNa	3725	RRAGB	0.0986056527558083
IFNa	3726	BTBD3	0.0985916703346725
IFNa	3727	GOLGA3	0.098563267610359
IFNa	3728	GCLC	0.0985203990120887
IFNa	3729	VPS13B	0.0984564196830107
IFNa	3730	KLC1	0.0984255574236924
IFNa	3731	RYK	0.0984204414701453
IFNa	3732	SLFN11	0.0984158308513733
IFNa	3733	CCDC91	0.0983846328315911
IFNa	3734	RBM33	0.0983124449494658
IFNa	3735	GOLGA4	0.0982835963042849
IFNa	3736	GATB	0.0981919652033147
IFNa	3737	KAT2B	0.0981813137281349
IFNa	3738	CENATAC	0.0981590317626782
IFNa	3739	DDX39B	0.0980653950942577
IFNa	3740	AAGAB	0.0978467408993774
IFNa	3741	FEZ2	0.097791143274014
IFNa	3742	NUP160	0.097702827345642
IFNa	3743	NUP98	0.097619107026606
IFNa	3744	RTCA	0.0974108851773767
IFNa	3745	THRAP3	0.0973977309105184
IFNa	3746	NEK1	0.0973584125154699
IFNa	3747	LNPK	0.0971835578711261
IFNa	3748	SIPA1L1	0.097074912399987
IFNa	3749	PCSK7	0.096918275187351
IFNa	3750	CHD6	0.0968483879988055
IFNa	3751	MAPKAPK2	0.0966824551710615
IFNa	3752	ERCC3	0.0966644264644477
IFNa	3753	IFRD1	0.0963318529858495
IFNa	3754	KDM3A	0.0963041019747247
IFNa	3755	PLEKHF2	0.0962614212169077
IFNa	3756	PHF12	0.0960584104469332
IFNa	3757	ABCF1	0.0958644498117776
IFNa	3758	PI4KB	0.0957607424251507
IFNa	3759	LINC01550	0.0955273106405146
IFNa	3760	GMDS-DT	0.095487492917326
IFNa	3761	RREB1	0.0954709840445475
IFNa	3762	ATP9B	0.0953802920409282
IFNa	3763	NPAT	0.095346840335377
IFNa	3764	LINC02762	0.0953034669785766
IFNa	3765	FGFR1OP2	0.0952074882498712
IFNa	3766	E2F3	0.0951009151827607
IFNa	3767	KCNC4	0.0949955041528834
IFNa	3768	VGLL4	0.0949716899130544
IFNa	3769	CUL4A	0.0949662015722825
IFNa	3770	AFG3L1P	0.0948690676603031
IFNa	3771	PTDSS1	0.0947701286763196
IFNa	3772	CNTRL	0.0947171698640118
IFNa	3773	CTSS	0.0943166623037335
IFNa	3774	MED4	0.0942967234702312
IFNa	3775	NAT10	0.0942876244148383
IFNa	3776	ICE1	0.0942006469725815
IFNa	3777	HERC4	0.0941144772225024
IFNa	3778	USP24	0.0940652069962243
IFNa	3779	RNF19A	0.0939270257243614
IFNa	3780	POLR2B	0.0938305344287448
IFNa	3781	UQCC1	0.0938188496652762
IFNa	3782	KLHDC4	0.0938156975912545
IFNa	3783	SNX19	0.0937705254197331
IFNa	3784	ATAD2B	0.0936761650158812
IFNa	3785	SND1	0.0934882209140606
IFNa	3786	SEC62	0.0933737521986542
IFNa	3787	NCOA3	0.0932048125514267
IFNa	3788	ZNF736	0.0931763334493861
IFNa	3789	TNFAIP8	0.0931069091487439
IFNa	3790	LARS2	0.0929608921810272
IFNa	3791	TRAPPC12	0.0928298711087256
IFNa	3792	INPP5K	0.0927954671931652
IFNa	3793	CTDSPL2	0.0927728904814128
IFNa	3794	MMADHC	0.0925944580133695
IFNa	3795	SNRPG	0.0924000022719769
IFNa	3796	TTC14	0.0922084905898418
IFNa	3797	CLSTN1	0.0921992173043572
IFNa	3798	SYMPK	0.0921601336639048
IFNa	3799	TOP3A	0.0919959618817149
IFNa	3800	ZDHHC17	0.0919350777277351
IFNa	3801	PEAK1	0.0919069458117601
IFNa	3802	ENSG00000257759	0.0918245398597761
IFNa	3803	NCKAP1L	0.091797425074215
IFNa	3804	AREL1	0.0917448031316616
IFNa	3805	RPTOR	0.0913303183000456
IFNa	3806	UBE2N	0.0912961265064463
IFNa	3807	PIK3C3	0.0912524085353081
IFNa	3808	NUDCD3	0.0912049015100433
IFNa	3809	CPSF7	0.0910750698034806
IFNa	3810	TAB2	0.0909207910015711
IFNa	3811	CSNK1G3	0.0908820089775893
IFNa	3812	PRPF18	0.090785401512997
IFNa	3813	ZDHHC14	0.0906350168071438
IFNa	3814	TUBGCP6	0.0904045484248253
IFNa	3815	EHBP1L1	0.0902582092662276
IFNa	3816	DIPK1A	0.0900594858300286
IFNa	3817	CPEB3	0.0897221202395246
IFNa	3818	NR3C1	0.0896193654543611
IFNa	3819	MIDEAS	0.0894875329244406
IFNa	3820	DNAJC3	0.089406058456913
IFNa	3821	DYNC1LI2	0.0893318482137528
IFNa	3822	CHUK	0.0893318380248275
IFNa	3823	DNAJC13	0.0889819595570576
IFNa	3824	MINDY3	0.0888019197559953
IFNa	3825	RAB3GAP2	0.0887873830916474
IFNa	3826	TMEM260	0.0887802476208396
IFNa	3827	IWS1	0.0883842468328312
IFNa	3828	CUL2	0.0882941200748391
IFNa	3829	GPATCH2L	0.0882832824806439
IFNa	3830	TNPO3	0.0882717670931513
IFNa	3831	BTBD10	0.0878909094651807
IFNa	3832	UGP2	0.087841490667986
IFNa	3833	STK38L	0.0876886747742081
IFNa	3834	TXNDC12	0.0876597846135668
IFNa	3835	SNRNP48	0.0875678345605995
IFNa	3836	CPNE1	0.0875635273155856
IFNa	3837	CHM	0.0872470106915988
IFNa	3838	MSI2	0.0872467268870473
IFNa	3839	CTBP2	0.0872213294520807
IFNa	3840	MEMO1	0.0869081817603783
IFNa	3841	ZC3H7A	0.0867272637717572
IFNa	3842	MARK2	0.0863710079342139
IFNa	3843	TXNRD1	0.0860671889406736
IFNa	3844	NEK9	0.0858513463405331
IFNa	3845	RBM28	0.085372056656514
IFNa	3846	PKD2	0.085087600146986
IFNa	3847	UBR1	0.0847839910772775
IFNa	3848	CERS6	0.084767482866267
IFNa	3849	RARS1	0.0844119797663579
IFNa	3850	PUM3	0.0843832290023834
IFNa	3851	PPP1R10	0.0837359994108964
IFNa	3852	UGGT1	0.0833881218356744
IFNa	3853	SCFD1	0.0832750293462731
IFNa	3854	CLPB	0.0830371777638941
IFNa	3855	COX16	0.0824838376062152
IFNa	3856	PIAS1	0.082411283021121
IFNa	3857	ERGIC1	0.0820618933880063
IFNa	3858	FOXO3	0.0820309555596082
IFNa	3859	BCLAF1	0.0818222855800968
IFNa	3860	COP1	0.0818207582227151
IFNa	3861	SP3	0.0817323972597728
IFNa	3862	UBXN4	0.0817174023596862
IFNa	3863	GON4L	0.0817170447527909
IFNa	3864	GCC2	0.0815431035040936
IFNa	3865	MYLIP	0.0814748014867662
IFNa	3866	HECTD1	0.0812706427821056
IFNa	3867	STK4	0.0812265022784666
IFNa	3868	CSK	0.0808706514193664
IFNa	3869	COPB1	0.0802498461550177
IFNa	3870	PTAR1	0.080167029830433
IFNa	3871	SLC35A3	0.0799164103736685
IFNa	3872	RELB	0.0797849630586039
IFNa	3873	CEP350	0.0796837727276252
IFNa	3874	IQGAP1	0.079519014596624
IFNa	3875	APH1B	0.0793678787297325
IFNa	3876	PPP6R3	0.0790530172768509
IFNa	3877	PSD3	0.0789358408286211
IFNa	3878	EDEM2	0.078843488609994
IFNa	3879	SHLD2	0.0787659254806155
IFNa	3880	IST1	0.0786775508303859
IFNa	3881	CLIP1	0.0785824538031212
IFNa	3882	PIP4K2A	0.0782801436888413
IFNa	3883	THADA	0.0782296830988408
IFNa	3884	USP37	0.078187144551802
IFNa	3885	RAD23B	0.0778822430605198
IFNa	3886	RBM39	0.0774414167538559
IFNa	3887	NQO2	0.0771492368021094
IFNa	3888	PLEKHM3	0.0769999257472831
IFNa	3889	RAC1	0.0767952038706234
IFNa	3890	USP4	0.0766712551177805
IFNa	3891	RALGPS2	0.0763833431604819
IFNa	3892	GABBR1	0.0760884150451632
IFNa	3893	ELMO1	0.0758260857649828
IFNa	3894	BRD4	0.0758167218746695
IFNa	3895	PDIA4	0.0758079723997122
IFNa	3896	KDM1B	0.0757405530563714
IFNa	3897	PRRC2B	0.0756297012650031
IFNa	3898	CRTAM	0.0754692180890572
IFNa	3899	PPP2R2D	0.075097897623906
IFNa	3900	MTPN	0.0750399524192381
IFNa	3901	MPRIP	0.0749591028903186
IFNa	3902	CHD2	0.0749310934169424
IFNa	3903	PPP2R5E	0.0748415397407333
IFNa	3904	UTP14A	0.0747908557182269
IFNa	3905	LCOR	0.0746633414789106
IFNa	3906	SNX16	0.0745470770567904
IFNa	3907	KDM2A	0.0743999157503568
IFNa	3908	MTX2	0.073858970431412
IFNa	3909	ZNF496	0.0736717682773409
IFNa	3910	PCNT	0.0734518315761017
IFNa	3911	LY75	0.0733983380477813
IFNa	3912	TNPO2	0.0732974552920978
IFNa	3913	SFSWAP	0.0731770701937594
IFNa	3914	EIF3D	0.0728973528074797
IFNa	3915	RSBN1L	0.0727947292275433
IFNa	3916	MDH2	0.0722295356088709
IFNa	3917	VIRMA	0.0721809964102472
IFNa	3918	TNRC6A	0.0721581816564603
IFNa	3919	COG2	0.071874176757651
IFNa	3920	ABCD3	0.0717530103964062
IFNa	3921	AEBP2	0.0712914401285823
IFNa	3922	AAMDC	0.0712495282649166
IFNa	3923	RELCH	0.0711805876113035
IFNa	3924	ALG6	0.0710255507059675
IFNa	3925	SFXN2	0.0710202488490177
IFNa	3926	REL	0.0703653907050886
IFNa	3927	PIK3CB	0.0703360922549465
IFNa	3928	BRAP	0.0703130249533914
IFNa	3929	MDN1	0.0702525691398662
IFNa	3930	TTC21A	0.0699909229831662
IFNa	3931	NCOA6	0.0691671943749011
IFNa	3932	PLXNC1	0.0689344806376959
IFNa	3933	ANKRD17	0.0687486430753328
IFNa	3934	ARFGEF1	0.0686969652017333
IFNa	3935	CAMTA1	0.0686567737502869
IFNa	3936	ZNF148	0.0684986518942064
IFNa	3937	TBCK	0.0683128576821085
IFNa	3938	BLTP2	0.0681689792520806
IFNa	3939	ENSG00000258526	0.0679051059491385
IFNa	3940	KANSL1	0.0678283674225856
IFNa	3941	RNF144B	0.0674733325958198
IFNa	3942	ITSN2	0.0674257505831964
IFNa	3943	GDAP1	0.0674219835324898
IFNa	3944	ATG10	0.0673142069868492
IFNa	3945	FAM78A	0.0672608210791473
IFNa	3946	AP3B1	0.0669322910950225
IFNa	3947	HSPD1	0.0667571442396321
IFNa	3948	ZNF644	0.0667285014496824
IFNa	3949	LRRK1	0.0665118575144207
IFNa	3950	IVNS1ABP	0.0658247474253093
IFNa	3951	BIRC6	0.0656824480050726
IFNa	3952	NSMCE2	0.0655885632374014
IFNa	3953	ENTPD1	0.0655821862061287
IFNa	3954	TSC1	0.0652071629350363
IFNa	3955	WIPI2	0.0650498571687464
IFNa	3956	ZBTB10	0.0648741207715288
IFNa	3957	BTBD9	0.0648198907102986
IFNa	3958	PHF20L1	0.0647102575003992
IFNa	3959	SNRK	0.0646291599885985
IFNa	3960	NCALD	0.0644756268336368
IFNa	3961	SLMAP	0.064334259666187
IFNa	3962	ZNF841	0.064034041926454
IFNa	3963	UBE2V2	0.0638038611684219
IFNa	3964	MGA	0.0632647996028844
IFNa	3965	PPP2R3C	0.0625984808720659
IFNa	3966	SLC7A1	0.0625884540043423
IFNa	3967	PLAC8	0.0623444897945055
IFNa	3968	DDX18	0.0622923853782122
IFNa	3969	WDR25	0.0622894080299516
IFNa	3970	CUL3	0.0619046246193479
IFNa	3971	TMEM63A	0.0614510960451722
IFNa	3972	ECHDC1	0.0614091119502966
IFNa	3973	METAP2	0.0612492112448041
IFNa	3974	HYCC1	0.0608997771696331
IFNa	3975	TBC1D2B	0.060703291764242
IFNa	3976	RAP2B	0.0605063616560588
IFNa	3977	IL2RA	0.059862626426981
IFNa	3978	PELI1	0.0594338544954473
IFNa	3979	RC3H2	0.059153100709778
IFNa	3980	RRP15	0.0590616729423805
IFNa	3981	SLC6A16	0.0590583735335383
IFNa	3982	SEL1L	0.058763260836913
IFNa	3983	UACA	0.0585434371879474
IFNa	3984	PPIL4	0.0580683062284798
IFNa	3985	PTBP3	0.05802339401722
IFNa	3986	MARCHF6	0.0577943968980806
IFNa	3987	CCDC6	0.0577777954525933
IFNa	3988	PITPNA	0.0574518207221503
IFNa	3989	PCNX2	0.0573580895639799
IFNa	3990	CCDC18-AS1	0.0562513619288232
IFNa	3991	OTUD3	0.0562293094858754
IFNa	3992	UBAP1	0.0561049846170015
IFNa	3993	PTPN6	0.0551663986329271
IFNa	3994	CREBZF	0.0551017641870279
IFNa	3995	MTMR3	0.054972411978506
IFNa	3996	HTT	0.0549379873852609
IFNa	3997	ZBTB38	0.0548713274298383
IFNa	3998	DICER1	0.0545593115249011
IFNa	3999	CCNYL1	0.0539125805422742
IFNa	4000	DYNC1H1	0.0537984304975591
IFNa	4001	SCML1	0.05333975620245
IFNa	4002	ZSWIM6	0.0526045574137462
IFNa	4003	RBM3	0.0516109144415436
IFNa	4004	BMS1	0.0495038151861241
IFNa	4005	SCPEP1	0.0490408079784714
IFNa	4006	BTG3	0.0477187396750202
IFNa	4007	GBA1	0.0469418380081649
IFNa	4008	HPCAL1	0.0467408769623903
IFNa	4009	SEC14L1	0.0462092197147027
IFNa	4010	JAK3	0.044714338034759
IFNa	4011	SP4	0.0433119794102073
IFNa	4012	PMM2	0.0429038080851767
IFNa	4013	GFOD1	0.042512137589058
IFNa	4014	GXYLT1	0.0419495295398292
IFNa	4015	PLEKHA5	0.0418918876534535
IFNa	4016	CPLANE1	0.0417279810202774
IFNa	4017	ELL2	0.0416616175526041
IFNa	4018	MZF1	0.0414900995383236
IFNa	4019	REEP5	0.0413818975984173
IFNa	4020	GALNT2	0.0404785673147527
IFNa	4021	GALK2	0.0403766410178701
IFNa	4022	LDAH	0.0391057467991571
IFNa	4023	BCL2L11	0.0390029606079801
IFNa	4024	CD58	0.0386351397541146
IFNa	4025	FANCC	0.0384579163692824
IFNa	4026	NXPE3	0.0379954275326208
IFNa	4027	DSE	0.0371939674533335
IFNa	4028	WASHC4	0.0369325729728142
IFNa	4029	RDX	0.0366583337245941
IFNa	4030	DIP2B	0.0362180545814607
IFNa	4031	ERBIN	0.0361156525015561
IFNa	4032	UMAD1	0.0354823468740743
IFNa	4033	CPPED1	0.0352427318622056
IFNa	4034	FAM76A	0.0345825849874084
IFNa	4035	ZNF441	0.0345099393768463
IFNa	4036	LRP8	0.0340181234022872
IFNa	4037	UBE2Z	0.0337087186931729
IFNa	4038	PAN2	0.0335753029932501
IFNa	4039	C8orf44-SGK3	0.0331021275505914
IFNa	4040	TLN1	0.0330263813140442
IFNa	4041	RSF1	0.032835283971494
IFNa	4042	PAIP2	0.0326884933137907
IFNa	4043	SLC8A1	0.0324068813157995
IFNa	4044	SQLE	0.0323673668564381
IFNa	4045	NBAS	0.0320388973566268
IFNa	4046	ZDHHC2	0.0308926203151054
IFNa	4047	APEX1	0.0302310969517542
IFNa	4048	TGFA	0.0301035129032814
IFNa	4049	ZFP91	0.0296755527610065
IFNa	4050	ALG5	0.0295634181554867
IFNa	4051	DNAJB14	0.0289917716482678
IFNa	4052	ST3GAL1	0.0289212989550117
IFNa	4053	NAGA	0.0287207497735338
IFNa	4054	MIER3	0.0285228124325424
IFNa	4055	ENO1	0.0283270919039229
IFNa	4056	SESTD1	0.0279717796334059
IFNa	4057	MEGF6	0.0273308742218135
IFNa	4058	DDB1	0.0267675576689627
IFNa	4059	UGCG	0.0265826798729274
IFNa	4060	OTULINL	0.025559166646841
IFNa	4061	XRCC5	0.0254753691306193
IFNa	4062	MTMR4	0.0242994870662179
IFNa	4063	ST8SIA4	0.0242769511633708
IFNa	4064	MED17	0.0232603725765939
IFNa	4065	GTPBP4	0.0229202956914266
IFNa	4066	EXT1	0.0214860571944612
IFNa	4067	ELL	0.0210750226735075
IFNa	4068	CSGALNACT2	0.0207957830604415
IFNa	4069	AMN1	0.0207497710666399
IFNa	4070	UBE2G2	0.0192013737784969
IFNa	4071	TP53BP1	0.0184239587582082
IFNa	4072	IMMT	0.0183110540788872
IFNa	4073	CLTC	0.0176970760314895
IFNa	4074	DHRSX	0.0174825884200953
IFNa	4075	SLCO3A1	0.0174550684536133
IFNa	4076	AGAP2	0.0173882565934016
IFNa	4077	MYBBP1A	0.0165601803687734
IFNa	4078	TTC39C	0.0163637260451453
IFNa	4079	DNHD1	0.0162157894430477
IFNa	4080	PGK1	0.0158715529705264
IFNa	4081	GRK3	0.0154094695598227
IFNa	4082	ANKRD44	0.0154000923614366
IFNa	4083	IARS1	0.0149920361996724
IFNa	4084	ELF2	0.014429645491487
IFNa	4085	LCP1	0.013153933427298
IFNa	4086	OSBPL9	0.0126754600399711
IFNa	4087	DIAPH2	0.012630144795071
IFNa	4088	MAGI3	0.012416753066382
IFNa	4089	WTAP	0.0122862220972928
IFNa	4090	SRSF7	0.0117820847437477
IFNa	4091	ELMOD3	0.0116638242381401
IFNa	4092	DGKE	0.0115223560349018
IFNa	4093	FASTKD1	0.0109061914115296
IFNa	4094	NFATC1	0.010511091869205
IFNa	4095	TCP1	0.0101897442663859
IFNa	4096	TTC9	0.0101050440796061
IFNa	4097	FAM135A	0.010076184835849
IFNa	4098	ADAMTS14	0.00927483195625045
IFNa	4099	ESYT2	0.00875896607482367
IFNa	4100	CBLB	0.00865942412135912
IFNa	4101	NIN	0.00858449173480643
IFNa	4102	IL3RA	0.00794172900865373
IFNa	4103	RAB3IP	0.00729447372282478
IFNa	4104	ADAM7-AS1	0.00691283885177206
IFNa	4105	LRRC8D	0.00654645873742636
IFNa	4106	UBASH3B	0.0061814014963416
IFNa	4107	ABCC4	0.0061364722046781
IFNa	4108	GTF2B	0.00606648221161954
IFNa	4109	TUBD1	0.00602025133526818
IFNa	4110	SF3A3	0.00478450415981488
IFNa	4111	RTN4	0.00442004746014738
IFNa	4112	CAMK2D	0.00399978585943584
IFNa	4113	PTGES3	0.0033310368319262
IFNa	4114	PER3	0.00292344263090319
IFNa	4115	FAM241A	0.00269307384903568
IFNa	4116	ZNF146	0.0024545298134613
IFNa	4117	RHBDD1	0.000845721039873227
IFNa	4118	SPOCK2	0.000469616478868437
IFNa	4119	SKAP1	0.00016700495842455
IFNa	4120	PSME2	-3.32941525761632e-05
IFNa	4121	SRSF9	-0.000681347120997551
IFNa	4122	ARRDC2	-0.000859552878866821
IFNa	4123	FNIP1	-0.00246162662631927
IFNa	4124	ENSG00000291175	-0.00292715405623915
IFNa	4125	AMZ2	-0.00303849049714454
IFNa	4126	MAN2B1	-0.00304483888197457
IFNa	4127	PRKCQ	-0.0030706245521773
IFNa	4128	MCU	-0.00313570053688206
IFNa	4129	IDH2	-0.00366443830434324
IFNa	4130	THOC7	-0.00405486531539204
IFNa	4131	ENSG00000237773	-0.00474622270239258
IFNa	4132	TNRC6C	-0.00474690463481919
IFNa	4133	MCPH1	-0.0047848314424758
IFNa	4134	IPO8	-0.00513496859432491
IFNa	4135	ANKRD10	-0.00532111031879925
IFNa	4136	WASF2	-0.00593947108703645
IFNa	4137	ERGIC2	-0.0065040686873302
IFNa	4138	TAF7	-0.00693858478543017
IFNa	4139	EFTUD2	-0.0073664473204995
IFNa	4140	CROCCP3-1	-0.0101747997213456
IFNa	4141	WDR3	-0.0104839281373175
IFNa	4142	HSPA9	-0.0110705977103108
IFNa	4143	CCDC32	-0.0113313184316299
IFNa	4144	DTX4	-0.0115619127189723
IFNa	4145	ZNF600	-0.0118272717955575
IFNa	4146	WDR43	-0.0118928860943826
IFNa	4147	INSIG2	-0.0119123355334214
IFNa	4148	PSME4	-0.0120896271201073
IFNa	4149	NEK7	-0.0122504640023728
IFNa	4150	ENSG00000285999	-0.0123666726292382
IFNa	4151	PPIA	-0.0124329637340308
IFNa	4152	PDIA3	-0.0126195246742783
IFNa	4153	KLHL2	-0.0126198564633286
IFNa	4154	GAS2L3	-0.0135398094935541
IFNa	4155	TMBIM1	-0.0137192218188147
IFNa	4156	FAM177A1	-0.0141280683345252
IFNa	4157	PPM1B	-0.0141785702665908
IFNa	4158	DCP1B	-0.014221427541597
IFNa	4159	TBC1D8	-0.0160074041406061
IFNa	4160	RIC1	-0.0161015366416485
IFNa	4161	SENP7	-0.0162770443554422
IFNa	4162	UBE3A	-0.0163673175950716
IFNa	4163	INPP5F	-0.0165878089244067
IFNa	4164	PITHD1	-0.0174104855389193
IFNa	4165	TNIK	-0.0178512385129339
IFNa	4166	DMXL1	-0.0186190483682645
IFNa	4167	SNX12	-0.019410954948575
IFNa	4168	APP	-0.0197110770900763
IFNa	4169	PATL2	-0.0203503851573464
IFNa	4170	PHACTR4	-0.0203552565386856
IFNa	4171	KANSL1L	-0.020542571215827
IFNa	4172	ZNF101	-0.0205947700199385
IFNa	4173	RPS18	-0.0209066970984617
IFNa	4174	SLX4IP	-0.0212320531781063
IFNa	4175	GPATCH4	-0.0213415133557097
IFNa	4176	FAM3C	-0.0214127926145219
IFNa	4177	ENSG00000287100	-0.021417273077112
IFNa	4178	HCK	-0.0216605720484239
IFNa	4179	UBTD2	-0.0218682998826872
IFNa	4180	GANAB	-0.0218709915267665
IFNa	4181	TYW3	-0.022453301311105
IFNa	4182	BICDL1	-0.023486208622403
IFNa	4183	ARMC2	-0.024247384118751
IFNa	4184	KLHDC3	-0.0245529257086381
IFNa	4185	VAV1	-0.0247090141140582
IFNa	4186	CRY1	-0.0247360968129215
IFNa	4187	WDFY2	-0.024871217607602
IFNa	4188	TMCO1	-0.0252652080946042
IFNa	4189	ITGB1	-0.0258363943122731
IFNa	4190	CYSTM1	-0.0259672417758742
IFNa	4191	RASGRF2	-0.0260856108410567
IFNa	4192	ORC4	-0.0272457725132213
IFNa	4193	SOCS2	-0.027258195445938
IFNa	4194	MYO15B	-0.0272827582282762
IFNa	4195	SSRP1	-0.0277332234777418
IFNa	4196	FADS2	-0.0283279754763245
IFNa	4197	NT5C2	-0.0283611533422894
IFNa	4198	HLA-DQB1	-0.028364232882717
IFNa	4199	NPC1	-0.0284987495437659
IFNa	4200	APLP2	-0.0290572014611812
IFNa	4201	HSPA5	-0.0291607945812448
IFNa	4202	SLC35D2	-0.0302085946524824
IFNa	4203	PHTF2	-0.0302149999690301
IFNa	4204	MECP2	-0.030261411145556
IFNa	4205	RPL29	-0.0306231254710133
IFNa	4206	ATP5F1B	-0.0306648189884289
IFNa	4207	PTPN12	-0.0310666778670185
IFNa	4208	KCTD9	-0.0321540907165981
IFNa	4209	IL4R	-0.0331403771167518
IFNa	4210	METTL15	-0.0332541999530271
IFNa	4211	DDX21	-0.0358242976352344
IFNa	4212	STX5	-0.0361594316729528
IFNa	4213	BCL2L13	-0.0362888026080345
IFNa	4214	DHX35	-0.0363459003049469
IFNa	4215	MIR181A1HG	-0.0366195487953039
IFNa	4216	PRKCB	-0.0370075097839878
IFNa	4217	TRAF3IP2-AS1	-0.0375476814787592
IFNa	4218	RAB21	-0.0378617641675578
IFNa	4219	CREBBP	-0.0380019551250727
IFNa	4220	UBE2E3	-0.0382424212913297
IFNa	4221	FBXO11	-0.0382532422616416
IFNa	4222	EML4	-0.0383872687584896
IFNa	4223	CCSER2	-0.0391341981984376
IFNa	4224	CTPS1	-0.0392562627261664
IFNa	4225	PSMC1	-0.0393830044318146
IFNa	4226	COTL1	-0.0397035258383516
IFNa	4227	TSC22D3	-0.0397782398304468
IFNa	4228	SRP9	-0.0398836988400839
IFNa	4229	POLH	-0.0400410100670925
IFNa	4230	FNBP1	-0.0401836792549882
IFNa	4231	IRAK1	-0.0406128908041685
IFNa	4232	CHMP1B	-0.040837616481918
IFNa	4233	DENND3	-0.0419295599517941
IFNa	4234	CUTC	-0.0421797596387083
IFNa	4235	PIM1	-0.0423742897250106
IFNa	4236	SMARCC1	-0.0426891609956857
IFNa	4237	YWHAG	-0.043237357288217
IFNa	4238	TMED3	-0.0434444057834981
IFNa	4239	MARF1	-0.0438366910727635
IFNa	4240	TCF12	-0.0439668508898094
IFNa	4241	METTL9	-0.0440488513132485
IFNa	4242	BACH1	-0.0443305414916217
IFNa	4243	UBE2H	-0.0443519841205721
IFNa	4244	CNOT2	-0.0443718229853256
IFNa	4245	EIF1AX	-0.0448519159518755
IFNa	4246	TPT1-AS1	-0.045547564183046
IFNa	4247	MDFIC	-0.0463023960251169
IFNa	4248	TSR1	-0.0470693419911113
IFNa	4249	TOB1	-0.0486581697322224
IFNa	4250	ENSG00000273118	-0.0489161323603961
IFNa	4251	FAN1	-0.0490907893875538
IFNa	4252	ZFR	-0.0492034178310367
IFNa	4253	COA1	-0.0497208323139796
IFNa	4254	KPNA1	-0.0498145337981392
IFNa	4255	SH3BP1	-0.0500177387330921
IFNa	4256	SEC31A	-0.0501723587363147
IFNa	4257	TFAM	-0.0507815457189297
IFNa	4258	LATS1	-0.0509163445247936
IFNa	4259	SLAIN2	-0.0509517565466076
IFNa	4260	GSAP	-0.0511015572840055
IFNa	4261	KLHL20	-0.0512727041365613
IFNa	4262	YBX1	-0.0516274616250687
IFNa	4263	PDCD10	-0.0516616118670577
IFNa	4264	MRPL1	-0.0522631907563529
IFNa	4265	CDKAL1	-0.0529820253186735
IFNa	4266	NEK6	-0.0530994447589729
IFNa	4267	HEIH	-0.0534955845463535
IFNa	4268	ZNF292	-0.0535012824714433
IFNa	4269	TMEM30A	-0.0535663001173522
IFNa	4270	MANBA	-0.0536229664651566
IFNa	4271	NSD1	-0.0544256209899365
IFNa	4272	UBAC2	-0.0549070099694785
IFNa	4273	PSMD6-AS2	-0.0549269496437284
IFNa	4274	TXNDC16	-0.0553175772423549
IFNa	4275	KRIT1	-0.0554178503654659
IFNa	4276	EPS15	-0.0555400269174942
IFNa	4277	PPP4R3B	-0.0555707342468423
IFNa	4278	BCR	-0.0556938420464305
IFNa	4279	STXBP3	-0.0557590863693809
IFNa	4280	ZMIZ2	-0.0558305144658168
IFNa	4281	USP10	-0.0560049907238747
IFNa	4282	SYVN1	-0.0566631693963956
IFNa	4283	TAF2	-0.0566720566795981
IFNa	4284	SAMD4B	-0.0566829154363052
IFNa	4285	COG5	-0.0569843840180694
IFNa	4286	HLA-B	-0.0571423984940608
IFNa	4287	PSAP	-0.0589232179307568
IFNa	4288	SMURF2	-0.0589445631905928
IFNa	4289	PHB1	-0.0591555643797161
IFNa	4290	PTAFR	-0.0593626872722413
IFNa	4291	SGTB	-0.0598231852408317
IFNa	4292	QRICH1	-0.0601847763533797
IFNa	4293	MARCHF3	-0.0602805886904677
IFNa	4294	ZNHIT6	-0.0603358505703776
IFNa	4295	GPR174	-0.060436691759643
IFNa	4296	TMEM59	-0.060645303973855
IFNa	4297	AFG3L2	-0.0608030073293323
IFNa	4298	ILF2	-0.061226209468848
IFNa	4299	PPIG	-0.061550814910198
IFNa	4300	ITPRID2	-0.0618542143506307
IFNa	4301	UBA2	-0.0619495267803457
IFNa	4302	PELI2	-0.0621132469460299
IFNa	4303	SENP6	-0.0622695962064983
IFNa	4304	CHMP7	-0.0635368504392256
IFNa	4305	ENSG00000242861	-0.0637236880643954
IFNa	4306	GGNBP2	-0.0639008213139735
IFNa	4307	SBNO1	-0.0639279223916651
IFNa	4308	PPTC7	-0.063981637861185
IFNa	4309	TMEM131L	-0.0640927466808631
IFNa	4310	PTP4A2	-0.0642174281924362
IFNa	4311	SMAD2	-0.0642357538076954
IFNa	4312	NEDD9	-0.0642471679813291
IFNa	4313	SPECC1L	-0.0642705520546255
IFNa	4314	MEAK7	-0.0644825585131754
IFNa	4315	RAP1A	-0.0648450070623651
IFNa	4316	CCPG1	-0.0649413304778875
IFNa	4317	TMOD3	-0.0654970551328114
IFNa	4318	UTP20	-0.0655804244611896
IFNa	4319	TNKS	-0.0657534875839355
IFNa	4320	DENND6A	-0.0661107762033284
IFNa	4321	JPX	-0.0662525279803824
IFNa	4322	VPS35L	-0.0663693610692074
IFNa	4323	CYP20A1	-0.0666717220528508
IFNa	4324	FBXO34	-0.066839832865137
IFNa	4325	BAZ2B	-0.0668970162669716
IFNa	4326	ZNF124	-0.0670309388955871
IFNa	4327	NCOA1	-0.0671646353250317
IFNa	4328	VOPP1	-0.067326530910072
IFNa	4329	KDM5A	-0.0674075913844607
IFNa	4330	ZNF75D	-0.0674593794271566
IFNa	4331	TDRD3	-0.0683073133595217
IFNa	4332	SNX14	-0.0683385271311432
IFNa	4333	TAPT1	-0.0684619358314108
IFNa	4334	HIF1A	-0.0686193619116888
IFNa	4335	UBE2G1	-0.0687555964217236
IFNa	4336	CAB39	-0.0687771887325419
IFNa	4337	NFAT5	-0.0698759376936743
IFNa	4338	PRKCD	-0.0699904245807213
IFNa	4339	DOCK7	-0.0701297428031643
IFNa	4340	NOL6	-0.07026467991836
IFNa	4341	SLC44A1	-0.0703332863550162
IFNa	4342	IFNAR2	-0.0707768718472552
IFNa	4343	ASMTL-AS1	-0.0708436463718308
IFNa	4344	SNX4	-0.070868292470991
IFNa	4345	ADAM10	-0.0709116758538149
IFNa	4346	PAFAH1B1	-0.0711040584641446
IFNa	4347	ADA	-0.0711183712604691
IFNa	4348	RAB2A	-0.0716236628618027
IFNa	4349	ITCH	-0.0716982915986676
IFNa	4350	TTC17	-0.0717977743410578
IFNa	4351	BACH2	-0.0718261677474011
IFNa	4352	DENR	-0.0721108847351383
IFNa	4353	B4GALT1	-0.072137828374832
IFNa	4354	MRPS25	-0.0721853826867911
IFNa	4355	HIBCH	-0.0726747619465722
IFNa	4356	SCAF11	-0.0727927888938198
IFNa	4357	DCAF6	-0.0728214171260123
IFNa	4358	SPIDR	-0.0731868972326465
IFNa	4359	OLA1	-0.0732909061119032
IFNa	4360	TAS2R14	-0.0733009870488904
IFNa	4361	PNP	-0.0733518391189163
IFNa	4362	SET	-0.0734959974097241
IFNa	4363	PFDN1	-0.0735726790963015
IFNa	4364	MFSD14CP-1	-0.0736663803965482
IFNa	4365	NCOR1	-0.0736763152311542
IFNa	4366	ATXN2L	-0.0739568940022822
IFNa	4367	SF3B1	-0.074158762276708
IFNa	4368	MATR3	-0.0741835798004799
IFNa	4369	CARNMT1	-0.0743781333890881
IFNa	4370	GRAP2	-0.0744717088512465
IFNa	4371	SELENOH	-0.0745240818001838
IFNa	4372	SIRT1	-0.0746907388477724
IFNa	4373	GBF1	-0.0749746568818876
IFNa	4374	ABHD18	-0.0750997764802348
IFNa	4375	VAPA	-0.0751894148168684
IFNa	4376	EIF2A	-0.0752367170234657
IFNa	4377	STX8	-0.0752506626158423
IFNa	4378	SLC2A9	-0.0754035981564307
IFNa	4379	ZNF592	-0.0755183955507472
IFNa	4380	WASHC5	-0.0758634397939673
IFNa	4381	ERCC6	-0.0761100135905528
IFNa	4382	TBC1D5	-0.0762316283575643
IFNa	4383	SUZ12	-0.0763112188791708
IFNa	4384	ARRDC3-AS1	-0.0767020800342699
IFNa	4385	POP1	-0.0767433617938005
IFNa	4386	NFIL3	-0.0768201408718983
IFNa	4387	ARPC5	-0.0768882377925187
IFNa	4388	ZFAND6	-0.0773233026628722
IFNa	4389	CCT3	-0.0775679495045315
IFNa	4390	DLG1	-0.0777195321966524
IFNa	4391	TRRAP	-0.077805627403992
IFNa	4392	MICU1	-0.0780450086430542
IFNa	4393	TUBGCP3	-0.0783840879829207
IFNa	4394	SEMA4B	-0.0787218456418663
IFNa	4395	CELF2	-0.0788686320142823
IFNa	4396	GOLM2	-0.0790335214485899
IFNa	4397	SLC37A3	-0.0791355078438954
IFNa	4398	CAPRIN1	-0.0791389809049254
IFNa	4399	MTMR2	-0.079846609542983
IFNa	4400	C3orf38	-0.080133282270446
IFNa	4401	FAM168B	-0.0802704481017869
IFNa	4402	TCF20	-0.0803205184138291
IFNa	4403	NFIC	-0.0803700875501551
IFNa	4404	TMED8	-0.0804695712781635
IFNa	4405	SBF2	-0.0807578425507276
IFNa	4406	LRRC37B	-0.0807806446660711
IFNa	4407	RUFY1	-0.0808448493120588
IFNa	4408	ZFAND4	-0.0810671934141728
IFNa	4409	FAM193A	-0.0811296928566352
IFNa	4410	TRIP11	-0.081141434096678
IFNa	4411	ATP2A2	-0.0811839846949764
IFNa	4412	CDC5L	-0.0811845929813052
IFNa	4413	LSM14A	-0.0814292658982949
IFNa	4414	C9orf85	-0.0814440143139183
IFNa	4415	RNLS	-0.0816209027920036
IFNa	4416	ST3GAL2	-0.0816709329307891
IFNa	4417	LRRFIP1	-0.0818848854395916
IFNa	4418	FBXL17	-0.0820476355472224
IFNa	4419	POFUT1	-0.082162485779241
IFNa	4420	ENSG00000291136	-0.0821699905819625
IFNa	4421	HSPH1	-0.0825440062729267
IFNa	4422	NRF1	-0.0827402768689257
IFNa	4423	LRRFIP2	-0.0829094301149408
IFNa	4424	NAP1L4	-0.0831545346858019
IFNa	4425	SEC16A	-0.0832101178109606
IFNa	4426	ANTXR2	-0.0832897494374233
IFNa	4427	INTS4	-0.083473329140397
IFNa	4428	ZNF562	-0.0839305837124752
IFNa	4429	ZDHHC3	-0.0839520483779414
IFNa	4430	TRMT6	-0.0839651343137289
IFNa	4431	RAB28	-0.084044924814817
IFNa	4432	USP14	-0.0841690655531377
IFNa	4433	UBXN2A	-0.0842315890309272
IFNa	4434	TOGARAM1	-0.084336361879894
IFNa	4435	NGLY1	-0.0844137959390091
IFNa	4436	RPRD1B	-0.0846956918283924
IFNa	4437	EIF5B	-0.0851059971851329
IFNa	4438	AMMECR1	-0.0852258570640798
IFNa	4439	XPR1	-0.0853916821867267
IFNa	4440	CLASP2	-0.0856713829060084
IFNa	4441	MAPKAP1	-0.0856891184911038
IFNa	4442	WWP2	-0.0857820000198989
IFNa	4443	SETDB1	-0.0858394951777275
IFNa	4444	PPP6R2	-0.0858683155224269
IFNa	4445	KIF2A	-0.0860379989399897
IFNa	4446	IRAK2	-0.0862976356896581
IFNa	4447	POU2F1	-0.0864656107924597
IFNa	4448	DCAF10	-0.0864847890403183
IFNa	4449	ANKHD1	-0.086516503680628
IFNa	4450	ZNF160	-0.08658576264492
IFNa	4451	NFYC	-0.086600081925358
IFNa	4452	WDR82	-0.0866350814173908
IFNa	4453	TMEM72-AS1	-0.0867036791502565
IFNa	4454	RASAL3	-0.0867460954936915
IFNa	4455	USP8	-0.0868315875748315
IFNa	4456	INVS	-0.0868969948042604
IFNa	4457	HDAC8	-0.0870146256518181
IFNa	4458	GNA13	-0.0870503048081631
IFNa	4459	FUS	-0.0872014240787442
IFNa	4460	SDHAF3	-0.0872447408447739
IFNa	4461	PIGB	-0.087270982535957
IFNa	4462	TMEM181	-0.0874397473190989
IFNa	4463	CEP57	-0.0876139867858508
IFNa	4464	BCAP29	-0.0876435010274622
IFNa	4465	PLCL2	-0.0877939330562172
IFNa	4466	SRSF11	-0.0878059731398882
IFNa	4467	MIR3667HG	-0.0878708160712065
IFNa	4468	PDS5A	-0.087871168616311
IFNa	4469	HYCC2	-0.0879091050473223
IFNa	4470	BMI1	-0.0882336857576592
IFNa	4471	EPC1	-0.0883532319289768
IFNa	4472	CDC40	-0.0884099548516653
IFNa	4473	STN1	-0.0884464662542261
IFNa	4474	EIF3E	-0.0886151407965395
IFNa	4475	ILRUN	-0.0887073981376824
IFNa	4476	ASH1L	-0.088796089811976
IFNa	4477	CDK13	-0.0888198476073354
IFNa	4478	WWP1	-0.089236193300438
IFNa	4479	DIS3	-0.0892646641590463
IFNa	4480	ZNHIT1	-0.0892817202566942
IFNa	4481	CDC42	-0.0893954933948951
IFNa	4482	SMARCE1	-0.0894187082795422
IFNa	4483	CLUH	-0.0896322859862785
IFNa	4484	USP1	-0.0896398401363472
IFNa	4485	MARCKS	-0.0896414025960848
IFNa	4486	ARHGAP12	-0.0898152054675567
IFNa	4487	DGKD	-0.0898928186445512
IFNa	4488	PRPF38A	-0.0901108013764559
IFNa	4489	INPP5D	-0.0902381105568373
IFNa	4490	GMPS	-0.0903982612388512
IFNa	4491	SGF29	-0.0904381767704892
IFNa	4492	PPFIA1	-0.090456273275161
IFNa	4493	SGK3	-0.090507413234228
IFNa	4494	ZNF25	-0.0905543430734478
IFNa	4495	CYP4V2	-0.0905666357643724
IFNa	4496	UHRF2	-0.0909553154774739
IFNa	4497	HOOK2	-0.0909864103643766
IFNa	4498	ATP11B	-0.0910696885805544
IFNa	4499	MAPK1	-0.0911608711141439
IFNa	4500	IQCB1	-0.0912519181841416
IFNa	4501	EHMT2	-0.0914487042012423
IFNa	4502	DARS1	-0.0915300319406103
IFNa	4503	ARHGAP15	-0.0915583224468436
IFNa	4504	GMEB1	-0.0916198889593196
IFNa	4505	WDR20	-0.0916908147007191
IFNa	4506	LTV1	-0.0918296484605326
IFNa	4507	PDP1	-0.091843879526534
IFNa	4508	PTBP2	-0.0921873631861845
IFNa	4509	HIPK3	-0.0923704393640712
IFNa	4510	KCTD20	-0.092379669601003
IFNa	4511	ZNF212	-0.0925017894033996
IFNa	4512	MCCC1	-0.0925135750434667
IFNa	4513	ANKRD17-DT	-0.092525084307755
IFNa	4514	ABL2	-0.0926061771076855
IFNa	4515	UBE2B	-0.0926799350923103
IFNa	4516	MAP4K5	-0.0927642214234961
IFNa	4517	MAN2A1	-0.09284760964174
IFNa	4518	DNAJC16	-0.0929362781248003
IFNa	4519	TACC1	-0.0929918133305438
IFNa	4520	RBM15	-0.0932530023782997
IFNa	4521	FAM120AOS	-0.093394474796352
IFNa	4522	TAF15	-0.0934326216576435
IFNa	4523	CACUL1	-0.0937007787749147
IFNa	4524	GABPB1	-0.0938789585403486
IFNa	4525	ZSWIM8	-0.0940921516323601
IFNa	4526	LRPPRC	-0.0942171264245859
IFNa	4527	IDE	-0.0944610510496247
IFNa	4528	EIF4B	-0.0946566943354135
IFNa	4529	CD3E	-0.0947676958273843
IFNa	4530	SLC20A2	-0.0949268811355388
IFNa	4531	RCC1L	-0.0950016493994361
IFNa	4532	GPATCH8	-0.0950593826574603
IFNa	4533	CBX1	-0.0951589862068506
IFNa	4534	NCOA7	-0.0952246489358217
IFNa	4535	FOXJ3	-0.0952688008216301
IFNa	4536	TAX1BP1	-0.0953261261941236
IFNa	4537	GOPC	-0.0954320168825815
IFNa	4538	RCAN3	-0.0955435148140389
IFNa	4539	ZNF836	-0.095561565397754
IFNa	4540	BRAF	-0.0956947393560501
IFNa	4541	RAB6A	-0.0958876554405651
IFNa	4542	ZC3H13	-0.0959422279436362
IFNa	4543	ARL6IP5	-0.0961329854783308
IFNa	4544	CCNH	-0.0961566017760993
IFNa	4545	CWF19L2	-0.0962156334721134
IFNa	4546	ERI3	-0.0962753418368217
IFNa	4547	SGPP1	-0.096417664270271
IFNa	4548	PAICS	-0.0964298549983523
IFNa	4549	KLHDC10	-0.0965412442203946
IFNa	4550	SYNGAP1	-0.0966595710822292
IFNa	4551	PARP1	-0.0967819589593387
IFNa	4552	POM121	-0.0968203610299261
IFNa	4553	VAMP4	-0.0968389667960357
IFNa	4554	SAMM50	-0.0969227075688396
IFNa	4555	LTN1	-0.0970264559413068
IFNa	4556	ZNF33A	-0.0972233473909873
IFNa	4557	IKBKE	-0.0973115283331989
IFNa	4558	GYPC	-0.0973129340935612
IFNa	4559	FH	-0.0973688745156959
IFNa	4560	MLH3	-0.09740268597536
IFNa	4561	SLC10A7	-0.0975033584593632
IFNa	4562	HCG18	-0.0975067575365514
IFNa	4563	SLF2	-0.0976947287181664
IFNa	4564	MYO9B	-0.097729510970207
IFNa	4565	ARF1	-0.0977688499573729
IFNa	4566	PCF11	-0.0977763940621681
IFNa	4567	DLEU2	-0.097804400316536
IFNa	4568	YIPF6	-0.0978503011744966
IFNa	4569	KLHL18	-0.0978925155497392
IFNa	4570	PHIP	-0.0978967315375463
IFNa	4571	EP300	-0.0982034182276487
IFNa	4572	DNAJC7	-0.0982067604868411
IFNa	4573	IRF2BP2	-0.0982482251074322
IFNa	4574	FAM172A	-0.098312912140607
IFNa	4575	FAF2	-0.0984344233423326
IFNa	4576	RASA1	-0.0990430511289113
IFNa	4577	SF1	-0.0990579916221205
IFNa	4578	PIK3R4	-0.0990819721775062
IFNa	4579	NOA1	-0.0991014020150424
IFNa	4580	TOMM20	-0.0991313320244095
IFNa	4581	WRN	-0.0992722628987381
IFNa	4582	UBR5	-0.0993405985008362
IFNa	4583	GNL3	-0.0993458851317618
IFNa	4584	ZBTB11	-0.0995298662490372
IFNa	4585	TRIM52	-0.0996758714729519
IFNa	4586	ATF7IP	-0.099786698240496
IFNa	4587	PCM1	-0.0997892945252156
IFNa	4588	NUTM2A-AS1	-0.0998784863279507
IFNa	4589	RSPRY1	-0.10001095856364
IFNa	4590	VPS50	-0.100052891353748
IFNa	4591	TSNAX	-0.100087729153035
IFNa	4592	ICE2	-0.100458796067712
IFNa	4593	MRPL48	-0.100687160213897
IFNa	4594	CENPC	-0.100732588970783
IFNa	4595	MED1	-0.100786011875072
IFNa	4596	RLF	-0.100819001776408
IFNa	4597	ZNF627	-0.100919025045605
IFNa	4598	NUP107	-0.100967174557804
IFNa	4599	CSNK2B	-0.10098093374952
IFNa	4600	ASXL1	-0.100985438519394
IFNa	4601	STAG1	-0.101008783437339
IFNa	4602	APPL1	-0.101077916437577
IFNa	4603	MIB1	-0.101090100078639
IFNa	4604	SNX29	-0.101185877045034
IFNa	4605	DCUN1D5	-0.101201959688427
IFNa	4606	TBL1X	-0.101262520229307
IFNa	4607	TRAM1	-0.101522974284028
IFNa	4608	SNX8	-0.101689905789295
IFNa	4609	HPS3	-0.101745978169575
IFNa	4610	EMC8	-0.101796863298306
IFNa	4611	APPBP2	-0.101802625895776
IFNa	4612	SWAP70	-0.101896120798555
IFNa	4613	SETD3	-0.102116429575244
IFNa	4614	KMT2A	-0.102311246874056
IFNa	4615	DAZAP2	-0.102319671336021
IFNa	4616	GFM2	-0.10235501130136
IFNa	4617	UBL3	-0.102599323432062
IFNa	4618	KRR1	-0.102920917397001
IFNa	4619	ENSG00000286185	-0.102930502754451
IFNa	4620	HECTD4	-0.102946465957233
IFNa	4621	MRRF	-0.103047077924541
IFNa	4622	SRSF3	-0.103213761383235
IFNa	4623	ZMYM4	-0.103406039498547
IFNa	4624	ASCC1	-0.10341392721544
IFNa	4625	MT-RNR2	-0.103415780817505
IFNa	4626	ZXDC	-0.103568508317071
IFNa	4627	EFCAB14	-0.103599781979268
IFNa	4628	HMBOX1	-0.103664726167005
IFNa	4629	PPA2	-0.103812352065357
IFNa	4630	ELAVL1	-0.10382840418109
IFNa	4631	B3GLCT	-0.103867332037772
IFNa	4632	MBTPS1	-0.103900847692311
IFNa	4633	RASA2	-0.103903859682313
IFNa	4634	KLHL28	-0.103903936123301
IFNa	4635	CCSER1	-0.103915294890223
IFNa	4636	ENSG00000203546	-0.104109357748263
IFNa	4637	RAC2	-0.104263764135477
IFNa	4638	KRCC1	-0.104339286115136
IFNa	4639	DBT	-0.104342887854307
IFNa	4640	MAPK1IP1L	-0.104524503928078
IFNa	4641	RPAP2	-0.104581815470942
IFNa	4642	PYHIN1	-0.104663742160741
IFNa	4643	TRAK1	-0.104692425284569
IFNa	4644	IL16	-0.104868303913608
IFNa	4645	MARS1	-0.104901613204634
IFNa	4646	PAPOLA	-0.104943360830089
IFNa	4647	CBFA2T2	-0.105177973284191
IFNa	4648	EXOC1	-0.105205653339949
IFNa	4649	ABCB7	-0.105213157624858
IFNa	4650	TBCA	-0.105258241584532
IFNa	4651	COX19	-0.105271430535924
IFNa	4652	PRMT3	-0.105291559532319
IFNa	4653	COMMD1	-0.105339014901067
IFNa	4654	ZCCHC14	-0.105421527328768
IFNa	4655	ISY1	-0.105437133281017
IFNa	4656	MBNL1	-0.105599545190859
IFNa	4657	KIAA0586	-0.105633854748392
IFNa	4658	MARK3	-0.105685416423656
IFNa	4659	GTF3C3	-0.105777308244259
IFNa	4660	YTHDF1	-0.105839962716801
IFNa	4661	MAPK6	-0.105987368032491
IFNa	4662	SAR1B	-0.10605475119781
IFNa	4663	ARFGEF2	-0.10619902724047
IFNa	4664	ENSG00000272917	-0.106208373043274
IFNa	4665	ALKBH1	-0.106287422892392
IFNa	4666	ERMARD	-0.106394324777188
IFNa	4667	ZBTB33	-0.106489329977794
IFNa	4668	MDM4	-0.106739139252556
IFNa	4669	MARK4	-0.106834977629695
IFNa	4670	MAP2K1	-0.10706230212033
IFNa	4671	RAD23A	-0.107202773293012
IFNa	4672	SLC2A13	-0.107251539878001
IFNa	4673	LCORL	-0.107425019567367
IFNa	4674	TYW1B	-0.107463487442766
IFNa	4675	PHYKPL	-0.107579007593506
IFNa	4676	AGFG1	-0.107651550653693
IFNa	4677	TUT4	-0.107677532771004
IFNa	4678	WDR53	-0.107728499372017
IFNa	4679	YARS1	-0.107770934527503
IFNa	4680	AAK1	-0.107905410673768
IFNa	4681	STK17A	-0.107907561939951
IFNa	4682	KIAA2026	-0.107927324086674
IFNa	4683	VPS36	-0.107933542508754
IFNa	4684	SPOP	-0.108086645762168
IFNa	4685	ANKRD13C	-0.108332368574492
IFNa	4686	DCAF12	-0.108451984276537
IFNa	4687	UST	-0.108467206902225
IFNa	4688	KDM3B	-0.108541851654965
IFNa	4689	PHF20	-0.10854507891031
IFNa	4690	PBX3	-0.108752895701099
IFNa	4691	MTERF1	-0.108757624951716
IFNa	4692	CAPZA1	-0.108809136873913
IFNa	4693	MAU2	-0.108846662143946
IFNa	4694	SRPK1	-0.108997580929953
IFNa	4695	RCC1	-0.10905126083554
IFNa	4696	TNRC6B	-0.109104532224484
IFNa	4697	R3HDM2	-0.109285864531128
IFNa	4698	TTLL4	-0.109394703877439
IFNa	4699	SPAST	-0.109493366173615
IFNa	4700	SCLY	-0.109591084687985
IFNa	4701	PLRG1	-0.109632618071482
IFNa	4702	STIM2	-0.109726563216925
IFNa	4703	UBTF	-0.109759022522761
IFNa	4704	KTN1	-0.109772298753609
IFNa	4705	BTBD7	-0.109919396640633
IFNa	4706	NDFIP1	-0.109943179067537
IFNa	4707	C6orf89	-0.110073772349184
IFNa	4708	RPP38	-0.110083267379366
IFNa	4709	TALAM1	-0.110094597958224
IFNa	4710	PPP3R1	-0.110139917368616
IFNa	4711	PPAN	-0.110196300323901
IFNa	4712	NHLRC2	-0.110220779791464
IFNa	4713	KATNBL1	-0.110232807851642
IFNa	4714	FLOT1	-0.110288665684568
IFNa	4715	RASGRP1	-0.110365149736659
IFNa	4716	NUDT3	-0.11043849460021
IFNa	4717	LINC00623	-0.110483165168144
IFNa	4718	TIMM23	-0.110483692800466
IFNa	4719	CANX	-0.110557485549732
IFNa	4720	IFNAR1	-0.110607251288924
IFNa	4721	SEPTIN7	-0.110653297261918
IFNa	4722	SIK3	-0.110661449531204
IFNa	4723	YLPM1	-0.110743303019271
IFNa	4724	ENTPD4	-0.110886752847793
IFNa	4725	IPMK	-0.110900718234474
IFNa	4726	HDGFL3	-0.111012831843822
IFNa	4727	ENSG00000271774	-0.11103062511076
IFNa	4728	DNAJC1	-0.111051178719308
IFNa	4729	MAP3K20	-0.111105004516058
IFNa	4730	SLC38A10	-0.111321195271216
IFNa	4731	SESN1	-0.111610909194508
IFNa	4732	MPDU1	-0.111647824358488
IFNa	4733	KMT2E	-0.111656594705797
IFNa	4734	YIPF5	-0.111741756670471
IFNa	4735	RABGEF1	-0.111827086402473
IFNa	4736	ENSG00000291203	-0.112061723746066
IFNa	4737	SPOPL	-0.112169362694198
IFNa	4738	ZBTB20	-0.11227453411694
IFNa	4739	ENSG00000267787	-0.112296282623009
IFNa	4740	ALG11	-0.112375162006513
IFNa	4741	CLNS1A	-0.112560552957394
IFNa	4742	DCTN4	-0.112642989721996
IFNa	4743	RORA-AS1	-0.112678996605598
IFNa	4744	ZNF510	-0.112679657368714
IFNa	4745	ATXN2	-0.112749987544405
IFNa	4746	TBC1D12	-0.112800035381002
IFNa	4747	ITFG1	-0.113110333023766
IFNa	4748	RHOA	-0.113150239244591
IFNa	4749	RHOG	-0.113169908042907
IFNa	4750	CLN6	-0.113307928543403
IFNa	4751	TRMT1	-0.113631816977768
IFNa	4752	RAP1GDS1	-0.113749210592341
IFNa	4753	TRIB1	-0.113845138911424
IFNa	4754	CDK19	-0.113896205198601
IFNa	4755	DTX2	-0.113949203577331
IFNa	4756	BORCS5	-0.113960325598075
IFNa	4757	ALMS1	-0.114018292672051
IFNa	4758	TXNDC9	-0.114067379067794
IFNa	4759	OSBP	-0.114098333149193
IFNa	4760	IPP	-0.114115931133877
IFNa	4761	PSIP1	-0.114498796868633
IFNa	4762	BRCC3	-0.114748918952785
IFNa	4763	UGT8	-0.114777569478035
IFNa	4764	MMS19	-0.114778866890245
IFNa	4765	RETREG3	-0.114871669671832
IFNa	4766	XPA	-0.114875024736492
IFNa	4767	SLC39A10	-0.114975640660277
IFNa	4768	DENND11	-0.11499267123801
IFNa	4769	UBR3	-0.115153114227324
IFNa	4770	AGO3	-0.115190175650621
IFNa	4771	PTPDC1	-0.115191611666991
IFNa	4772	AGTPBP1	-0.115222290479365
IFNa	4773	PIGN	-0.115293085040945
IFNa	4774	TTBK2	-0.11533365203033
IFNa	4775	SEC22A	-0.115446021808667
IFNa	4776	ARHGAP26	-0.115541512808237
IFNa	4777	MYO9A	-0.11567393650765
IFNa	4778	IKZF3	-0.115743035837899
IFNa	4779	ZCCHC7	-0.115784277443489
IFNa	4780	CLPX	-0.115833526135714
IFNa	4781	EMSY	-0.11586427118246
IFNa	4782	NUP42	-0.115872822284589
IFNa	4783	ANAPC7	-0.115876855135251
IFNa	4784	ITGA4	-0.115925786362652
IFNa	4785	MRPS21	-0.11594183002511
IFNa	4786	TSG101	-0.115988757600398
IFNa	4787	ZNF131	-0.11606602311016
IFNa	4788	LINC01004	-0.116245330786943
IFNa	4789	TDP2	-0.116415853128631
IFNa	4790	METTL6	-0.116647450013834
IFNa	4791	STRN	-0.116876755600778
IFNa	4792	UBR2	-0.11700527573218
IFNa	4793	ABL1	-0.117059154896276
IFNa	4794	TMEM267	-0.117143586050463
IFNa	4795	PAN3	-0.117202863006285
IFNa	4796	IARS2	-0.117273129392007
IFNa	4797	FAF1	-0.117346129967982
IFNa	4798	ZYX	-0.117446542173127
IFNa	4799	TOMM40	-0.117524505921361
IFNa	4800	NCBP3	-0.117570082119638
IFNa	4801	CREB1	-0.117591117525998
IFNa	4802	KRAS	-0.117615150217132
IFNa	4803	PKNOX1	-0.117676480703084
IFNa	4804	EEA1	-0.11772657379369
IFNa	4805	BBS1	-0.117794852341251
IFNa	4806	CCDC66	-0.117894806802892
IFNa	4807	LUC7L	-0.117907279560751
IFNa	4808	PLEKHA3	-0.117944088900522
IFNa	4809	EML2	-0.118028063874004
IFNa	4810	MKLN1	-0.118039863976298
IFNa	4811	CAMTA2	-0.118218001597111
IFNa	4812	VPS26A	-0.118306153893787
IFNa	4813	VDR	-0.118310836528869
IFNa	4814	DNAJA3	-0.118373773788752
IFNa	4815	PTS	-0.11842724391866
IFNa	4816	CEP104	-0.118707376604266
IFNa	4817	PDCD11	-0.118739641399628
IFNa	4818	RAD50	-0.118792061427311
IFNa	4819	WNK1	-0.118812611697736
IFNa	4820	OSBPL8	-0.118933339916831
IFNa	4821	PARN	-0.118946445170397
IFNa	4822	TXK	-0.119076040269675
IFNa	4823	NAE1	-0.119151021064961
IFNa	4824	AIMP1	-0.119231293081173
IFNa	4825	APTX	-0.119292260915641
IFNa	4826	KATNA1	-0.119349457090058
IFNa	4827	SRBD1	-0.119486929342097
IFNa	4828	ING3	-0.119569857315086
IFNa	4829	AK3	-0.11957454770317
IFNa	4830	PBRM1	-0.119628510773733
IFNa	4831	ARID1B	-0.119652004926457
IFNa	4832	ZNF337	-0.119677714852056
IFNa	4833	SREK1IP1	-0.119768763658961
IFNa	4834	TET2	-0.119824265379742
IFNa	4835	RAD17	-0.119838406578414
IFNa	4836	ENSG00000285692	-0.119899918635461
IFNa	4837	C3orf62	-0.119942257779413
IFNa	4838	SELENOT	-0.119944503497472
IFNa	4839	ZNF506	-0.12011591127559
IFNa	4840	RPA1	-0.120237585654676
IFNa	4841	ARID1A	-0.120257932258444
IFNa	4842	IPO9	-0.120417260026624
IFNa	4843	CPOX	-0.120426627202979
IFNa	4844	FAM133B	-0.120491847360787
IFNa	4845	CRTC1	-0.120502672054805
IFNa	4846	TRAF3	-0.12054315758165
IFNa	4847	TUBGCP4	-0.120587303310778
IFNa	4848	SMYD3	-0.120599481931669
IFNa	4849	NEMF	-0.120633570036513
IFNa	4850	TBRG4	-0.120669372709551
IFNa	4851	PCNX4	-0.120912908728079
IFNa	4852	ENSG00000285756	-0.12094640518535
IFNa	4853	RALGAPA1	-0.121147047516768
IFNa	4854	MAP2K5	-0.121266620393549
IFNa	4855	PAM16	-0.121415133018306
IFNa	4856	EIF4E	-0.121453426356331
IFNa	4857	AOAH	-0.121539506642131
IFNa	4858	SEC23IP	-0.12154110243358
IFNa	4859	PPP2R5A	-0.121730706233457
IFNa	4860	PPP3CB	-0.121782775273579
IFNa	4861	CNOT10	-0.121800418114302
IFNa	4862	ERCC6L2	-0.121840743716412
IFNa	4863	MVD	-0.121860525265547
IFNa	4864	TRABD2A	-0.121977977624567
IFNa	4865	ZCCHC8	-0.122129659930171
IFNa	4866	ALDOA	-0.122218395940875
IFNa	4867	SLC17A5	-0.122233458662407
IFNa	4868	BTF3L4	-0.122322579167272
IFNa	4869	NSD2	-0.122419955602762
IFNa	4870	ERN1	-0.122439291084382
IFNa	4871	ATG7	-0.122478704049388
IFNa	4872	XPO7	-0.12249644803548
IFNa	4873	ROCK2	-0.122540523189671
IFNa	4874	GUSBP11	-0.122597713678607
IFNa	4875	SKA2	-0.122855359105148
IFNa	4876	TAMM41	-0.122903173853651
IFNa	4877	POMK	-0.122994654722388
IFNa	4878	C2orf49	-0.123065819794251
IFNa	4879	LYZ	-0.123084037045597
IFNa	4880	FTO	-0.123177740936157
IFNa	4881	ZNF862	-0.123182021764241
IFNa	4882	NIPSNAP3A	-0.123293926417923
IFNa	4883	ZNF274	-0.123337398603215
IFNa	4884	NF2	-0.123352856305523
IFNa	4885	TADA2A	-0.123367121168125
IFNa	4886	POM121C	-0.123387108731088
IFNa	4887	PLXND1	-0.123465876141287
IFNa	4888	RGS5	-0.123516992225153
IFNa	4889	ERLEC1	-0.123620501892116
IFNa	4890	SUGT1P3-1	-0.123707581331816
IFNa	4891	SCAMP1	-0.123779184728872
IFNa	4892	TRIM16	-0.124124508143948
IFNa	4893	ENSA	-0.124135709966301
IFNa	4894	XRRA1	-0.124162288101094
IFNa	4895	CNOT6L	-0.124228628700432
IFNa	4896	CLEC2B	-0.124357196626484
IFNa	4897	GNG5	-0.124427248776402
IFNa	4898	CHIC1	-0.124532461470672
IFNa	4899	KMT5B	-0.124583966654457
IFNa	4900	CCND2	-0.124593190763869
IFNa	4901	NEK11	-0.124733027163904
IFNa	4902	ACBD6	-0.124861113910925
IFNa	4903	SMIM4	-0.125124884307172
IFNa	4904	MAP3K2	-0.12528178011296
IFNa	4905	TC2N	-0.125292846769203
IFNa	4906	TRAPPC3	-0.125308334402728
IFNa	4907	SUGT1	-0.125308940282924
IFNa	4908	USP48	-0.125328184246235
IFNa	4909	CHD9	-0.125341876376476
IFNa	4910	LRRC40	-0.125433136680793
IFNa	4911	HSPA14	-0.125465059181269
IFNa	4912	CAPN7	-0.12563393473885
IFNa	4913	RBBP4	-0.125732758734904
IFNa	4914	USP3	-0.125887182574937
IFNa	4915	OGFOD1	-0.125913453385512
IFNa	4916	CLCN3	-0.126047147461649
IFNa	4917	WDR45B	-0.126110672390782
IFNa	4918	LINC01588	-0.126147966230038
IFNa	4919	IL2RB	-0.126196838106624
IFNa	4920	QRSL1	-0.126252709677965
IFNa	4921	DDX17	-0.126283456018366
IFNa	4922	KXD1	-0.126307880631609
IFNa	4923	PRDM10	-0.126313881395505
IFNa	4924	SENP5	-0.126363011770199
IFNa	4925	MRPS31	-0.126443788551305
IFNa	4926	SEC22C	-0.126615612627953
IFNa	4927	CCZ1	-0.126656282440259
IFNa	4928	MCMBP	-0.126715510374909
IFNa	4929	MORC4	-0.126756236146165
IFNa	4930	ARID2	-0.126801259969813
IFNa	4931	ZNF41	-0.126836665606656
IFNa	4932	MGRN1	-0.126856593166935
IFNa	4933	SKIL	-0.127226107876343
IFNa	4934	HACL1	-0.127276613607385
IFNa	4935	BTK	-0.127424014956642
IFNa	4936	DENND4A	-0.12749100786765
IFNa	4937	SYNRG	-0.127511857366054
IFNa	4938	CBFB	-0.127557199903533
IFNa	4939	PHLPP2	-0.127592863504321
IFNa	4940	MLXIP	-0.127709969822281
IFNa	4941	SYF2	-0.127721576550959
IFNa	4942	LINC01473	-0.127723061895899
IFNa	4943	TANGO6	-0.127876460988133
IFNa	4944	CHML	-0.127909852985449
IFNa	4945	TATDN1	-0.127943857732535
IFNa	4946	ASAP1	-0.127960616523456
IFNa	4947	SNRNP200	-0.127962301322382
IFNa	4948	PSMD6-AS1	-0.12796697318677
IFNa	4949	SCFD2	-0.127992069048061
IFNa	4950	EBLN3P	-0.128201373501845
IFNa	4951	FBXO42	-0.128252175309295
IFNa	4952	EDEM3	-0.128330422296133
IFNa	4953	SYK	-0.128432300115256
IFNa	4954	PIBF1	-0.128891652279796
IFNa	4955	FOXK2	-0.128968399796862
IFNa	4956	NKTR	-0.128969412516722
IFNa	4957	TIMMDC1	-0.129028358057537
IFNa	4958	PRDX6-AS1	-0.129348921502514
IFNa	4959	UBE2L3	-0.129414052917592
IFNa	4960	ENSG00000283128	-0.129441807103943
IFNa	4961	ARPC2	-0.129494608474662
IFNa	4962	NEPRO	-0.129642207311502
IFNa	4963	GPR108	-0.129670626019627
IFNa	4964	HP1BP3	-0.12973463849749
IFNa	4965	DRAM2	-0.129824416839563
IFNa	4966	TMEM241	-0.129825669872716
IFNa	4967	CDC42SE1	-0.129840871512704
IFNa	4968	ENSG00000288632	-0.129840931724221
IFNa	4969	ENSG00000198106	-0.129888913945955
IFNa	4970	NAGPA	-0.12991609163163
IFNa	4971	GPD1L	-0.12998534653518
IFNa	4972	SCAPER	-0.129986749358901
IFNa	4973	LCMT1	-0.129992515421098
IFNa	4974	IKZF1	-0.130035919276222
IFNa	4975	AGPAT2	-0.130041234079819
IFNa	4976	AAMP	-0.130065947820566
IFNa	4977	DPH5	-0.130076639614059
IFNa	4978	ASTE1	-0.130076947702058
IFNa	4979	ACTR3B	-0.1301325146338
IFNa	4980	STYXL1	-0.13016864219428
IFNa	4981	PPP6C	-0.130252473268663
IFNa	4982	LAPTM5	-0.13037236523517
IFNa	4983	LRRC8C	-0.130379225999495
IFNa	4984	PAFAH1B2	-0.130415937763791
IFNa	4985	PABPN1	-0.130429714453585
IFNa	4986	ZNF721	-0.130459780657453
IFNa	4987	TMEM51	-0.130465839915875
IFNa	4988	TBC1D20	-0.130472522848596
IFNa	4989	KHDC4	-0.13050518633116
IFNa	4990	RPL31P46	-0.130609004196727
IFNa	4991	RAPGEF6	-0.130666567330513
IFNa	4992	CERT1	-0.130931142718981
IFNa	4993	FAM168A	-0.1310501199979
IFNa	4994	SERINC5	-0.131067294907093
IFNa	4995	CHAMP1	-0.131093101167096
IFNa	4996	GCDH	-0.131098837622825
IFNa	4997	CCDC25	-0.13114026794066
IFNa	4998	SIK2	-0.131149551036058
IFNa	4999	RANBP2	-0.131183998463624
IFNa	5000	TFCP2	-0.131203190909879
IFNa	5001	OSBPL11	-0.13123905231643
IFNa	5002	C1orf43	-0.131330610706483
IFNa	5003	GPALPP1	-0.131372174651435
IFNa	5004	XRCC1	-0.13138118734187
IFNa	5005	MTIF3	-0.131394799681244
IFNa	5006	ESD	-0.131407715679074
IFNa	5007	YEATS4	-0.131434814673619
IFNa	5008	KPNA3	-0.131444502000023
IFNa	5009	REV3L	-0.131595858201494
IFNa	5010	SNRPN	-0.131597033130925
IFNa	5011	TMEM245	-0.131604714794251
IFNa	5012	HADHB	-0.131809315631854
IFNa	5013	CMTM6	-0.131829352329169
IFNa	5014	CCDC12	-0.13184021141693
IFNa	5015	IBTK	-0.131972387725903
IFNa	5016	TTC19	-0.131980695305221
IFNa	5017	SNX3	-0.13199991409804
IFNa	5018	TBC1D15	-0.132034907190399
IFNa	5019	SLC50A1	-0.132050435689243
IFNa	5020	PCTP	-0.132052636187753
IFNa	5021	BLTP3B	-0.132110293601142
IFNa	5022	IDI1	-0.132111990216968
IFNa	5023	ZZZ3	-0.132121360681591
IFNa	5024	DCP1A	-0.132132931058722
IFNa	5025	MORF4L1	-0.132152917972072
IFNa	5026	AKAP8L	-0.132318115439369
IFNa	5027	UBN2	-0.132325554138686
IFNa	5028	HLTF	-0.132397566390874
IFNa	5029	PIP5K1C	-0.132571423806291
IFNa	5030	ACACA	-0.132591196356591
IFNa	5031	ODR4	-0.132613834945573
IFNa	5032	SUPV3L1	-0.132667087725381
IFNa	5033	LPCAT3	-0.13268178167208
IFNa	5034	SRRM2	-0.132687354150452
IFNa	5035	TEX10	-0.132694243202437
IFNa	5036	ENSG00000285851	-0.132751847988602
IFNa	5037	CD96	-0.132777528874523
IFNa	5038	SKP1	-0.13291298316577
IFNa	5039	MYLK-AS1	-0.132982824496124
IFNa	5040	TBC1D31	-0.133068455522572
IFNa	5041	CHASERR	-0.133143348450369
IFNa	5042	WDR5	-0.13316401243322
IFNa	5043	RBMX	-0.133185657748921
IFNa	5044	ARMH4	-0.133209981709209
IFNa	5045	ZNF335	-0.133239444066163
IFNa	5046	TMEM165	-0.133336717990072
IFNa	5047	CRLS1	-0.13333873493522
IFNa	5048	RAB18	-0.133527982724656
IFNa	5049	ZNF260	-0.13355887470698
IFNa	5050	EXOC4	-0.133573581043022
IFNa	5051	ING5	-0.133655382775445
IFNa	5052	FAM234A	-0.133672352744255
IFNa	5053	USP28	-0.133696553534371
IFNa	5054	COPA	-0.133714966351841
IFNa	5055	ZNF83	-0.133748891804665
IFNa	5056	NUP35	-0.133782037700307
IFNa	5057	NDE1	-0.133799298578529
IFNa	5058	GLRX	-0.133833099296275
IFNa	5059	UNC13D	-0.133905939026315
IFNa	5060	STX7	-0.133966224023163
IFNa	5061	SEMA4D	-0.133966503700186
IFNa	5062	RRP1B	-0.133986728933064
IFNa	5063	MRS2	-0.134029186940178
IFNa	5064	MAP4K3	-0.134232475143248
IFNa	5065	ETFA	-0.134379498634127
IFNa	5066	SUZ12P1	-0.134472844805077
IFNa	5067	ZNF710	-0.134509026504764
IFNa	5068	XRCC6	-0.134587294251717
IFNa	5069	ATRN	-0.134610971535212
IFNa	5070	MAP2K4	-0.134615771864322
IFNa	5071	SGTA	-0.134619385876989
IFNa	5072	BICRAL	-0.134623248825333
IFNa	5073	GIT2	-0.134632461875724
IFNa	5074	LDLRAD3	-0.134770233218008
IFNa	5075	ENSG00000100101	-0.134835270241619
IFNa	5076	FLOT2	-0.134919491557671
IFNa	5077	ZNF518A	-0.134952760007431
IFNa	5078	HAUS8	-0.135043115186642
IFNa	5079	TARS3	-0.135267183956573
IFNa	5080	RHOF	-0.135378334207576
IFNa	5081	TLK1	-0.135393982811237
IFNa	5082	SRPK2	-0.135527494225951
IFNa	5083	PLCB1	-0.135590643362317
IFNa	5084	WDR55	-0.135622491223403
IFNa	5085	FUT8	-0.135663902338742
IFNa	5086	TTI1	-0.135735175937929
IFNa	5087	NR1D2	-0.135994721176063
IFNa	5088	SMAD4	-0.136032608290827
IFNa	5089	CDR2	-0.136053772649055
IFNa	5090	DNAJC9	-0.136199700224412
IFNa	5091	ARHGAP21	-0.13627819803491
IFNa	5092	TMLHE	-0.136311566724993
IFNa	5093	ZNF609	-0.136349859867307
IFNa	5094	TALDO1	-0.136368153135324
IFNa	5095	ZSCAN26	-0.136373649285143
IFNa	5096	WDR75	-0.136434917168932
IFNa	5097	ZBTB44	-0.13657100176049
IFNa	5098	NBPF12	-0.136625429523367
IFNa	5099	PIK3C2A	-0.136777821583442
IFNa	5100	HPS1	-0.136858783781832
IFNa	5101	NUP88	-0.137002864848988
IFNa	5102	REST	-0.137037269203045
IFNa	5103	FUBP3	-0.137072416525921
IFNa	5104	ACBD3	-0.137166209568825
IFNa	5105	CIRBP	-0.137288433865114
IFNa	5106	BRWD1	-0.13738740129158
IFNa	5107	RIOK2	-0.137543711388076
IFNa	5108	PCED1B	-0.137552790132645
IFNa	5109	CENPP	-0.137619613184427
IFNa	5110	AFG1L	-0.137646114474164
IFNa	5111	MORF4L2	-0.137652421418124
IFNa	5112	MRPS28	-0.137699938972317
IFNa	5113	AKIRIN1	-0.137725150708009
IFNa	5114	COPG2	-0.137736163823432
IFNa	5115	USP36	-0.137747944099285
IFNa	5116	RSL24D1	-0.137869250662427
IFNa	5117	ENSG00000272368	-0.138012651316864
IFNa	5118	KLHL8	-0.138054041349585
IFNa	5119	PIN4	-0.138118025902637
IFNa	5120	CSE1L	-0.138177569857543
IFNa	5121	RHOT1	-0.138192799360385
IFNa	5122	ENSG00000283208	-0.138296963306503
IFNa	5123	CBL	-0.138328272009054
IFNa	5124	ZNF197	-0.138374791380061
IFNa	5125	TTC13	-0.138533636488602
IFNa	5126	HEATR5B	-0.138784734494316
IFNa	5127	FBXO4	-0.138876169238958
IFNa	5128	RABEP1	-0.138962543204306
IFNa	5129	UBE2F-SCLY	-0.139069682569707
IFNa	5130	TRMT61B	-0.139248277216471
IFNa	5131	EDC3	-0.139254195818563
IFNa	5132	AKAP9	-0.13925665992392
IFNa	5133	CD22	-0.139264294049507
IFNa	5134	CDRT4	-0.139308006435738
IFNa	5135	NEPRO-AS1	-0.139335261796084
IFNa	5136	CATSPERE	-0.139347172480372
IFNa	5137	CCT5	-0.139418340000721
IFNa	5138	TIAL1	-0.13949285904269
IFNa	5139	TIA1	-0.13952610855756
IFNa	5140	ZDHHC20	-0.139552563542275
IFNa	5141	RNMT	-0.139842843728557
IFNa	5142	DHX9	-0.139890391652941
IFNa	5143	ZMYND8	-0.140087649590732
IFNa	5144	GCFC2	-0.140111646564136
IFNa	5145	HIPK2	-0.140173770665494
IFNa	5146	LRP6	-0.140269181184476
IFNa	5147	ZNF224	-0.140272319543789
IFNa	5148	CMAS	-0.140352919026632
IFNa	5149	PAAF1	-0.14039954071658
IFNa	5150	CD40LG	-0.140399711809964
IFNa	5151	COG4	-0.140416645187482
IFNa	5152	RHBDD3	-0.14042061120491
IFNa	5153	NAA15	-0.140496216525694
IFNa	5154	MPHOSPH8	-0.140568469199836
IFNa	5155	RIPOR2	-0.140574991258928
IFNa	5156	TAF12	-0.14057882581078
IFNa	5157	ARHGEF1	-0.140608211544262
IFNa	5158	BIN2	-0.140652941472941
IFNa	5159	CNOT9	-0.140678915143315
IFNa	5160	RPS6KA3	-0.14068525781795
IFNa	5161	MRPL33	-0.140691343680606
IFNa	5162	CLPTM1	-0.140747960698458
IFNa	5163	PTCD3	-0.140756193431802
IFNa	5164	ZSCAN18	-0.140780652353599
IFNa	5165	TYW5	-0.14081799573359
IFNa	5166	MITD1	-0.140853067405626
IFNa	5167	SLC39A9	-0.140945105907544
IFNa	5168	DAAM1	-0.140995717324189
IFNa	5169	SERP1	-0.14106193511245
IFNa	5170	UBA3	-0.141084308921727
IFNa	5171	TMEM68	-0.1411036867095
IFNa	5172	ENSG00000281039	-0.141110206895272
IFNa	5173	PDHB	-0.141140736606374
IFNa	5174	BCKDHB	-0.141167654230841
IFNa	5175	AUH	-0.141168721442202
IFNa	5176	ACYP2	-0.141185249100396
IFNa	5177	SLC30A5	-0.141206504842375
IFNa	5178	SRRM1	-0.141277092804727
IFNa	5179	CCT6P3-1	-0.141535240877792
IFNa	5180	RAB11A	-0.141670131966544
IFNa	5181	TMEM9B	-0.141687168510512
IFNa	5182	IMMP2L	-0.141719903918702
IFNa	5183	ARMCX5-GPRASP2	-0.141753076641959
IFNa	5184	CD5	-0.141819098462329
IFNa	5185	ZNF106	-0.141852513705149
IFNa	5186	PYCR2	-0.141905217610675
IFNa	5187	HSD17B12	-0.141945524270266
IFNa	5188	SEPTIN2	-0.141964289620227
IFNa	5189	RPF1	-0.142033143767034
IFNa	5190	SLC9B2	-0.142062417290823
IFNa	5191	CTCF	-0.142090416367854
IFNa	5192	M6PR	-0.142106986984424
IFNa	5193	THEMIS	-0.142171555798153
IFNa	5194	SNHG16	-0.142216274360479
IFNa	5195	ENSG00000230021	-0.142225986568468
IFNa	5196	ST20-MTHFS	-0.142235438809981
IFNa	5197	SIRT2	-0.142285911991108
IFNa	5198	TBC1D23	-0.142292595380289
IFNa	5199	BTRC	-0.142296763033981
IFNa	5200	ZNF276	-0.142348332194868
IFNa	5201	NFKBIA	-0.142437435105453
IFNa	5202	TVP23C	-0.142443803337158
IFNa	5203	KANTR	-0.142462601458756
IFNa	5204	GLG1	-0.142474811584834
IFNa	5205	TOX4	-0.142486597899085
IFNa	5206	ZNF155	-0.142507834167045
IFNa	5207	ABRACL	-0.14251923654622
IFNa	5208	SNRNP40	-0.142589096045277
IFNa	5209	NAA20	-0.142605798439082
IFNa	5210	RPAP1	-0.142636136010376
IFNa	5211	C1orf52	-0.142659029145773
IFNa	5212	EBPL	-0.14272752338357
IFNa	5213	NRDE2	-0.142808258817737
IFNa	5214	RAI1	-0.142832693733254
IFNa	5215	RCOR1	-0.142854360293232
IFNa	5216	GMCL1	-0.143087831565773
IFNa	5217	C1QTNF3-AMACR	-0.143153481045468
IFNa	5218	MTDH	-0.143230037335433
IFNa	5219	LINC01036	-0.143337993177409
IFNa	5220	TAF4B	-0.143431549155109
IFNa	5221	ZNF426	-0.143493611926057
IFNa	5222	TEFM	-0.143525502826963
IFNa	5223	DELE1	-0.143580552188028
IFNa	5224	RNF169	-0.143591706509891
IFNa	5225	PDXDC1	-0.143668692491402
IFNa	5226	CCDC18	-0.143785871025624
IFNa	5227	PSMA2	-0.143845823127788
IFNa	5228	KIF20B	-0.143846198929814
IFNa	5229	AHCYL2	-0.143849400476567
IFNa	5230	INTS3	-0.143966856503022
IFNa	5231	MFF	-0.143979370261503
IFNa	5232	AHCYL1	-0.143997007142208
IFNa	5233	FBXO21	-0.144010325565183
IFNa	5234	HS2ST1	-0.144054635202547
IFNa	5235	MEGF9	-0.144075960910687
IFNa	5236	RANBP6	-0.14417642459757
IFNa	5237	CTSD	-0.144201595940817
IFNa	5238	TRIM27	-0.144265239467315
IFNa	5239	ENSG00000258824	-0.144304476639928
IFNa	5240	MRPS9	-0.144308724073323
IFNa	5241	ZNF420	-0.144327968661475
IFNa	5242	NUMB	-0.144373248347898
IFNa	5243	HSP90B1	-0.144397409148933
IFNa	5244	PKD2L2-DT	-0.144406318197789
IFNa	5245	FAM222B	-0.144431365647718
IFNa	5246	TSEN2	-0.14444271460719
IFNa	5247	C8orf33	-0.144469640929951
IFNa	5248	ARRB1	-0.144472291472316
IFNa	5249	ZNF280D	-0.144562792732931
IFNa	5250	SLC66A3	-0.144608089169814
IFNa	5251	SUCLG1	-0.144627255075251
IFNa	5252	PSMD9	-0.144628488995453
IFNa	5253	PNPLA8	-0.144653566650213
IFNa	5254	P4HA1	-0.144654175149016
IFNa	5255	PRKRIP1	-0.144853411436181
IFNa	5256	TRMT1L	-0.144858376139654
IFNa	5257	ITGB1BP1	-0.144864384888865
IFNa	5258	TUBGCP2	-0.144962739021976
IFNa	5259	DNASE1	-0.145002893154982
IFNa	5260	COX10	-0.145019718837994
IFNa	5261	ENSG00000225218	-0.145023328628948
IFNa	5262	VPS37A	-0.145065368230502
IFNa	5263	ZNF195	-0.145170031467831
IFNa	5264	MCFD2	-0.145246928065661
IFNa	5265	ZNF117	-0.145313466592266
IFNa	5266	ADNP	-0.145346099321617
IFNa	5267	CPSF3	-0.145387405962129
IFNa	5268	PANK3	-0.145426670419574
IFNa	5269	PTEN	-0.145453940237827
IFNa	5270	GSTO1	-0.145653776489234
IFNa	5271	TMEM182	-0.14565864130949
IFNa	5272	ELP4	-0.145705108012272
IFNa	5273	RB1CC1	-0.145766281829347
IFNa	5274	TMEM41B	-0.145845223164651
IFNa	5275	LRP10	-0.145851626979791
IFNa	5276	HSPB11	-0.145939780168743
IFNa	5277	ZNF169	-0.14599930835676
IFNa	5278	THOC3	-0.146044639007232
IFNa	5279	AP4E1	-0.146069532585503
IFNa	5280	SATB1-AS1	-0.146139609158921
IFNa	5281	EXOC6B	-0.146259762826087
IFNa	5282	STK17B	-0.146417506100553
IFNa	5283	MIRLET7A1HG	-0.14645156080314
IFNa	5284	ENSG00000227598	-0.146461076454954
IFNa	5285	KIAA1328	-0.146495952033858
IFNa	5286	MORN3	-0.146580376795513
IFNa	5287	RAB30	-0.146680986394263
IFNa	5288	RPA2	-0.146684229724357
IFNa	5289	FBXO33	-0.146749182192406
IFNa	5290	KLF12	-0.146847300323819
IFNa	5291	INTS6	-0.146887777690925
IFNa	5292	IP6K1	-0.146915877856724
IFNa	5293	MTG1	-0.146921870089088
IFNa	5294	SH3BGRL	-0.146988766508422
IFNa	5295	COMMD10	-0.147051073402413
IFNa	5296	TMEM168	-0.147065079230775
IFNa	5297	ZMYND11	-0.147262941500147
IFNa	5298	HNRNPH1	-0.147271447821128
IFNa	5299	RNF6	-0.147422421432613
IFNa	5300	LYAR	-0.147616474077485
IFNa	5301	NMNAT1	-0.147642805938013
IFNa	5302	METTL16	-0.147690718416901
IFNa	5303	NUP43	-0.147744920279116
IFNa	5304	CTR9	-0.147869563204561
IFNa	5305	FASTKD5	-0.147954170638295
IFNa	5306	SHQ1	-0.148231816582469
IFNa	5307	MEAF6	-0.148278965893804
IFNa	5308	RNASEH1	-0.14829609699353
IFNa	5309	SIRPB1	-0.148348173809084
IFNa	5310	KDM1A	-0.148439719922652
IFNa	5311	CD6	-0.148452732276216
IFNa	5312	BSCL2	-0.148482320103238
IFNa	5313	PDSS2	-0.14849432375651
IFNa	5314	ACO2	-0.148518997820436
IFNa	5315	PHAF1	-0.148559340178897
IFNa	5316	PRKACB	-0.148573179021952
IFNa	5317	APPL2	-0.148763843391058
IFNa	5318	MCM9	-0.14888659482528
IFNa	5319	NELFE	-0.148892040635107
IFNa	5320	MAP3K14	-0.148896561121813
IFNa	5321	SH3KBP1	-0.148902313125726
IFNa	5322	CCDC69	-0.148904680165821
IFNa	5323	UTP23	-0.148937744760952
IFNa	5324	DIPK2A	-0.14895373165584
IFNa	5325	INTS9	-0.1489574687748
IFNa	5326	CAMKMT	-0.148971998722489
IFNa	5327	POLR2E	-0.149033756784088
IFNa	5328	CCNG1	-0.149089728596374
IFNa	5329	CRCP	-0.149146797939391
IFNa	5330	TTN-AS1	-0.14922437852363
IFNa	5331	MTA3	-0.149273380175703
IFNa	5332	NPIPB4	-0.14931977266309
IFNa	5333	MRPS5	-0.149343926899424
IFNa	5334	PHKA2	-0.149355380439655
IFNa	5335	ZNF75A	-0.149376878737771
IFNa	5336	ANKMY1	-0.149381587614903
IFNa	5337	CEP44	-0.149549017430023
IFNa	5338	GNB5	-0.149577190386479
IFNa	5339	PPM1D	-0.149588805165769
IFNa	5340	HAUS1	-0.149591147353096
IFNa	5341	LONP2	-0.149669151763997
IFNa	5342	ATOSA	-0.149724235725471
IFNa	5343	NAA50	-0.149850230492918
IFNa	5344	STAU2	-0.149892998373238
IFNa	5345	DCUN1D1	-0.149899636748783
IFNa	5346	PRH1	-0.149918642911908
IFNa	5347	RHOT2	-0.149955770105349
IFNa	5348	NUBPL	-0.150114201616274
IFNa	5349	SPDYA	-0.150162382393255
IFNa	5350	ZBED1	-0.150216616492928
IFNa	5351	KCTD7	-0.150254768657227
IFNa	5352	TMEM33	-0.150272754448991
IFNa	5353	ITGB3BP	-0.150278931906472
IFNa	5354	UBE2D2	-0.150327394584785
IFNa	5355	MRPL42	-0.150369422652815
IFNa	5356	URGCP	-0.15039538335226
IFNa	5357	CCDC149	-0.150411994153448
IFNa	5358	GLMN	-0.150499896009626
IFNa	5359	MBTPS2	-0.150516586735701
IFNa	5360	SS18L1	-0.150558195916048
IFNa	5361	PTBP1	-0.150678561977009
IFNa	5362	ISCA1	-0.150709357686051
IFNa	5363	UBL7-DT	-0.150817369152961
IFNa	5364	DCPS	-0.151062530375645
IFNa	5365	CEP95	-0.15110084284782
IFNa	5366	R3HDM1	-0.151127719252044
IFNa	5367	GTF3C2	-0.151131286377835
IFNa	5368	COPS4	-0.151165002300397
IFNa	5369	MAF	-0.151335253272061
IFNa	5370	SFXN1	-0.151411630602176
IFNa	5371	IDS	-0.151442655362408
IFNa	5372	TPK1	-0.15148377098144
IFNa	5373	ACTR8	-0.151489205384705
IFNa	5374	USP45	-0.151520753967785
IFNa	5375	ENSG00000125695	-0.151631738754516
IFNa	5376	ELP3	-0.151637692512485
IFNa	5377	NME7	-0.151699469929625
IFNa	5378	TARDBP	-0.151725739458929
IFNa	5379	CAP1	-0.151766582597693
IFNa	5380	VMA21	-0.151833187162827
IFNa	5381	SPIN1	-0.151862382803624
IFNa	5382	ANKAR	-0.15186435536014
IFNa	5383	TULP3	-0.151887368488046
IFNa	5384	LPGAT1	-0.151961479127227
IFNa	5385	DCLRE1B	-0.151979115367125
IFNa	5386	SYNE1	-0.152061811990787
IFNa	5387	ZNF271P	-0.152079600786977
IFNa	5388	PHTF1	-0.152086010625517
IFNa	5389	CPB2-AS1	-0.15215703422264
IFNa	5390	NBPF8	-0.152242738014176
IFNa	5391	GGA1	-0.152294309694558
IFNa	5392	GLOD4	-0.152321237682653
IFNa	5393	PLA2G12A	-0.152363401551367
IFNa	5394	NCAPD3	-0.152472916241749
IFNa	5395	RSRC1	-0.152551479934771
IFNa	5396	TARS2	-0.152552393841036
IFNa	5397	ZNF302	-0.152627200977375
IFNa	5398	SERINC3	-0.15272636609179
IFNa	5399	NPEPPS	-0.152752152406643
IFNa	5400	MRPS18C	-0.15281604921216
IFNa	5401	NUP54	-0.152893597981029
IFNa	5402	ENSG00000285942	-0.15297240206319
IFNa	5403	TPRKB	-0.152974551216868
IFNa	5404	DCTN5	-0.152987264375862
IFNa	5405	ENSG00000285329	-0.152995078392541
IFNa	5406	ENSG00000290890	-0.153041009714835
IFNa	5407	BRPF1	-0.153061721188246
IFNa	5408	DDX50	-0.153189636725941
IFNa	5409	DDX49	-0.153279619521951
IFNa	5410	TMEM161B-DT	-0.153445308764219
IFNa	5411	KIF3A	-0.153498175966538
IFNa	5412	SEPTIN6	-0.153709163728151
IFNa	5413	YPEL2	-0.153816105734161
IFNa	5414	MATR3-1	-0.153879442888852
IFNa	5415	RESF1	-0.153900376898877
IFNa	5416	RPRD2	-0.153935606436071
IFNa	5417	DMAC2L	-0.153970015473195
IFNa	5418	ACOX1	-0.154009195807066
IFNa	5419	DFFA	-0.154048912362548
IFNa	5420	ZNF431	-0.154062451249676
IFNa	5421	RBL1	-0.154120410701939
IFNa	5422	ATR	-0.154166536866634
IFNa	5423	NDUFB10	-0.154182253469785
IFNa	5424	MFSD12	-0.154260190957396
IFNa	5425	ECD	-0.154262086392024
IFNa	5426	NBR1	-0.154491586829205
IFNa	5427	MAP3K3	-0.154504599931293
IFNa	5428	CCDC112	-0.154539819182385
IFNa	5429	NDUFAF1	-0.154583813604254
IFNa	5430	CCAR1	-0.154625328197412
IFNa	5431	IFT52	-0.15464640684738
IFNa	5432	PMS1	-0.154705850028559
IFNa	5433	FAM228B	-0.154755219101851
IFNa	5434	ZCCHC9	-0.154806743147012
IFNa	5435	TCP11L2	-0.154909849368378
IFNa	5436	PRKCQ-AS1	-0.154917523576713
IFNa	5437	PEX1	-0.155014050256433
IFNa	5438	GABPA	-0.15503155336665
IFNa	5439	SMNDC1	-0.155112226969048
IFNa	5440	ATXN7L1	-0.155160867234283
IFNa	5441	DPYD	-0.155253127981132
IFNa	5442	NARS2	-0.155329810933675
IFNa	5443	ZNF814	-0.155356594709152
IFNa	5444	CARS2	-0.155376272654761
IFNa	5445	MINPP1	-0.155419465939671
IFNa	5446	C11orf58	-0.155477875901457
IFNa	5447	SEPTIN9	-0.155559181282072
IFNa	5448	DPH1	-0.155573474146106
IFNa	5449	DSTN	-0.155706270969484
IFNa	5450	SNAP23	-0.155855118565237
IFNa	5451	ZBTB1	-0.155861831806963
IFNa	5452	PPIP5K2	-0.155911978257081
IFNa	5453	RBM41	-0.155949900274357
IFNa	5454	NDUFA10	-0.156053225749517
IFNa	5455	CASD1	-0.156193289479876
IFNa	5456	NAA16	-0.156198994631858
IFNa	5457	PAK2	-0.156210512271968
IFNa	5458	GAPVD1	-0.156301110023219
IFNa	5459	TPI1	-0.156310381973491
IFNa	5460	PPP1R3E	-0.156316586067652
IFNa	5461	FN3KRP	-0.156318508969044
IFNa	5462	SUGP2	-0.156330210099145
IFNa	5463	ZNF33B	-0.156407388650902
IFNa	5464	TMEM209	-0.156468712218075
IFNa	5465	GUK1	-0.156487418292531
IFNa	5466	CENPT	-0.156655261592248
IFNa	5467	NUTM2B-AS1	-0.156698764301508
IFNa	5468	WDSUB1	-0.156705784318447
IFNa	5469	FBXO22	-0.156711027743919
IFNa	5470	ATM	-0.156717264839946
IFNa	5471	AHRR	-0.156720851174999
IFNa	5472	PSMD5	-0.156799580460864
IFNa	5473	PAK1	-0.156799631651487
IFNa	5474	PEX19	-0.15694058978113
IFNa	5475	EHBP1	-0.156971953951833
IFNa	5476	CDK5RAP1	-0.157005318861449
IFNa	5477	KIAA0930	-0.157024195175969
IFNa	5478	USP38	-0.157049099202713
IFNa	5479	ATG13	-0.157325284905944
IFNa	5480	SVBP	-0.157334936615488
IFNa	5481	LANCL1	-0.157360155793069
IFNa	5482	NCOA4	-0.157379658883545
IFNa	5483	ENSG00000290927	-0.157411658222506
IFNa	5484	ACAD10	-0.157485575403132
IFNa	5485	TPP2	-0.157751250283949
IFNa	5486	ATXN3	-0.157825892380879
IFNa	5487	SNX30	-0.157826485182622
IFNa	5488	SSH2	-0.157847313543006
IFNa	5489	WASHC3	-0.157912563600769
IFNa	5490	MOB3A	-0.158009299557509
IFNa	5491	APEH	-0.158109332045912
IFNa	5492	DDX41	-0.158152755939491
IFNa	5493	PCGF6	-0.158164575355102
IFNa	5494	RFX7	-0.158228914313538
IFNa	5495	TAF11	-0.158381815697804
IFNa	5496	DDX46	-0.158385261001148
IFNa	5497	KIN	-0.158421371064131
IFNa	5498	TRG-AS1	-0.158455260220217
IFNa	5499	AIDA	-0.158466517631065
IFNa	5500	OCIAD1	-0.158491435052243
IFNa	5501	LYPLA1	-0.158493456704336
IFNa	5502	INTS10	-0.158543818052735
IFNa	5503	TTLL11	-0.158729216633155
IFNa	5504	RALBP1	-0.158798923099064
IFNa	5505	RBL2	-0.158819067382467
IFNa	5506	ICMT	-0.158914950748949
IFNa	5507	PRR12	-0.158951202747691
IFNa	5508	EXOSC8	-0.159023398758396
IFNa	5509	VPS45	-0.159275828475747
IFNa	5510	TIMP2	-0.159302096632677
IFNa	5511	STK32B	-0.159323807818846
IFNa	5512	BET1L	-0.159327079626635
IFNa	5513	ZNF567	-0.159398366640913
IFNa	5514	PGRMC2	-0.159419189298429
IFNa	5515	PEX7	-0.159543908785571
IFNa	5516	CNKSR2	-0.159580700874734
IFNa	5517	DHX40	-0.159586405908234
IFNa	5518	UBE4B	-0.159615351885115
IFNa	5519	GARRE1	-0.159685433261522
IFNa	5520	EMC3	-0.159790751227389
IFNa	5521	HEATR1	-0.159893670198603
IFNa	5522	DOP1B	-0.160065786057582
IFNa	5523	ARHGAP35	-0.160139614484252
IFNa	5524	LSG1	-0.160243157491733
IFNa	5525	VCL	-0.160270596031854
IFNa	5526	VDAC1	-0.160283379383895
IFNa	5527	PIK3CD	-0.160406448736994
IFNa	5528	TCAF1	-0.160463847478736
IFNa	5529	PIGF	-0.160666847244911
IFNa	5530	PCBD2	-0.16071868326925
IFNa	5531	SLC35D1	-0.16083134406722
IFNa	5532	ATP8A1	-0.160992121860847
IFNa	5533	CLYBL	-0.161032979494363
IFNa	5534	ASF1A	-0.161106571386101
IFNa	5535	YIPF4	-0.16111532902644
IFNa	5536	ZNF91	-0.161132662444395
IFNa	5537	KAT6B	-0.161185156245363
IFNa	5538	RTN4IP1	-0.161447965194994
IFNa	5539	ZBED5	-0.161584027495718
IFNa	5540	COL4A4	-0.161606936754856
IFNa	5541	RNF214	-0.161610971214707
IFNa	5542	BMP2K	-0.161647838781055
IFNa	5543	ATXN1	-0.161649081952257
IFNa	5544	ENSG00000285827	-0.161752260213568
IFNa	5545	LINC00342	-0.161770909619175
IFNa	5546	PIGK	-0.161827600849024
IFNa	5547	LEPROTL1	-0.161939823507835
IFNa	5548	NGDN	-0.162076648073111
IFNa	5549	HDAC10	-0.162121570126413
IFNa	5550	EGLN3	-0.1622246846346
IFNa	5551	ALG13	-0.162260897283662
IFNa	5552	KIZ	-0.162271503821891
IFNa	5553	UNK	-0.162315567881749
IFNa	5554	ANKRD12	-0.162344472686137
IFNa	5555	FCRL2	-0.162387104135225
IFNa	5556	PRORP	-0.16245429648007
IFNa	5557	AP2A1	-0.16250523987368
IFNa	5558	GOLIM4	-0.162515045981076
IFNa	5559	CDK10	-0.162521106275327
IFNa	5560	RPS6KA5	-0.162571142966798
IFNa	5561	ZNF611	-0.162576950947629
IFNa	5562	RGS12	-0.162595122342838
IFNa	5563	ASPH	-0.162633088232326
IFNa	5564	ZNF561-AS1	-0.162700795133448
IFNa	5565	CLINT1	-0.162760596754132
IFNa	5566	MBTD1	-0.162845416606638
IFNa	5567	TRIM24	-0.162878661271824
IFNa	5568	PUDP	-0.162923065841319
IFNa	5569	PTPN4	-0.16293080414932
IFNa	5570	SLC25A36	-0.163098350549854
IFNa	5571	STAT5B	-0.163126869575247
IFNa	5572	LRIG1	-0.163344048072155
IFNa	5573	RFFL	-0.163435178404191
IFNa	5574	LETMD1	-0.163454045643115
IFNa	5575	TRAPPC6B	-0.163559840343898
IFNa	5576	SLIRP	-0.16360701249504
IFNa	5577	CSPP1	-0.163754183650986
IFNa	5578	FOXK1	-0.163757367711579
IFNa	5579	NDUFAF6	-0.163808568797501
IFNa	5580	HSF1	-0.163857886007874
IFNa	5581	UFL1	-0.163952346808087
IFNa	5582	CCNY-AS1	-0.163964469076657
IFNa	5583	TPTEP2-CSNK1E	-0.164004362924925
IFNa	5584	SEC24A	-0.164019556368231
IFNa	5585	ASB8	-0.164027163345955
IFNa	5586	HHEX	-0.164032092645426
IFNa	5587	IPO11	-0.164095089880039
IFNa	5588	DENND4C	-0.164106561167803
IFNa	5589	PTPN11	-0.164163207190814
IFNa	5590	ZNF544	-0.164185743834005
IFNa	5591	METTL25	-0.164240451067665
IFNa	5592	CMTM7	-0.164241914230255
IFNa	5593	TREX2	-0.164252349783841
IFNa	5594	CEBPZ	-0.164334522943469
IFNa	5595	ZNF37BP	-0.164345637571171
IFNa	5596	STK33	-0.164359139574096
IFNa	5597	TPP1	-0.164363818860957
IFNa	5598	PRKAR1B	-0.164364050144689
IFNa	5599	LYST	-0.164385337746432
IFNa	5600	ATG12	-0.164394693770514
IFNa	5601	POLR2D	-0.164423993235898
IFNa	5602	RPS27L	-0.164528932780063
IFNa	5603	ENSG00000288891	-0.164587163591723
IFNa	5604	EIF2AK4	-0.164659724118638
IFNa	5605	PPCS	-0.164690735830016
IFNa	5606	SYT9-AS1	-0.164900604460105
IFNa	5607	CAMK2G	-0.164906938704558
IFNa	5608	NFATC3	-0.164943583026258
IFNa	5609	CUX1	-0.164999519277956
IFNa	5610	BDNF-AS	-0.165047917545004
IFNa	5611	ARFGAP3	-0.165137114496567
IFNa	5612	TMTC4	-0.165272049224143
IFNa	5613	DSTYK	-0.165279106359917
IFNa	5614	TMX3	-0.165285011227781
IFNa	5615	PPIL2	-0.16530368155768
IFNa	5616	SUPT7L	-0.165376968699135
IFNa	5617	ARHGAP1	-0.165382229171752
IFNa	5618	RNF121	-0.165399600961642
IFNa	5619	MAP3K1	-0.165404396006613
IFNa	5620	RHOBTB3	-0.165452692717655
IFNa	5621	MTCH2	-0.1655131256877
IFNa	5622	MBD4	-0.165588428586255
IFNa	5623	ZNF623	-0.165589370991646
IFNa	5624	CASK	-0.165615217082394
IFNa	5625	INTS8	-0.165630542193666
IFNa	5626	GALM	-0.165691745970558
IFNa	5627	GDI1	-0.165765027599275
IFNa	5628	NUP37	-0.165833779244365
IFNa	5629	NKIRAS2	-0.166177385087099
IFNa	5630	SUN1	-0.166191996894945
IFNa	5631	CCDC7	-0.166266024844535
IFNa	5632	FUCA1	-0.166463844450535
IFNa	5633	SUMF1	-0.16647709513188
IFNa	5634	IMMP1L	-0.16653376647215
IFNa	5635	MAPKAPK5-AS1	-0.166546340093628
IFNa	5636	ABI2	-0.166552044285979
IFNa	5637	ACP1	-0.166634093972489
IFNa	5638	TRPS1	-0.166642490998924
IFNa	5639	RRBP1	-0.166662006440115
IFNa	5640	MAPK8	-0.166746436066017
IFNa	5641	HERC2	-0.166757039171763
IFNa	5642	TGOLN2	-0.166766129194913
IFNa	5643	CRTC3	-0.166822121147704
IFNa	5644	NLRC3	-0.166857975067987
IFNa	5645	TXNDC15	-0.166886915275048
IFNa	5646	HCFC2	-0.166935660945686
IFNa	5647	MNAT1	-0.166996752180775
IFNa	5648	DNAAF9	-0.167099732805354
IFNa	5649	ST3GAL3	-0.167265821682437
IFNa	5650	GLUD1	-0.167271005838485
IFNa	5651	PUS10	-0.167516891806123
IFNa	5652	ACSF2	-0.167655695101928
IFNa	5653	TMEM69	-0.167679141949638
IFNa	5654	CDK6	-0.167696741807564
IFNa	5655	SERPINB6	-0.167713828374089
IFNa	5656	PIK3R5	-0.167915038852654
IFNa	5657	UBE2O	-0.167960222368546
IFNa	5658	SPG21	-0.167996462829712
IFNa	5659	EPM2AIP1	-0.168002367642543
IFNa	5660	NSMAF	-0.168059582756031
IFNa	5661	PRKDC	-0.168150365734672
IFNa	5662	BMS1P4-1	-0.168175271014216
IFNa	5663	DISP1	-0.168195895407791
IFNa	5664	POLR3C	-0.168262755384431
IFNa	5665	PGM2L1	-0.168333122875447
IFNa	5666	IQCH-AS1	-0.168391549649017
IFNa	5667	TAF13	-0.168444124090306
IFNa	5668	THOC1	-0.168500641604556
IFNa	5669	ENSG00000225528	-0.168527140886867
IFNa	5670	LIN52	-0.16856771627775
IFNa	5671	H3-3B	-0.168622549218542
IFNa	5672	ZNF76	-0.168645164753043
IFNa	5673	ABHD15-AS1	-0.168676062072995
IFNa	5674	NOLC1	-0.168762544051076
IFNa	5675	LIX1L	-0.168779247586177
IFNa	5676	RNF13	-0.168832637424995
IFNa	5677	CRK	-0.168869098704728
IFNa	5678	UBE2R2	-0.169000359520901
IFNa	5679	POMP	-0.169026025471994
IFNa	5680	AVIL	-0.169068222773551
IFNa	5681	NCKAP5L	-0.169077241801283
IFNa	5682	ZNF69	-0.169124373643936
IFNa	5683	BRD3	-0.169233567988654
IFNa	5684	ENSG00000285906	-0.169291933350739
IFNa	5685	CRYBG3	-0.169325706175178
IFNa	5686	HSF5	-0.169373218368731
IFNa	5687	KLF11	-0.169414762803761
IFNa	5688	CD151	-0.16941687604421
IFNa	5689	SCP2	-0.169506589974892
IFNa	5690	RRP12	-0.169514685413167
IFNa	5691	NSUN5	-0.169522084453925
IFNa	5692	UBLCP1	-0.169565378048603
IFNa	5693	PPP1R2	-0.169585293086994
IFNa	5694	LRR1	-0.169654585811285
IFNa	5695	CA5B	-0.169661654281124
IFNa	5696	CEP20	-0.169728728268663
IFNa	5697	UFSP2	-0.169753036052448
IFNa	5698	FPGT	-0.16985719626239
IFNa	5699	SLC25A17	-0.169904444907873
IFNa	5700	TRNAU1AP	-0.169932152075684
IFNa	5701	KLHL22	-0.169936658615936
IFNa	5702	EFHD2	-0.169964322236298
IFNa	5703	LITAF	-0.170014094472211
IFNa	5704	ACAT1	-0.170027915393086
IFNa	5705	API5	-0.170054811639984
IFNa	5706	NDUFB9	-0.170074880954992
IFNa	5707	DNAJC8	-0.170199393166876
IFNa	5708	CCT6A	-0.17031059247592
IFNa	5709	CWC27	-0.170415009612416
IFNa	5710	RNF170	-0.170416961333553
IFNa	5711	HBS1L	-0.170505172810368
IFNa	5712	FBXL5	-0.170506843757798
IFNa	5713	IL17RA	-0.170538928525253
IFNa	5714	GUSBP18	-0.170557103242524
IFNa	5715	POU6F1	-0.170754158530343
IFNa	5716	SYAP1	-0.170820917629719
IFNa	5717	ENSG00000291177	-0.17082643728692
IFNa	5718	RXYLT1	-0.170898208943364
IFNa	5719	DNAJC11	-0.170902227861368
IFNa	5720	SVIL-AS1-1	-0.170923039620071
IFNa	5721	RPSA	-0.170935156578309
IFNa	5722	GLE1	-0.170965921390515
IFNa	5723	ZNF519	-0.171040568060462
IFNa	5724	SNX2	-0.171144309514747
IFNa	5725	EIF4E2	-0.171162093637844
IFNa	5726	OPA3	-0.171229341719652
IFNa	5727	ORAI1	-0.171256482440694
IFNa	5728	SMAD5	-0.171272998777892
IFNa	5729	SOCS5	-0.171313729715693
IFNa	5730	CD36	-0.171317835583796
IFNa	5731	LINC00174	-0.171336516851587
IFNa	5732	ENSG00000253924	-0.171339599123643
IFNa	5733	STK38	-0.17137321156384
IFNa	5734	DRG2	-0.171456060484865
IFNa	5735	PHF6	-0.171479851565239
IFNa	5736	ACTR2	-0.171521407647589
IFNa	5737	HADHA	-0.171739954790336
IFNa	5738	LGALS8	-0.171887359282179
IFNa	5739	ENSG00000291214	-0.171911565380997
IFNa	5740	GET3	-0.171928249901621
IFNa	5741	TFDP1	-0.171979686069059
IFNa	5742	ENSG00000289963	-0.172040776779427
IFNa	5743	LRCH3	-0.172063791688605
IFNa	5744	AIFM1	-0.172104751496494
IFNa	5745	PRPF8	-0.172165294224773
IFNa	5746	CCDC92	-0.172201134633749
IFNa	5747	CFL1	-0.172275433982723
IFNa	5748	ZNF432	-0.172287071234662
IFNa	5749	SARAF	-0.172318270890548
IFNa	5750	TSPAN3	-0.172334841997202
IFNa	5751	ENSG00000250075	-0.172342249602016
IFNa	5752	ZNF672	-0.172348144562083
IFNa	5753	INIP	-0.172352441601128
IFNa	5754	SNRPA1	-0.17236709115574
IFNa	5755	SLC26A2	-0.172393660540798
IFNa	5756	RAB30-DT	-0.172414538838896
IFNa	5757	CCDC159	-0.172495458379337
IFNa	5758	PSMA1	-0.172519013061361
IFNa	5759	PRPF38B	-0.172630449949707
IFNa	5760	PTCD2	-0.172631418716938
IFNa	5761	ENSG00000271204	-0.172736141422877
IFNa	5762	ENSG00000254459	-0.172763121965238
IFNa	5763	DARS2	-0.172796998157527
IFNa	5764	PLCD1	-0.172807274827108
IFNa	5765	EXOSC7	-0.172848640373309
IFNa	5766	ENSG00000285679	-0.17291649968444
IFNa	5767	ZC3H14	-0.172916849937643
IFNa	5768	AKR1A1	-0.17293065900048
IFNa	5769	MAP1S	-0.172937557466076
IFNa	5770	ANPEP	-0.173035285816774
IFNa	5771	MFSD4B	-0.173054904440019
IFNa	5772	ZNF718	-0.173065815709602
IFNa	5773	PSMD4	-0.173092814986721
IFNa	5774	NFU1	-0.173150837042921
IFNa	5775	LINS1	-0.173292751501119
IFNa	5776	GTPBP8	-0.173373260645952
IFNa	5777	LRRC58	-0.173390296828138
IFNa	5778	MSL1	-0.173401829918079
IFNa	5779	MTREX	-0.173402190927378
IFNa	5780	EIF4ENIF1	-0.173408057658431
IFNa	5781	ASMTL	-0.173433573999177
IFNa	5782	SMARCA4	-0.173516684985077
IFNa	5783	ACAP1	-0.173659124742909
IFNa	5784	C9orf78	-0.173678760602364
IFNa	5785	ENSG00000282804	-0.173707698319794
IFNa	5786	ENSG00000272800	-0.17374144100996
IFNa	5787	ZMAT3	-0.173782827811121
IFNa	5788	ZNF549	-0.173817566583933
IFNa	5789	ENTPD5	-0.173852687093056
IFNa	5790	KIAA1143	-0.173869942185726
IFNa	5791	LRRC57	-0.173961955969731
IFNa	5792	PSME3	-0.174077973783949
IFNa	5793	BUB3	-0.174147745345608
IFNa	5794	DUSP18	-0.174158605735321
IFNa	5795	MARCHF1	-0.174178609590037
IFNa	5796	PACS2	-0.174212232194841
IFNa	5797	ENSG00000286162	-0.174248610847108
IFNa	5798	CSNK2A1	-0.174266228695296
IFNa	5799	RABL6	-0.174279288288186
IFNa	5800	ANP32E	-0.174302898024357
IFNa	5801	SCAND2P	-0.174317710090679
IFNa	5802	ENSG00000257027	-0.174446253826254
IFNa	5803	MMS22L	-0.174518322874728
IFNa	5804	TRAPPC4	-0.174700186899628
IFNa	5805	COPE	-0.174759337557671
IFNa	5806	ANXA7	-0.174796048174158
IFNa	5807	YY1	-0.174812884779538
IFNa	5808	VHL	-0.174835589235414
IFNa	5809	TOX	-0.175066467943884
IFNa	5810	YARS2	-0.175070879664306
IFNa	5811	RWDD1	-0.175075163616869
IFNa	5812	RSKR	-0.175088709886118
IFNa	5813	CCDC126	-0.175094394725842
IFNa	5814	LINC01876	-0.175247941612104
IFNa	5815	BRD8	-0.175255500960185
IFNa	5816	NELFCD	-0.175261798590291
IFNa	5817	CD79A	-0.175411439314927
IFNa	5818	TXNL4A	-0.175448089579235
IFNa	5819	WAKMAR2	-0.175563390991263
IFNa	5820	APOBEC3C	-0.175569791832055
IFNa	5821	LAMTOR5-AS1	-0.175584457181423
IFNa	5822	PACS1	-0.175595259283301
IFNa	5823	RAD51C	-0.175713709981571
IFNa	5824	DAP3	-0.175776081167112
IFNa	5825	GUSBP1-1	-0.175783290202716
IFNa	5826	DTWD1	-0.175785269952754
IFNa	5827	ACVR1C	-0.175804530411737
IFNa	5828	MRPL20	-0.17605891581538
IFNa	5829	CEP120	-0.176081627853915
IFNa	5830	ENSG00000250764	-0.176101985859819
IFNa	5831	LHPP	-0.17613200314478
IFNa	5832	SLC24A3	-0.176178091913149
IFNa	5833	ZNF200	-0.176182627715254
IFNa	5834	LINC02273	-0.176189313693119
IFNa	5835	GLCCI1	-0.176240973098894
IFNa	5836	MCC	-0.176372992257454
IFNa	5837	RCL1	-0.176452016620709
IFNa	5838	PLOD1	-0.176499739892269
IFNa	5839	ARL17B	-0.176517003575602
IFNa	5840	ERMP1	-0.176517090126659
IFNa	5841	ENSG00000260729	-0.176572063240195
IFNa	5842	PLK3	-0.176612391617036
IFNa	5843	PRKCA	-0.176626927294622
IFNa	5844	NDUFS1	-0.176634584054688
IFNa	5845	CGGBP1	-0.176634782857921
IFNa	5846	WBP4	-0.176643978659356
IFNa	5847	HERC1	-0.17665592949006
IFNa	5848	CARD8	-0.176762747732813
IFNa	5849	RFX2	-0.176815108015991
IFNa	5850	CCDC30	-0.176840497453156
IFNa	5851	ZNF138	-0.176880290660841
IFNa	5852	HSDL2	-0.176908696672622
IFNa	5853	TGIF2	-0.176992882487874
IFNa	5854	USF3	-0.177052543143554
IFNa	5855	ZNF175	-0.177056402962419
IFNa	5856	STRAP	-0.177064456572973
IFNa	5857	MIR3936HG	-0.177091535281866
IFNa	5858	WDR36	-0.177236715897925
IFNa	5859	ZNF44	-0.177310344572551
IFNa	5860	SSBP2	-0.177317485420503
IFNa	5861	MZT1	-0.17734438343616
IFNa	5862	TCF4	-0.177379476856811
IFNa	5863	BBIP1	-0.177414108507892
IFNa	5864	DENND1C	-0.177439399575503
IFNa	5865	BIRC2	-0.177524431448974
IFNa	5866	GNAS	-0.177569511090426
IFNa	5867	GORASP2	-0.177617140444921
IFNa	5868	NDUFA6	-0.177646932841089
IFNa	5869	PRELID3B	-0.177686622538779
IFNa	5870	SUPT20H	-0.177828734141496
IFNa	5871	CKAP5	-0.177968530256907
IFNa	5872	OCIAD2	-0.17804178733697
IFNa	5873	TRAPPC13	-0.178111857044311
IFNa	5874	CERS4	-0.178114577271404
IFNa	5875	ZNF557	-0.178134435669829
IFNa	5876	SLC25A43	-0.178167574225971
IFNa	5877	KYAT3	-0.178212855241238
IFNa	5878	LCK	-0.178214233282053
IFNa	5879	MED29	-0.178311719249316
IFNa	5880	C1orf112	-0.178320777597277
IFNa	5881	ANO10	-0.178364229874891
IFNa	5882	ABHD3	-0.178366682875489
IFNa	5883	MAGOH	-0.178434393526394
IFNa	5884	PPP1R13B	-0.17845515852192
IFNa	5885	ANAPC5	-0.178464325272775
IFNa	5886	NBEAL1	-0.178546645200787
IFNa	5887	HMGCL	-0.178602830618883
IFNa	5888	MTHFD2L	-0.178622319175265
IFNa	5889	HOOK3	-0.178668380658666
IFNa	5890	TMEM126A	-0.178729587932934
IFNa	5891	DIS3L2	-0.178760715851554
IFNa	5892	ABCA7	-0.178781050854056
IFNa	5893	ENSG00000246225	-0.178816353962394
IFNa	5894	GHITM	-0.178824669638078
IFNa	5895	MAPK8IP3	-0.178917612690668
IFNa	5896	CEP83	-0.178921778379127
IFNa	5897	ZNF559	-0.178974053541677
IFNa	5898	CWC15	-0.179160124119228
IFNa	5899	ZNF429	-0.179271680451202
IFNa	5900	ENSG00000291113	-0.179273637779586
IFNa	5901	PKN1	-0.179333632426551
IFNa	5902	IQCE	-0.179451582257197
IFNa	5903	MAP3K5	-0.179505208863963
IFNa	5904	PRKRA	-0.179519403151671
IFNa	5905	PPP1R7	-0.179609921478997
IFNa	5906	UBXN7	-0.17985172605112
IFNa	5907	POLR1HASP	-0.17986217587029
IFNa	5908	ZNF81	-0.17994229944953
IFNa	5909	GCNA	-0.179950679639735
IFNa	5910	NELFB	-0.180004600182286
IFNa	5911	ABCB10	-0.180061147542166
IFNa	5912	XRCC4	-0.180079309437388
IFNa	5913	RBIS	-0.18009422853138
IFNa	5914	ZFP90	-0.180234230927088
IFNa	5915	ZNF121	-0.180414437323288
IFNa	5916	CDIN1	-0.180441686495693
IFNa	5917	MID2	-0.180443478873132
IFNa	5918	HSD17B11	-0.180611203589099
IFNa	5919	SLC38A9	-0.180629568605243
IFNa	5920	MCTS1	-0.180668515296574
IFNa	5921	ZNF565	-0.180731960353065
IFNa	5922	CFAP97	-0.180818004234356
IFNa	5923	SLC44A2	-0.180883148942402
IFNa	5924	SIVA1	-0.180894416997402
IFNa	5925	ARMCX4	-0.180904864565758
IFNa	5926	SEL1L3	-0.180923917501652
IFNa	5927	OXNAD1	-0.180940697611305
IFNa	5928	GNS	-0.181044335345983
IFNa	5929	DDHD2	-0.181110986952622
IFNa	5930	SUMO3	-0.181131426644381
IFNa	5931	CEACAM21	-0.18114621535732
IFNa	5932	MON1B	-0.181201700787705
IFNa	5933	SLC25A12	-0.18143880073064
IFNa	5934	CALML4	-0.181693280143571
IFNa	5935	TOPORS	-0.181829994042735
IFNa	5936	USP40	-0.181838181296444
IFNa	5937	PTGR3	-0.181869899669853
IFNa	5938	CYSLTR1	-0.18187840393244
IFNa	5939	BLOC1S6	-0.181915513798344
IFNa	5940	ZNF780B	-0.181950576636023
IFNa	5941	MED14	-0.181978568998024
IFNa	5942	CALM2	-0.182035777273497
IFNa	5943	SHLD1	-0.182090487462868
IFNa	5944	GNPTAB	-0.18210534752071
IFNa	5945	NDUFV2	-0.182106588512825
IFNa	5946	ADGRE2	-0.182113159181212
IFNa	5947	BATF	-0.182119291901996
IFNa	5948	EMC10	-0.182256806144132
IFNa	5949	ZNF652	-0.182296648619738
IFNa	5950	LBH	-0.182427081146541
IFNa	5951	GATC	-0.182502740976405
IFNa	5952	CDKL3	-0.182549338507755
IFNa	5953	RSL1D1-DT	-0.182568406630586
IFNa	5954	URM1	-0.182582419950695
IFNa	5955	MMP24OS	-0.182645304938877
IFNa	5956	INTS1	-0.182655091009288
IFNa	5957	ENSG00000258017	-0.182661114423011
IFNa	5958	AASDHPPT	-0.182694462279007
IFNa	5959	ADAT2	-0.182778382812764
IFNa	5960	ENSG00000249236	-0.182806676512168
IFNa	5961	TAGLN2	-0.182842741116691
IFNa	5962	TPM4	-0.182888825565175
IFNa	5963	ZBTB7A	-0.182898070510568
IFNa	5964	DNAJC10	-0.182921400918431
IFNa	5965	CD99	-0.18292976103124
IFNa	5966	PRIMPOL	-0.18296587674433
IFNa	5967	FER	-0.183026995870956
IFNa	5968	GPR137	-0.183036643657857
IFNa	5969	FAM117A	-0.183057091318988
IFNa	5970	LRRC8A	-0.183078278729741
IFNa	5971	BPTF	-0.183084064309818
IFNa	5972	PALB2	-0.183174416694671
IFNa	5973	ZBTB25	-0.18324291836583
IFNa	5974	SIPA1L3	-0.183254977162961
IFNa	5975	ENSG00000236213	-0.183295044866252
IFNa	5976	ZNF100	-0.183302872515944
IFNa	5977	LINC00467	-0.183401942703199
IFNa	5978	SMIM15	-0.183487930309962
IFNa	5979	ENSG00000285253	-0.183495597254009
IFNa	5980	LINC00662	-0.183508238263637
IFNa	5981	RNF181	-0.183653965710329
IFNa	5982	AASDH	-0.183684964948575
IFNa	5983	DEF8	-0.183749836150916
IFNa	5984	GKAP1	-0.183759382554093
IFNa	5985	BTD	-0.183763120933314
IFNa	5986	SIN3B	-0.183887399633667
IFNa	5987	CRBN	-0.184062190423246
IFNa	5988	ATP5PF	-0.184160370644599
IFNa	5989	DNAH1	-0.184221264825934
IFNa	5990	ZNF566	-0.184386069960611
IFNa	5991	TMEM272	-0.184413096097995
IFNa	5992	APBA2	-0.184461280212356
IFNa	5993	RCOR3	-0.184462902338947
IFNa	5994	CPT2	-0.184533287256754
IFNa	5995	FMNL3	-0.184533311444203
IFNa	5996	CEP250-AS1	-0.184615951860863
IFNa	5997	TANC2	-0.184748423351464
IFNa	5998	RPP30	-0.184859551037508
IFNa	5999	NT5DC1	-0.184882926719243
IFNa	6000	EIF2S3	-0.184905430472227
IFNa	6001	GABPB2	-0.184981137333311
IFNa	6002	PLBD1-AS1	-0.184988743861551
IFNa	6003	C13orf46	-0.185001260588294
IFNa	6004	RANBP17	-0.185031065356271
IFNa	6005	SRSF10	-0.185046225758325
IFNa	6006	KDELR1	-0.185074918043534
IFNa	6007	ANAPC1	-0.185108299479424
IFNa	6008	LINC02968	-0.185155198714153
IFNa	6009	POLR1C	-0.1852285359951
IFNa	6010	ENSG00000272916	-0.18528328659057
IFNa	6011	SGSM2	-0.18529566564553
IFNa	6012	ALDH5A1	-0.185317292976508
IFNa	6013	MTRES1	-0.185345881959494
IFNa	6014	SOS2	-0.185376178032402
IFNa	6015	LMAN2	-0.18541585942329
IFNa	6016	PMF1	-0.185416352090168
IFNa	6017	NDUFB8	-0.185424257627738
IFNa	6018	FBXL4	-0.185490841465583
IFNa	6019	GATA3	-0.185516125494152
IFNa	6020	ZFYVE28	-0.185525035478781
IFNa	6021	ADCY9	-0.185558524720921
IFNa	6022	EAF2	-0.185568736019547
IFNa	6023	BBS4	-0.185596947523407
IFNa	6024	RUNX1	-0.185608042208114
IFNa	6025	SFI1	-0.185619980949656
IFNa	6026	ENSG00000230325	-0.185620701743598
IFNa	6027	CARF	-0.185703337855462
IFNa	6028	TMEM65	-0.185713637309901
IFNa	6029	PRDM2	-0.185767943721697
IFNa	6030	DDI2	-0.185821942911079
IFNa	6031	GEMIN8	-0.185913975409023
IFNa	6032	STAG3L4-1	-0.185916629706996
IFNa	6033	PRKCI	-0.185933907132806
IFNa	6034	WSB1	-0.186053778410939
IFNa	6035	COQ8A	-0.186059650352628
IFNa	6036	ORC3	-0.186075205118081
IFNa	6037	BCAS3	-0.186161818526029
IFNa	6038	RAB35	-0.186198081096639
IFNa	6039	TOM1L2	-0.186290016444555
IFNa	6040	DIMT1	-0.186578977868131
IFNa	6041	PNISR	-0.186593414833251
IFNa	6042	UPRT	-0.186615455277743
IFNa	6043	RDH11	-0.186653258453752
IFNa	6044	MTAP	-0.186694298139471
IFNa	6045	RHOQ	-0.186701779330221
IFNa	6046	FAM13A-AS1	-0.186749919638825
IFNa	6047	MLLT3	-0.186796357145002
IFNa	6048	C21orf62-AS1	-0.186842854962973
IFNa	6049	EIF3F	-0.186866251343531
IFNa	6050	EVI5	-0.187018595981499
IFNa	6051	SCAMP2	-0.187058378008859
IFNa	6052	NPHP3	-0.187071246441627
IFNa	6053	GTF3A	-0.187091871747629
IFNa	6054	CLMN	-0.187094407351353
IFNa	6055	ZMAT1	-0.187159720013874
IFNa	6056	ANKRD23	-0.187214291695632
IFNa	6057	E2F5	-0.187291064763129
IFNa	6058	ATG14	-0.18742727069195
IFNa	6059	ENSG00000272908	-0.187493000900731
IFNa	6060	ATL2	-0.187514879071732
IFNa	6061	PRPSAP2	-0.187568971885811
IFNa	6062	DHX33	-0.187585406068151
IFNa	6063	ENSG00000285932	-0.187592479322386
IFNa	6064	TBC1D7	-0.187646811833552
IFNa	6065	SDHC	-0.187743776256245
IFNa	6066	LRRC8C-DT	-0.187822664440429
IFNa	6067	UPF3A	-0.187874794691769
IFNa	6068	MPV17	-0.188043429884185
IFNa	6069	MAPK14	-0.188176660570152
IFNa	6070	KLRC4-KLRK1	-0.188274699572743
IFNa	6071	ARHGEF9	-0.188309475038758
IFNa	6072	MCRS1	-0.188322982418655
IFNa	6073	PHLDB3	-0.188338820628456
IFNa	6074	FBXO25	-0.188453756862887
IFNa	6075	ZNF407-AS1	-0.188477621551824
IFNa	6076	CSTPP1	-0.188516969282975
IFNa	6077	ADPRS	-0.18855198219484
IFNa	6078	KLHDC1	-0.188581228650615
IFNa	6079	YBX3	-0.188582470774192
IFNa	6080	CIAO1	-0.188657661328702
IFNa	6081	ENSG00000241490	-0.188659425809647
IFNa	6082	CLIC4	-0.188678908246953
IFNa	6083	OTUD6B-AS1	-0.188685900032752
IFNa	6084	SLC35E3	-0.188703645670843
IFNa	6085	PRIM1	-0.188782581257025
IFNa	6086	ZNF782	-0.188851914769035
IFNa	6087	ZRANB3	-0.18891647341901
IFNa	6088	ENSG00000291283	-0.189038891387219
IFNa	6089	DNAJC17	-0.189045907580143
IFNa	6090	PPP3CA	-0.18915936852486
IFNa	6091	USP3-AS1	-0.189160151383302
IFNa	6092	ESRRA	-0.189251454941077
IFNa	6093	COMMD7	-0.189333841301854
IFNa	6094	STMP1	-0.189417293751252
IFNa	6095	CD40	-0.189541332904619
IFNa	6096	EMC1-AS1	-0.189582014075574
IFNa	6097	DUSP22	-0.189734643726327
IFNa	6098	ENSG00000228655	-0.189743568060342
IFNa	6099	USP53	-0.189751332593024
IFNa	6100	PIGT	-0.18979810987913
IFNa	6101	AGL	-0.189833561407212
IFNa	6102	CFAP298	-0.190015552860133
IFNa	6103	FBXO28	-0.190063130732781
IFNa	6104	ZNF546	-0.190082612982683
IFNa	6105	ZCCHC4	-0.190102703703746
IFNa	6106	PSMD8	-0.190127435534773
IFNa	6107	TAFAZZIN	-0.190138039599541
IFNa	6108	FAM177B	-0.190281310423733
IFNa	6109	ENSG00000274015	-0.190375128786186
IFNa	6110	SGO1-AS1	-0.190380147118727
IFNa	6111	FOXO1	-0.190387623666893
IFNa	6112	KDM7A	-0.190562351906585
IFNa	6113	DZIP3	-0.190607475013685
IFNa	6114	DHX29	-0.190632228991163
IFNa	6115	ZNF445	-0.190771805173934
IFNa	6116	MED6	-0.190776239961096
IFNa	6117	TMEM39B	-0.190934439725337
IFNa	6118	AHCY	-0.19093502754855
IFNa	6119	ENSG00000262879	-0.190966052476766
IFNa	6120	ZNF585B	-0.191046700766367
IFNa	6121	ATPSCKMT	-0.191079111303679
IFNa	6122	MAST2	-0.191098336893541
IFNa	6123	HLCS	-0.191228072280732
IFNa	6124	PUS1	-0.191248732195904
IFNa	6125	MAN1A1	-0.191250366542937
IFNa	6126	RAB33B-AS1	-0.19125990308161
IFNa	6127	TMEM192	-0.19128578947635
IFNa	6128	APOOL	-0.191300929922163
IFNa	6129	ENSG00000255197	-0.191301641857013
IFNa	6130	EIF4G2	-0.191309726249134
IFNa	6131	HISLA	-0.191512083323869
IFNa	6132	ARRDC5	-0.191553732753532
IFNa	6133	ZMYM5	-0.191717859597778
IFNa	6134	PVR	-0.19177825815582
IFNa	6135	PARL	-0.191878058614288
IFNa	6136	UEVLD	-0.191903366874359
IFNa	6137	ZNF529	-0.19191482624757
IFNa	6138	GOLPH3L	-0.191947554743215
IFNa	6139	MPHOSPH9	-0.191974742707107
IFNa	6140	PPARA	-0.192018889636564
IFNa	6141	DYNC2I1	-0.192020701506323
IFNa	6142	MPZL1	-0.192023753081418
IFNa	6143	TRMT10B	-0.19207882570931
IFNa	6144	DCUN1D2	-0.192081309828629
IFNa	6145	ACTR6	-0.19214336116504
IFNa	6146	ENSG00000264324	-0.192191407510916
IFNa	6147	CSTF1	-0.192241255740669
IFNa	6148	TCERG1	-0.192421324855813
IFNa	6149	SMIM8	-0.192425871290092
IFNa	6150	LMBRD1	-0.192507724818548
IFNa	6151	RPL7L1	-0.192520388500763
IFNa	6152	BABAM2	-0.192559998897737
IFNa	6153	ENSG00000272305	-0.192568173935844
IFNa	6154	TATDN3	-0.19257054244032
IFNa	6155	DBF4	-0.192591894073042
IFNa	6156	FAM102B	-0.192610326433566
IFNa	6157	LINC00963	-0.192895414070326
IFNa	6158	HDAC1	-0.192901790802625
IFNa	6159	KLHL42	-0.192940097014325
IFNa	6160	SDCCAG8	-0.192962446318407
IFNa	6161	TM2D3	-0.192972454681473
IFNa	6162	SACS	-0.193022224521215
IFNa	6163	BBS2	-0.193024668739015
IFNa	6164	EXD3	-0.193048021690797
IFNa	6165	LLGL2	-0.193065887962929
IFNa	6166	CALHM2	-0.193307212903672
IFNa	6167	C1orf122	-0.19336079453569
IFNa	6168	UBASH3A	-0.193380778158689
IFNa	6169	CLEC17A	-0.193424507011085
IFNa	6170	DENND10	-0.193438494031558
IFNa	6171	FBXO32	-0.193451882766913
IFNa	6172	PIK3IP1-DT	-0.193493975683605
IFNa	6173	TMTC2	-0.193669312655236
IFNa	6174	ENSG00000285216	-0.193718209132483
IFNa	6175	BICD1	-0.193786841868217
IFNa	6176	VDAC3	-0.19381642159924
IFNa	6177	CXXC5	-0.194048592434627
IFNa	6178	KDM5B	-0.194165544776694
IFNa	6179	MRPL38	-0.19416933124579
IFNa	6180	ZNF430	-0.194233228114173
IFNa	6181	MMP25-AS1	-0.194295037773032
IFNa	6182	GTF2IRD2	-0.194517190105047
IFNa	6183	ATF1	-0.194565856254295
IFNa	6184	GNL3L	-0.194746502883585
IFNa	6185	EMB	-0.194925442661029
IFNa	6186	KMT5A	-0.195089180618058
IFNa	6187	PRKD3	-0.195217668681762
IFNa	6188	IFT43	-0.195314113961198
IFNa	6189	CEBPB	-0.195330024321248
IFNa	6190	FHIP1B	-0.195436334532849
IFNa	6191	PLEKHB2	-0.195450999834137
IFNa	6192	SCYL1	-0.195536250178176
IFNa	6193	PIH1D1	-0.195574229152737
IFNa	6194	VPS35	-0.195704251286477
IFNa	6195	MTRFR	-0.195864023350664
IFNa	6196	PDK1-AS1	-0.195869082399395
IFNa	6197	ZNF480	-0.196041215244637
IFNa	6198	EPB41	-0.196057895024341
IFNa	6199	PQBP1	-0.196065318597243
IFNa	6200	PIP4K2B	-0.196096010637966
IFNa	6201	ENSG00000267581	-0.19619329319157
IFNa	6202	STXBP5	-0.196201449961403
IFNa	6203	ECI2	-0.196327931974708
IFNa	6204	NKAP	-0.196418684465438
IFNa	6205	TRIM13	-0.196671720776688
IFNa	6206	GPAA1	-0.19676254241492
IFNa	6207	RFC2	-0.196767866237512
IFNa	6208	ANKRD13D	-0.196818558928416
IFNa	6209	DPY19L4	-0.196887663733776
IFNa	6210	SMYD4	-0.196890977226069
IFNa	6211	COX17	-0.196916384646045
IFNa	6212	MRPL13	-0.19694506916516
IFNa	6213	SUCLA2	-0.196947369422303
IFNa	6214	HMGXB4	-0.196947998294984
IFNa	6215	MRPL47	-0.196957316814507
IFNa	6216	ZNF184	-0.196961015094711
IFNa	6217	TXNDC17	-0.19700679501089
IFNa	6218	ARHGAP4	-0.197115095718458
IFNa	6219	TMEM14B	-0.197123667323397
IFNa	6220	TNIP3	-0.197266625339333
IFNa	6221	TASOR2	-0.197405655944222
IFNa	6222	EML5	-0.197489842594253
IFNa	6223	LINC02397	-0.1974947325241
IFNa	6224	ATF7IP2	-0.197572058244724
IFNa	6225	CEP135	-0.197782106686708
IFNa	6226	DHRS7B	-0.197825733246598
IFNa	6227	SLC36A4	-0.197950152915574
IFNa	6228	ENSG00000291188	-0.197982548636102
IFNa	6229	ATP6V1D	-0.198000670575997
IFNa	6230	ARID4A	-0.19809870747642
IFNa	6231	GEMIN5	-0.198157286148481
IFNa	6232	TRMT13	-0.198282316483062
IFNa	6233	ARMC10	-0.198293154688353
IFNa	6234	ANKHD1-EIF4EBP3	-0.198459405208618
IFNa	6235	YWHAB	-0.198474408282799
IFNa	6236	N4BP2	-0.198475197451996
IFNa	6237	BCAS2	-0.19858817430213
IFNa	6238	APIP	-0.198726422078511
IFNa	6239	ZC4H2	-0.198827914502567
IFNa	6240	ARL14EP	-0.198839231834007
IFNa	6241	NOP58	-0.198944885409409
IFNa	6242	BZW1	-0.198967701463444
IFNa	6243	RPIA	-0.199005896477008
IFNa	6244	SLC2A3	-0.199006967514632
IFNa	6245	KANSL1L-AS1	-0.199014360019553
IFNa	6246	PLA2G15	-0.199079317084619
IFNa	6247	CATSPERB	-0.199086590062332
IFNa	6248	ERAP1	-0.19912911529012
IFNa	6249	HDAC2	-0.199171479179633
IFNa	6250	CEP170	-0.199308924407735
IFNa	6251	BTBD2	-0.199426290032537
IFNa	6252	MGME1	-0.199438584336074
IFNa	6253	NR2C1	-0.199462463392845
IFNa	6254	MRPL30	-0.199541366727269
IFNa	6255	FHIT	-0.199666779470283
IFNa	6256	MILR1	-0.199727279734507
IFNa	6257	TRPM2	-0.199866148963965
IFNa	6258	EFCAB13	-0.199958004092349
IFNa	6259	ZBED4	-0.199992620977973
IFNa	6260	CCT2	-0.199994956135756
IFNa	6261	NAF1	-0.200035911460741
IFNa	6262	NBEA	-0.200114019819625
IFNa	6263	PSMB2	-0.200134579250965
IFNa	6264	METTL2B	-0.200241594218257
IFNa	6265	UAP1	-0.20027749355219
IFNa	6266	LOXL2	-0.200302531983675
IFNa	6267	HERC2P3-1	-0.20031400875296
IFNa	6268	ZNF780A	-0.200351367942846
IFNa	6269	MAP2K7	-0.200387521292553
IFNa	6270	BNIP2	-0.200405497405783
IFNa	6271	GALT	-0.200467580612753
IFNa	6272	ZNF251	-0.200493608757633
IFNa	6273	FBXL14	-0.20053411331324
IFNa	6274	HDAC7	-0.200561355151825
IFNa	6275	ERF	-0.200564477535106
IFNa	6276	TOGARAM2	-0.2006126272368
IFNa	6277	P2RY8	-0.200646577387459
IFNa	6278	ZBTB8OS	-0.200693491820641
IFNa	6279	INKA2	-0.200703762668777
IFNa	6280	CRELD2	-0.200753150802396
IFNa	6281	RFWD3	-0.200899180353286
IFNa	6282	PAM	-0.200964857782302
IFNa	6283	TLR2	-0.200978652735582
IFNa	6284	TPGS2	-0.20109288586801
IFNa	6285	AK9	-0.201152665574156
IFNa	6286	R3HDM4	-0.201182638552581
IFNa	6287	TRAC	-0.201184796058702
IFNa	6288	NDUFA13	-0.201256171397074
IFNa	6289	IMPACT	-0.201267911176321
IFNa	6290	ULK4	-0.201315052173771
IFNa	6291	FASTKD2	-0.201434169498808
IFNa	6292	PSMC4	-0.201512493711549
IFNa	6293	SYDE2	-0.201727087811987
IFNa	6294	ZNF540	-0.201761819763291
IFNa	6295	FBXO41	-0.201861284516177
IFNa	6296	LONRF3	-0.201876493715097
IFNa	6297	ENSG00000240553	-0.201983829893468
IFNa	6298	CTBS	-0.202190376632797
IFNa	6299	CCM2	-0.20220287482964
IFNa	6300	MSTO1	-0.202303389909083
IFNa	6301	RANBP10	-0.202307702204704
IFNa	6302	COIL	-0.202362207650711
IFNa	6303	ENSG00000240291	-0.202394550123886
IFNa	6304	D2HGDH	-0.20247200471858
IFNa	6305	GTF2IRD2B	-0.20251064259914
IFNa	6306	ITFG2	-0.202583346564151
IFNa	6307	ZNF493	-0.202817164781989
IFNa	6308	ENSG00000286145	-0.202822241549843
IFNa	6309	ENSG00000251600	-0.202829100771104
IFNa	6310	TRMT10C	-0.202928398557852
IFNa	6311	SLC35G1	-0.202981411916643
IFNa	6312	MIR181A2HG	-0.202993799633931
IFNa	6313	ANKRD55	-0.202995396959092
IFNa	6314	TRAT1	-0.203101491332846
IFNa	6315	HAGH	-0.203253018596639
IFNa	6316	C1orf159	-0.203496243889954
IFNa	6317	CD28	-0.203523523423521
IFNa	6318	EIF1	-0.203534288776577
IFNa	6319	POR	-0.203535569437185
IFNa	6320	ZNF318	-0.203584298097172
IFNa	6321	RTN3	-0.203598895735948
IFNa	6322	ENSG00000290073	-0.203674040111269
IFNa	6323	SYNJ2	-0.203706784560519
IFNa	6324	KHSRP	-0.203761331561485
IFNa	6325	ZNF226	-0.203817285208899
IFNa	6326	APLF	-0.203818386978015
IFNa	6327	GALC	-0.203968413626979
IFNa	6328	SLC12A6	-0.204053212113767
IFNa	6329	SIRT5	-0.204070442931407
IFNa	6330	HEATR5A	-0.204071698742575
IFNa	6331	PKIA-AS1	-0.204088609182148
IFNa	6332	ZNF708	-0.20419310511503
IFNa	6333	ZNF490	-0.20434886111195
IFNa	6334	PWWP3A	-0.204381648292897
IFNa	6335	THBS4-AS1	-0.20486327398146
IFNa	6336	PURB	-0.204900020286241
IFNa	6337	ATP13A3	-0.204963349672588
IFNa	6338	NCR1	-0.205036662250084
IFNa	6339	MRNIP	-0.205076189208672
IFNa	6340	SLC12A2-DT	-0.205076758097012
IFNa	6341	EXOSC9	-0.205097743138455
IFNa	6342	USP13	-0.205199438127754
IFNa	6343	PDCL3P4	-0.205236002899101
IFNa	6344	MYO1F	-0.205236989713741
IFNa	6345	ST7L	-0.205354390168041
IFNa	6346	KLHL5	-0.205463448738415
IFNa	6347	LINC00598	-0.205477552007564
IFNa	6348	PBX4	-0.205651396158772
IFNa	6349	SPEF2	-0.20565824002404
IFNa	6350	ENSG00000244701	-0.205661489000985
IFNa	6351	ADGRL1-AS1	-0.205815914261814
IFNa	6352	PLAUR	-0.205835307129893
IFNa	6353	ZCCHC10	-0.205863212588094
IFNa	6354	OSBPL3	-0.20596016914939
IFNa	6355	ATF6B	-0.205968659416807
IFNa	6356	TMEM19	-0.206078471170035
IFNa	6357	HMGA1P4	-0.206359704425211
IFNa	6358	ENSG00000259363	-0.206471946022314
IFNa	6359	ACADSB	-0.206476190680726
IFNa	6360	SMARCAD1	-0.20649259809705
IFNa	6361	TMSB10	-0.206531832601465
IFNa	6362	NDUFA12	-0.206604533546092
IFNa	6363	HMGN3	-0.20660731685525
IFNa	6364	UBE2Q2P2	-0.206722951314014
IFNa	6365	TOB2	-0.206812832054042
IFNa	6366	EIF3I	-0.206861751650864
IFNa	6367	PKD1	-0.206869022564072
IFNa	6368	C12orf73	-0.206931067398941
IFNa	6369	CMPK1	-0.2071039382113
IFNa	6370	LYRM4	-0.207112997863798
IFNa	6371	ERMAP	-0.207235790241355
IFNa	6372	POLR3E	-0.20731370879339
IFNa	6373	CMSS1	-0.207320293508719
IFNa	6374	MFSD11	-0.207353446839574
IFNa	6375	ENSG00000246596	-0.207385910249716
IFNa	6376	CBX3	-0.207584765034397
IFNa	6377	TRIM23	-0.2076181027838
IFNa	6378	TMEM116	-0.207693377311929
IFNa	6379	PHACTR2	-0.207797665026242
IFNa	6380	MTG2	-0.207918780879351
IFNa	6381	UBE2J1	-0.207927790095093
IFNa	6382	L3MBTL3	-0.207980869598692
IFNa	6383	PKIA	-0.208018719014143
IFNa	6384	TMEM156	-0.208044935097433
IFNa	6385	DIS3L	-0.208045977536308
IFNa	6386	SRP14	-0.208067473679151
IFNa	6387	NUP210	-0.208125466858443
IFNa	6388	ARL13B	-0.208166093374666
IFNa	6389	ENSG00000286098	-0.208171038804727
IFNa	6390	IL1RAP	-0.20825220504241
IFNa	6391	ZNF14	-0.208263923144273
IFNa	6392	PDE6D	-0.208544237941593
IFNa	6393	BTLA	-0.208582627685866
IFNa	6394	PIK3CA	-0.20861680251911
IFNa	6395	MIPEP	-0.208685036903527
IFNa	6396	TNFRSF10A	-0.208891649659271
IFNa	6397	EVA1C	-0.208921322659277
IFNa	6398	TRAF3IP3	-0.208995692790165
IFNa	6399	ZNF254	-0.208995741848033
IFNa	6400	RBPJ	-0.209023315483016
IFNa	6401	CREBL2	-0.209245505539673
IFNa	6402	AMD1	-0.209381254522926
IFNa	6403	AGPAT5	-0.209387330830093
IFNa	6404	GRAMD1C	-0.209417468056207
IFNa	6405	NCAPD2	-0.209427134544408
IFNa	6406	METAP1D	-0.209469392262302
IFNa	6407	ENSG00000260269	-0.209485472851082
IFNa	6408	CYTH3	-0.209592343603661
IFNa	6409	LSM2	-0.209603806647001
IFNa	6410	RNF168	-0.209632794775625
IFNa	6411	ATP5F1C	-0.209646851610008
IFNa	6412	ETFRF1	-0.209801459153406
IFNa	6413	CINP	-0.209802369307556
IFNa	6414	UBE2Q2	-0.209937389879846
IFNa	6415	ZBTB20-AS1	-0.209970389099621
IFNa	6416	LINC01128	-0.210007514838135
IFNa	6417	ACO1	-0.210028557930384
IFNa	6418	MSRA	-0.210028964852967
IFNa	6419	RINL	-0.210205464602567
IFNa	6420	CPNE3	-0.210263741094051
IFNa	6421	PIGC	-0.210347852865466
IFNa	6422	SAMHD1	-0.21042550718002
IFNa	6423	TAPBP	-0.210428388019866
IFNa	6424	ENSG00000259546	-0.210471673286331
IFNa	6425	ENSG00000259992	-0.210524392692185
IFNa	6426	GRAMD1A	-0.210546471970249
IFNa	6427	GTF3C4	-0.210570124946802
IFNa	6428	PRUNE1	-0.210641807561122
IFNa	6429	TUBGCP5	-0.210648765701633
IFNa	6430	PPCDC	-0.210655645571384
IFNa	6431	XPOT	-0.210755341602878
IFNa	6432	ENO2	-0.21076114180002
IFNa	6433	PTTG1IP	-0.210805928024477
IFNa	6434	GMFG	-0.210861166020613
IFNa	6435	ARPC1B	-0.211001027836807
IFNa	6436	ATAD5	-0.211033802052254
IFNa	6437	PTRH2	-0.211037601347825
IFNa	6438	POLDIP2	-0.211090048979126
IFNa	6439	TFDP2	-0.211151861436835
IFNa	6440	PTPRK-AS1	-0.211152478712959
IFNa	6441	MED10	-0.211262034448538
IFNa	6442	FOXP1	-0.211360940183929
IFNa	6443	CCDC102B	-0.21136592116142
IFNa	6444	APBB1IP	-0.211394570931292
IFNa	6445	SELENOW	-0.211588503139468
IFNa	6446	SVIL	-0.21168410661074
IFNa	6447	TMX4	-0.211706793905026
IFNa	6448	GNA12	-0.211766450075805
IFNa	6449	LINC00944	-0.211797233041486
IFNa	6450	GRK6	-0.2117974905161
IFNa	6451	BNIP3L	-0.211843837323955
IFNa	6452	AK2	-0.211891575118519
IFNa	6453	CPSF2	-0.211962779900628
IFNa	6454	FOXN3	-0.211988461371313
IFNa	6455	H2AZ1	-0.212079275919113
IFNa	6456	ENY2	-0.21217418138843
IFNa	6457	UROS	-0.212268159847844
IFNa	6458	RFC3	-0.212281543935878
IFNa	6459	NIF3L1	-0.212445697527336
IFNa	6460	ANKRD42	-0.212487688396029
IFNa	6461	IFNGR2	-0.212527122695179
IFNa	6462	POGLUT1	-0.212544154760748
IFNa	6463	MINDY2	-0.21257373338194
IFNa	6464	TTN	-0.212598640028928
IFNa	6465	GINM1	-0.212687819488561
IFNa	6466	MTHFR	-0.212794312454334
IFNa	6467	ZNF891	-0.212854614468508
IFNa	6468	SIMC1	-0.212951040571381
IFNa	6469	ENSG00000275119	-0.212963473242669
IFNa	6470	MIS18BP1	-0.212974429948262
IFNa	6471	SKIC8	-0.213057560304576
IFNa	6472	IFNGR1	-0.213068458733229
IFNa	6473	CHID1	-0.213085650637013
IFNa	6474	BAG3	-0.213145921715267
IFNa	6475	LSM10	-0.21332194931667
IFNa	6476	DPH5-DT	-0.213401103885506
IFNa	6477	DUS3L	-0.21341805751477
IFNa	6478	CRLF3	-0.213593561533624
IFNa	6479	PTPN9	-0.21363244493587
IFNa	6480	SLC25A42	-0.213652354887273
IFNa	6481	PRKAR2A	-0.21371403352289
IFNa	6482	PDE8A	-0.213811461241381
IFNa	6483	TTI2	-0.213837033967912
IFNa	6484	MAST4	-0.213909014667485
IFNa	6485	ARRB2	-0.213946423869498
IFNa	6486	LRRC69	-0.21396295458251
IFNa	6487	ARHGAP18	-0.214007514972503
IFNa	6488	SMIM7	-0.214037244524387
IFNa	6489	ZNF141	-0.214157160120272
IFNa	6490	NLRP1	-0.21419554427474
IFNa	6491	NPRL3	-0.214253603277098
IFNa	6492	ANAPC16	-0.214310809929426
IFNa	6493	PYM1	-0.214312303458041
IFNa	6494	MPC1	-0.214353798329358
IFNa	6495	HACD2	-0.214361809093448
IFNa	6496	CEP112	-0.2143923528777
IFNa	6497	LLPH	-0.214456648935099
IFNa	6498	RMND1	-0.214513457201056
IFNa	6499	PIGU	-0.214567954868504
IFNa	6500	ENSG00000278390	-0.214569887496505
IFNa	6501	VKORC1L1	-0.214600780358948
IFNa	6502	UFL1-AS1	-0.214629246515712
IFNa	6503	WDPCP	-0.214651420757309
IFNa	6504	C6orf120	-0.214707147141638
IFNa	6505	PRMT2	-0.214715908883134
IFNa	6506	GNAQ	-0.214881956363092
IFNa	6507	PPARD	-0.214888499447537
IFNa	6508	CYB5B	-0.214934140865739
IFNa	6509	CXCR4	-0.215024277964547
IFNa	6510	PLIN2	-0.215068969530901
IFNa	6511	ERCC4	-0.215122926110138
IFNa	6512	ABCA5	-0.21517309372008
IFNa	6513	ZSCAN16-AS1	-0.215212807715753
IFNa	6514	SLA	-0.215269668189444
IFNa	6515	DCAF7	-0.215317459968464
IFNa	6516	FAM217B	-0.215461627526015
IFNa	6517	ATP5F1A	-0.215476594731013
IFNa	6518	NDUFA1	-0.215683358244326
IFNa	6519	ENSG00000227486	-0.215800802394963
IFNa	6520	RAB40C	-0.215828018495866
IFNa	6521	AP3D1	-0.215857765304058
IFNa	6522	ZNF484	-0.21592843357121
IFNa	6523	MEF2C-AS1	-0.215930567541285
IFNa	6524	ENSG00000197585	-0.215999287490101
IFNa	6525	COX18	-0.216000978366872
IFNa	6526	F2R	-0.216008603246948
IFNa	6527	PLEKHA1	-0.216021144596073
IFNa	6528	NCK1-DT	-0.216044322787935
IFNa	6529	DCAF17	-0.216050643307175
IFNa	6530	LIN9	-0.216152908951429
IFNa	6531	DYRK2	-0.216480612342953
IFNa	6532	ATP5MC2	-0.216523396955731
IFNa	6533	ITGAV	-0.216535560929784
IFNa	6534	LMF1	-0.216672468158026
IFNa	6535	CRYBG1	-0.216776909335957
IFNa	6536	ECH1	-0.216919346337961
IFNa	6537	PSMA7	-0.217000755767664
IFNa	6538	ENSG00000284461	-0.217137246575146
IFNa	6539	MBD3	-0.217449701868426
IFNa	6540	MRPL52	-0.217492642966842
IFNa	6541	MMD	-0.217527230852706
IFNa	6542	ENSG00000228427	-0.217534892304992
IFNa	6543	CENPK	-0.217550070201101
IFNa	6544	OMA1	-0.217586374488244
IFNa	6545	ZNF561	-0.217657384863963
IFNa	6546	GGCX	-0.217665473048712
IFNa	6547	ZNF43	-0.217793010237968
IFNa	6548	SSH1	-0.217802462783402
IFNa	6549	CHD1L	-0.217931008130941
IFNa	6550	LMAN2L	-0.21800406811165
IFNa	6551	NUP188	-0.218024013434238
IFNa	6552	EEF1AKMT1	-0.218062078610588
IFNa	6553	LARP1B	-0.218122397206842
IFNa	6554	C16orf87	-0.218191907315075
IFNa	6555	BBS9	-0.218315663814926
IFNa	6556	PDIK1L	-0.218337222103027
IFNa	6557	SNX9	-0.218372350301653
IFNa	6558	ITPR2	-0.218400010832695
IFNa	6559	DLGAP4-AS1	-0.218600139064552
IFNa	6560	SCMH1	-0.218752720237812
IFNa	6561	NPHP4	-0.218876695322211
IFNa	6562	SRSF6	-0.218909698533255
IFNa	6563	SMC1A	-0.21895021939978
IFNa	6564	PAFAH2	-0.219013534523971
IFNa	6565	SERTAD2	-0.219035684355913
IFNa	6566	UQCC2	-0.219075760891206
IFNa	6567	FAM20B	-0.21911329989517
IFNa	6568	SCAMP3	-0.219175334145843
IFNa	6569	NDUFA5	-0.219282025525658
IFNa	6570	MFNG	-0.219343196970311
IFNa	6571	GPR89A	-0.219524048718048
IFNa	6572	ZNF626	-0.219534877554289
IFNa	6573	LTBP4	-0.21986142105888
IFNa	6574	LIAS	-0.22005596870266
IFNa	6575	GRHPR	-0.220070473210141
IFNa	6576	DNMBP	-0.220151895175142
IFNa	6577	EMC4	-0.220193041628361
IFNa	6578	NVL	-0.22032872781781
IFNa	6579	NFKBID	-0.220367248143228
IFNa	6580	FKBP3	-0.220386375518987
IFNa	6581	ARL6IP4	-0.220392198325514
IFNa	6582	CALM3	-0.220481997305878
IFNa	6583	RUFY2	-0.220551962905274
IFNa	6584	LINC00402	-0.22055505776371
IFNa	6585	ZNF776	-0.220694511570632
IFNa	6586	TVP23C-CDRT4	-0.220847103904939
IFNa	6587	PPP5C	-0.220851575878088
IFNa	6588	IFT172	-0.220858564726145
IFNa	6589	SEC13	-0.220882177482069
IFNa	6590	PHB2	-0.220903355212634
IFNa	6591	RILPL1	-0.220948415349132
IFNa	6592	MCUR1	-0.220959602041387
IFNa	6593	ACVR2A	-0.221000906682747
IFNa	6594	UBE2D1	-0.221004932809196
IFNa	6595	TRERF1	-0.221066113944744
IFNa	6596	LRRC37A2	-0.221079111570458
IFNa	6597	STMN3	-0.221206349628078
IFNa	6598	INTS2	-0.221228825247792
IFNa	6599	MANEA	-0.22138821593966
IFNa	6600	RNPEP	-0.221422902114943
IFNa	6601	DTNB	-0.221478472862298
IFNa	6602	C2CD2	-0.22162210208444
IFNa	6603	TOP2B	-0.221662051833094
IFNa	6604	ZNF786	-0.221700192799462
IFNa	6605	SNCA	-0.221742650507183
IFNa	6606	COX6C	-0.221822289416827
IFNa	6607	S100PBP	-0.221940395318379
IFNa	6608	CPD	-0.222006481795254
IFNa	6609	NUP155	-0.222014053870605
IFNa	6610	TTC3	-0.222170983149705
IFNa	6611	MIS12	-0.222215890408015
IFNa	6612	TMEM184C	-0.222247717659303
IFNa	6613	KLHL32	-0.222267738515799
IFNa	6614	ZNF514	-0.222290323708167
IFNa	6615	FAM8A1	-0.222358684114211
IFNa	6616	LRP1	-0.222457827225366
IFNa	6617	ENSG00000273221	-0.222605338901858
IFNa	6618	SCGB2B2	-0.222658119758417
IFNa	6619	SDHAP4-1	-0.222681214374371
IFNa	6620	CC2D1A	-0.22270053705257
IFNa	6621	MBNL2	-0.222701623253623
IFNa	6622	SURF6	-0.2227627541623
IFNa	6623	ZFP30	-0.222826530090956
IFNa	6624	ITPA	-0.222934993618842
IFNa	6625	S1PR5	-0.222986069927708
IFNa	6626	GNB2	-0.223005201706328
IFNa	6627	NAP1L1	-0.223018138683461
IFNa	6628	ENSG00000258561	-0.223079892486413
IFNa	6629	BLOC1S1	-0.223258036827215
IFNa	6630	SSR1	-0.223269452723088
IFNa	6631	NDUFB2	-0.223308469326847
IFNa	6632	ANKDD1A	-0.22348551024444
IFNa	6633	HLA-DQA1	-0.223503388544029
IFNa	6634	ZMAT2	-0.223568416799899
IFNa	6635	ANKRD28	-0.223627227193034
IFNa	6636	PPP1CC	-0.223689384718711
IFNa	6637	MTFR1	-0.223693200857264
IFNa	6638	GTF2H5	-0.223716223088756
IFNa	6639	PCED1B-AS1	-0.223742739800733
IFNa	6640	TIRAP	-0.223779468201728
IFNa	6641	UNC50	-0.223889887810978
IFNa	6642	DAGLB	-0.223933035688681
IFNa	6643	ENSG00000290067	-0.223943485988023
IFNa	6644	UGGT2	-0.224014916722233
IFNa	6645	ZNF573	-0.224016351235419
IFNa	6646	PHLDB2	-0.224021906490554
IFNa	6647	JPT2	-0.224031516145626
IFNa	6648	SIRT6	-0.224088248017137
IFNa	6649	NIPSNAP1	-0.224121976459686
IFNa	6650	MBNL3	-0.224132428527041
IFNa	6651	LMO4	-0.224241966051359
IFNa	6652	ZDBF2	-0.224311549825906
IFNa	6653	CD3G	-0.224425429793248
IFNa	6654	LINC03006-1	-0.224498067986108
IFNa	6655	ANGEL1	-0.2245288592858
IFNa	6656	HSD17B4	-0.224685280643131
IFNa	6657	SPAG7	-0.224706147771087
IFNa	6658	PCMTD1-DT	-0.224828069509528
IFNa	6659	UBE3D	-0.224872174038141
IFNa	6660	GOLGA8B	-0.22487816676756
IFNa	6661	SNU13	-0.22488599210718
IFNa	6662	PCGF3-AS1	-0.224947774645118
IFNa	6663	CASP6	-0.225058447316666
IFNa	6664	PDE3B	-0.225063288455176
IFNa	6665	TMEM9B-AS1	-0.225111448488716
IFNa	6666	ENSG00000255292	-0.225112325315564
IFNa	6667	PDHX	-0.225269438675441
IFNa	6668	COQ5	-0.225402884219618
IFNa	6669	F5	-0.225422431483848
IFNa	6670	VAMP3	-0.225447943838198
IFNa	6671	ZNF217	-0.225457205662856
IFNa	6672	CORO2A	-0.2254577440156
IFNa	6673	TTLL12	-0.225640594811041
IFNa	6674	ZNF383	-0.225696923194415
IFNa	6675	PHKG2	-0.22570078970434
IFNa	6676	DMAC2	-0.225735085530895
IFNa	6677	GTF2I	-0.225757735622284
IFNa	6678	AKT3	-0.225816077311667
IFNa	6679	POLR3B	-0.225867023831287
IFNa	6680	COPS7A	-0.225898834064473
IFNa	6681	TP53	-0.225912187379579
IFNa	6682	SPACA6	-0.225914593949958
IFNa	6683	DDX19B	-0.225942927530764
IFNa	6684	ZMYM1	-0.22602766753408
IFNa	6685	ENSG00000290928	-0.226046756271742
IFNa	6686	AKAP11	-0.226078935121204
IFNa	6687	GPR65	-0.226171087158198
IFNa	6688	CHTOP	-0.226247603027644
IFNa	6689	GUSBP2-1	-0.226337859924138
IFNa	6690	RPL34-DT	-0.226351111268533
IFNa	6691	GPHN	-0.22637585231698
IFNa	6692	ZC3H12B	-0.226425176365268
IFNa	6693	SMIM14	-0.226614102779492
IFNa	6694	MCEE	-0.226621062322008
IFNa	6695	CFAP44	-0.226734516890476
IFNa	6696	AP2S1	-0.226935188358848
IFNa	6697	C11orf65	-0.226983555943405
IFNa	6698	FOXP3	-0.227019680442353
IFNa	6699	EDAR	-0.227038184909428
IFNa	6700	LDHB	-0.227317666268873
IFNa	6701	ZNF717	-0.227346379823331
IFNa	6702	SLC38A4-AS1	-0.227412244225741
IFNa	6703	ZNF461	-0.227452761115819
IFNa	6704	ZNF816-ZNF321P	-0.227558091342419
IFNa	6705	MRPS11	-0.227644458785379
IFNa	6706	ENSG00000284634	-0.227661939925548
IFNa	6707	PLD3	-0.227711152188137
IFNa	6708	MRPS30	-0.227733145970876
IFNa	6709	ISG20L2	-0.227883974613353
IFNa	6710	CHD1-DT	-0.227897683905424
IFNa	6711	ZFP64	-0.227915860151876
IFNa	6712	GGT7	-0.22802566968521
IFNa	6713	ADAM22	-0.228041872179939
IFNa	6714	ZCCHC24	-0.228154374566975
IFNa	6715	ESF1	-0.228231470462611
IFNa	6716	TRIOBP	-0.228318907259638
IFNa	6717	TIMM44	-0.228359026496537
IFNa	6718	TMEM179B	-0.228373155122427
IFNa	6719	SNRPD3	-0.228432295321341
IFNa	6720	ENSG00000290931	-0.228542551533188
IFNa	6721	TAB1	-0.228542854303941
IFNa	6722	SLC24A1	-0.228703912607484
IFNa	6723	ENSG00000290578	-0.228770177125691
IFNa	6724	SPICE1	-0.228848164747501
IFNa	6725	CRTAP	-0.228854612806572
IFNa	6726	WDR11	-0.228893956352758
IFNa	6727	PLEKHA8	-0.229083214290599
IFNa	6728	CEP85L	-0.229135565578891
IFNa	6729	FGGY	-0.229146809542801
IFNa	6730	KCTD3	-0.229200406956958
IFNa	6731	ZCRB1	-0.229319567920993
IFNa	6732	LINC02649	-0.229334800077977
IFNa	6733	IGSF6	-0.229474536828646
IFNa	6734	MAGT1	-0.229528183734244
IFNa	6735	ATP2A3	-0.229543015726163
IFNa	6736	TENM1	-0.229652648479005
IFNa	6737	NMRAL1	-0.229670760422118
IFNa	6738	ETFB	-0.229763168508589
IFNa	6739	ZNF66	-0.229873340282229
IFNa	6740	ENSG00000248969	-0.229896081437133
IFNa	6741	ZNF585A	-0.229968594365985
IFNa	6742	TBRG1	-0.229974613057436
IFNa	6743	SS18L2	-0.230109750601164
IFNa	6744	ANKS3	-0.230127240872569
IFNa	6745	CRADD	-0.230142726032856
IFNa	6746	MAPK13	-0.230217039255367
IFNa	6747	TBCB	-0.23022889029403
IFNa	6748	GDE1	-0.23027186020544
IFNa	6749	MAPKBP1	-0.230304686304846
IFNa	6750	CBY1	-0.230339691448928
IFNa	6751	SLC4A7	-0.230389483617983
IFNa	6752	DAP	-0.230422669086842
IFNa	6753	RPP14	-0.230578701798376
IFNa	6754	TGFB1	-0.23058900814662
IFNa	6755	ZNF790-AS1	-0.230695339876332
IFNa	6756	CBR4	-0.230906517772795
IFNa	6757	GNG7	-0.230924731594815
IFNa	6758	CCDC138	-0.230935600992438
IFNa	6759	VIM-AS1	-0.231001842536986
IFNa	6760	IDH1	-0.231113900110377
IFNa	6761	BCCIP	-0.231114290258652
IFNa	6762	TMEM39A	-0.231172212974354
IFNa	6763	ABCA10	-0.231219983254543
IFNa	6764	TMED7	-0.231310578870304
IFNa	6765	LAMTOR1	-0.231353116477479
IFNa	6766	INTS6L	-0.23138117645752
IFNa	6767	NUCKS1	-0.231456662911743
IFNa	6768	ZER1	-0.231789046993929
IFNa	6769	ZNF589	-0.231928769369721
IFNa	6770	OSCAR	-0.232065301424471
IFNa	6771	IPO5	-0.232068832717845
IFNa	6772	NEK8	-0.232277267927887
IFNa	6773	ELP6	-0.232311542568626
IFNa	6774	KPNB1-DT	-0.23234150052683
IFNa	6775	MRPL35	-0.232504948042165
IFNa	6776	STK39	-0.232559854742312
IFNa	6777	LSM6	-0.232571778391189
IFNa	6778	MGMT	-0.232589474712354
IFNa	6779	TBC1D4	-0.232641791060563
IFNa	6780	ENSG00000268797	-0.232695219847328
IFNa	6781	ARV1	-0.232726425468774
IFNa	6782	ATP2B1	-0.232783806469513
IFNa	6783	ENSG00000291099	-0.232806487888069
IFNa	6784	ATP2B4	-0.232982818101695
IFNa	6785	EOMES	-0.233120502779173
IFNa	6786	AHI1	-0.233195436802397
IFNa	6787	IMPG2	-0.233200845447671
IFNa	6788	TMEM243	-0.233220209006242
IFNa	6789	STPG4	-0.23323208598815
IFNa	6790	GEN1	-0.233309214291295
IFNa	6791	POLR2K	-0.233346100704007
IFNa	6792	SQSTM1	-0.233429363192699
IFNa	6793	HAUS2	-0.233437499695613
IFNa	6794	SIGIRR	-0.233475770427649
IFNa	6795	COMT	-0.233482194558131
IFNa	6796	NOSIP	-0.233603603485299
IFNa	6797	SUGCT	-0.233622933240056
IFNa	6798	SCRN3	-0.23365689468515
IFNa	6799	ZNF714	-0.233666775565198
IFNa	6800	ZNF213-AS1	-0.233722265576677
IFNa	6801	SNX17	-0.233759041801889
IFNa	6802	MRPS35	-0.233760943234624
IFNa	6803	TTC28-AS1	-0.233853796482252
IFNa	6804	TAS2R4	-0.233963469706165
IFNa	6805	GFPT1	-0.233980318593431
IFNa	6806	ACAD11	-0.234411037489035
IFNa	6807	STXBP4	-0.234426424809192
IFNa	6808	MYB	-0.234433181807512
IFNa	6809	CAMLG	-0.234542442300229
IFNa	6810	POLB	-0.234603929880189
IFNa	6811	SASS6	-0.234777516057013
IFNa	6812	WDTC1	-0.234858951743213
IFNa	6813	KIF27	-0.23491696210053
IFNa	6814	FBXO10	-0.234930069456889
IFNa	6815	CCDC124	-0.234941216873796
IFNa	6816	MAVS	-0.235114096560647
IFNa	6817	MATK	-0.235250245165124
IFNa	6818	PLEKHM1P1	-0.235282547666861
IFNa	6819	IL2RG	-0.235450191125618
IFNa	6820	PURA	-0.235585669678671
IFNa	6821	LINC02694	-0.235723565421669
IFNa	6822	BRAT1	-0.23572674232551
IFNa	6823	PTPN18	-0.235759019099656
IFNa	6824	ELK3	-0.235870577857905
IFNa	6825	FAM219B	-0.236068343736187
IFNa	6826	PLPP1	-0.236087195919706
IFNa	6827	ENSG00000279277	-0.236111694809893
IFNa	6828	ZNF738	-0.236187511787526
IFNa	6829	NUS1	-0.236195468803263
IFNa	6830	MCF2L2	-0.236229062011043
IFNa	6831	MYO1D	-0.236400388112273
IFNa	6832	PRDX1	-0.236403731697571
IFNa	6833	KLF7	-0.236524494494253
IFNa	6834	RNF44	-0.23661532737484
IFNa	6835	DCAKD	-0.236660563596742
IFNa	6836	GLCE	-0.236688400597148
IFNa	6837	ENSG00000288542	-0.236690940312628
IFNa	6838	INTS11	-0.236741758186532
IFNa	6839	DHX32	-0.236767418341682
IFNa	6840	SIAH2	-0.236838030033906
IFNa	6841	DCXR	-0.237509476410617
IFNa	6842	KDELR2	-0.237688891503208
IFNa	6843	COX10-DT	-0.2377272657744
IFNa	6844	WDR4	-0.237794212045734
IFNa	6845	DPY30	-0.237883268300682
IFNa	6846	VCPKMT	-0.238065078883533
IFNa	6847	LNCRNA-IUR	-0.238067989365522
IFNa	6848	ENSG00000255422	-0.238146315500984
IFNa	6849	MACROD1	-0.238460493829363
IFNa	6850	SMIM13	-0.238554570413901
IFNa	6851	ZNF563	-0.238605902717329
IFNa	6852	ACSS2	-0.238630270169445
IFNa	6853	ZNF236-DT	-0.238655691817674
IFNa	6854	CASTOR3P-1	-0.238717843823484
IFNa	6855	NLN	-0.238741902562647
IFNa	6856	NAPEPLD	-0.238954118741635
IFNa	6857	ENSG00000290921	-0.238967573854288
IFNa	6858	RNF103	-0.238986080415186
IFNa	6859	ECSIT	-0.239053144604309
IFNa	6860	SNAPC3	-0.239053209010024
IFNa	6861	ENTPD1-AS1	-0.239333858857166
IFNa	6862	DPP9	-0.239365826873594
IFNa	6863	MHENCR	-0.239447963824019
IFNa	6864	ENSG00000290084	-0.239563546117434
IFNa	6865	TNFAIP8L1	-0.23958262275128
IFNa	6866	FCGR2A	-0.239642743719727
IFNa	6867	COPS3	-0.239700174309668
IFNa	6868	JUNB	-0.239798463988697
IFNa	6869	COL4A3	-0.239803944318154
IFNa	6870	MBLAC2	-0.239902122561644
IFNa	6871	PTPN7	-0.24002116531695
IFNa	6872	MRPL15	-0.240069304023005
IFNa	6873	DNAJC25	-0.240088492640067
IFNa	6874	PATJ	-0.240181798884335
IFNa	6875	VDAC2	-0.240324417652786
IFNa	6876	MEGF8	-0.240365066888535
IFNa	6877	LYPLAL1	-0.240497012305743
IFNa	6878	TTC5	-0.240521786807415
IFNa	6879	FOCAD	-0.240580802322711
IFNa	6880	ST6GALNAC6	-0.240594042260394
IFNa	6881	VWA8	-0.240706410880773
IFNa	6882	TUG1	-0.240721954236302
IFNa	6883	CLN3	-0.240741021545394
IFNa	6884	EIF3M	-0.240750757277114
IFNa	6885	PRKCH-AS1	-0.240789176819261
IFNa	6886	MRTFB	-0.24081387659752
IFNa	6887	SEC63	-0.240829740958376
IFNa	6888	CSAD	-0.240931847494605
IFNa	6889	SMAD7	-0.240939856702996
IFNa	6890	COMMD2	-0.240942601743758
IFNa	6891	ZNF770	-0.240984545781413
IFNa	6892	PGPEP1	-0.241000688409279
IFNa	6893	FCMR	-0.241032218694669
IFNa	6894	PPP5D1P-1	-0.241080868753954
IFNa	6895	CKMT2-AS1	-0.241122104998344
IFNa	6896	ARMC1	-0.241158169411668
IFNa	6897	SMBD1P	-0.24132593416907
IFNa	6898	AGO4	-0.241326429104827
IFNa	6899	PIGS	-0.241330859347403
IFNa	6900	GABARAP	-0.241631831053426
IFNa	6901	ARSG	-0.241666291841818
IFNa	6902	PKM	-0.241704918343947
IFNa	6903	ZFHX3-AS1	-0.2417278028251
IFNa	6904	UPP1	-0.241941400023529
IFNa	6905	CAPN15	-0.242113332691791
IFNa	6906	PIGL	-0.242239798275418
IFNa	6907	GTF2A2	-0.242432846255436
IFNa	6908	DUSP11	-0.242543113984645
IFNa	6909	KCNAB2	-0.242591054729504
IFNa	6910	SMS	-0.242765369498739
IFNa	6911	ENSG00000214265	-0.242827580392456
IFNa	6912	ACVRL1	-0.242987432182258
IFNa	6913	ENSG00000291149	-0.243268903885317
IFNa	6914	ARHGAP19	-0.243325305600539
IFNa	6915	ABAT	-0.24337903722617
IFNa	6916	ORAI3	-0.243816447955405
IFNa	6917	ZNF347	-0.244013777902947
IFNa	6918	RAB11FIP1	-0.2440158947422
IFNa	6919	KYAT1	-0.244049482157782
IFNa	6920	ZNF551	-0.244131603835992
IFNa	6921	STRBP	-0.24427532207991
IFNa	6922	SPIB	-0.244372514563597
IFNa	6923	APTR	-0.244374174653355
IFNa	6924	BRIX1	-0.244406127969122
IFNa	6925	HK3	-0.244410925663436
IFNa	6926	MAP4K3-DT	-0.244680902569774
IFNa	6927	SLC39A8	-0.244694201754023
IFNa	6928	TMEM80	-0.244704011931318
IFNa	6929	TECPR1	-0.244786613416348
IFNa	6930	GAR1	-0.244891983632175
IFNa	6931	FXN	-0.244977065503277
IFNa	6932	ENSG00000258181	-0.245151753597164
IFNa	6933	HNRNPA3	-0.24516209905452
IFNa	6934	ENSG00000282278	-0.245166959154218
IFNa	6935	LY86	-0.245233773205774
IFNa	6936	TCAIM	-0.245270102940891
IFNa	6937	ARID3A	-0.245322250005883
IFNa	6938	IFT74	-0.245331353278211
IFNa	6939	ZNF568	-0.245339915055535
IFNa	6940	ABCB1	-0.245354471147988
IFNa	6941	PSMB4	-0.245500341707608
IFNa	6942	NSFP1	-0.245691912375995
IFNa	6943	UXS1	-0.245924242171747
IFNa	6944	TFAP4	-0.245984919040296
IFNa	6945	EEF1E1	-0.246005237038322
IFNa	6946	AGO1	-0.246020960783864
IFNa	6947	ENSG00000268575	-0.246207258541083
IFNa	6948	ALG8	-0.246649659271539
IFNa	6949	FCRL1	-0.246679888750732
IFNa	6950	FICD	-0.246693892741446
IFNa	6951	CCZ1P1	-0.246705476333175
IFNa	6952	ENSG00000283201	-0.246707450149363
IFNa	6953	ATP1B3	-0.246742308307152
IFNa	6954	VIPAS39	-0.246774725413426
IFNa	6955	GK5	-0.246804344655379
IFNa	6956	SPPL2B	-0.246916664899552
IFNa	6957	BTF3	-0.247052549178181
IFNa	6958	RAN	-0.247129250305795
IFNa	6959	GAB1	-0.247145358996112
IFNa	6960	ANKRD46	-0.247235063135425
IFNa	6961	TDP1	-0.247260673409374
IFNa	6962	SSU72	-0.247343024827361
IFNa	6963	SLC12A2	-0.247397522870017
IFNa	6964	PRNP	-0.247485438444719
IFNa	6965	CHRAC1	-0.247641670743515
IFNa	6966	IVD	-0.247644199569049
IFNa	6967	ZFP14	-0.247713522900825
IFNa	6968	ENSG00000285920	-0.24776499793639
IFNa	6969	COLGALT2	-0.247931476068626
IFNa	6970	DOCK1	-0.248010124842299
IFNa	6971	FAM200B	-0.248115692130883
IFNa	6972	ZNF846	-0.248175436096713
IFNa	6973	ENSG00000259564	-0.248200363964878
IFNa	6974	BET1	-0.248258132796617
IFNa	6975	ENSG00000274322	-0.248306842776035
IFNa	6976	IL20RB	-0.248309897841575
IFNa	6977	TYROBP	-0.248523223154826
IFNa	6978	SURF4	-0.248801031155652
IFNa	6979	CAMK1D	-0.248845027391702
IFNa	6980	NDUFAF2	-0.248928585879661
IFNa	6981	CEBPZOS	-0.249052103631752
IFNa	6982	FAM120C	-0.249068842667896
IFNa	6983	VPS51	-0.249203609245933
IFNa	6984	ERCC6L2-AS1	-0.2492425818572
IFNa	6985	TIMM23B	-0.249395732536029
IFNa	6986	FCGRT	-0.249443950419042
IFNa	6987	C11orf80	-0.24955850546771
IFNa	6988	STT3B	-0.249646769762173
IFNa	6989	C2orf68	-0.249680957657731
IFNa	6990	GNA15	-0.249880191638809
IFNa	6991	BZW2	-0.249895205314841
IFNa	6992	IRS2	-0.249904648445226
IFNa	6993	ADHFE1	-0.249965501336292
IFNa	6994	ZNF253	-0.24997201191305
IFNa	6995	LINC02908	-0.250011284363274
IFNa	6996	SNTG2	-0.250017906106207
IFNa	6997	HSCB	-0.250046478858266
IFNa	6998	PXK	-0.25005055364092
IFNa	6999	SLF1	-0.25011993274058
IFNa	7000	NAAA	-0.250346013969297
IFNg	1	KCNE5	4.34173630294045
IFNg	2	MGAM2	3.63917585443784
IFNg	3	ACOD1	3.36537519865939
IFNg	4	SH3GL2	3.21863640209512
IFNg	5	ENSG00000229588	3.1297311633113
IFNg	6	NEURL3	3.11076407966096
IFNg	7	CXCL9	3.05434528410843
IFNg	8	MYO7B	3.0226428023283
IFNg	9	IDO2	2.89746678992234
IFNg	10	EDN1	2.88939431520856
IFNg	11	BAALC	2.88776962266878
IFNg	12	EXOC3L4	2.87788991378785
IFNg	13	CCL19	2.86557829158315
IFNg	14	SLC24A4	2.72551276182529
IFNg	15	SDAD1-AS1	2.71945805036578
IFNg	16	SCIN	2.6743798227037
IFNg	17	IL31RA	2.66180160237818
IFNg	18	UBD	2.65570759649292
IFNg	19	TCF7L1	2.64528609201453
IFNg	20	ENSG00000222042	2.62641051045286
IFNg	21	LINC00158	2.57596395915376
IFNg	22	ARNT2	2.55871886855384
IFNg	23	RIMS2	2.55170579615209
IFNg	24	ENSG00000226025	2.46342552460699
IFNg	25	SEPTIN4	2.45962976755286
IFNg	26	LAMA3	2.45341657018087
IFNg	27	ENSG00000248596	2.39770228762885
IFNg	28	IL32	2.37786908994172
IFNg	29	HGF	2.37079215326947
IFNg	30	DNAH8	2.32453924096757
IFNg	31	TGM2	2.31892308041935
IFNg	32	CEMIP	2.3161820329247
IFNg	33	EBF4	2.31012700185852
IFNg	34	BSPRY	2.27526284580861
IFNg	35	BEX1	2.25969586949113
IFNg	36	ENSG00000285040	2.24064858099055
IFNg	37	BRIP1	2.22904115012167
IFNg	38	FHDC1	2.22550664174252
IFNg	39	CXCL11	2.22103225593519
IFNg	40	UNC5C	2.22099665562761
IFNg	41	SLC6A12	2.20301904345687
IFNg	42	ENSG00000269460	2.19960569093746
IFNg	43	LGALS17A	2.1918459422309
IFNg	44	SEZ6L	2.19011958788162
IFNg	45	GGT8P	2.17306606351116
IFNg	46	LINC01169	2.1551411044287
IFNg	47	IL27	2.15118824667499
IFNg	48	APOL4	2.13726141922813
IFNg	49	MMP25	2.13081297308357
IFNg	50	ANKRD22	2.12202348780284
IFNg	51	PLA1A	2.11295979970243
IFNg	52	MUC1	2.11278435186847
IFNg	53	NES	2.11193572089823
IFNg	54	SSTR2	2.10171003396728
IFNg	55	FCGR1A	2.09554821879844
IFNg	56	ENSG00000253939	2.08748395786263
IFNg	57	CFB	2.05816795043892
IFNg	58	IFI27	2.03297532255711
IFNg	59	SH3BP4	2.02765242250587
IFNg	60	NPFFR1	2.02097785958736
IFNg	61	FCGR1BP	2.01883184171014
IFNg	62	GBP1P1	2.00115906456519
IFNg	63	CCL8	1.99911632299035
IFNg	64	TENM3	1.95527498132186
IFNg	65	NR1H3	1.93288026017102
IFNg	66	LINC01181	1.91292456823732
IFNg	67	ANO5	1.91052361442266
IFNg	68	SPATA9	1.9098013257784
IFNg	69	MSC	1.90658334955331
IFNg	70	ABHD17C	1.8953628893103
IFNg	71	GJA4	1.88546128871712
IFNg	72	MT1M	1.88522283622632
IFNg	73	TMEM212-AS1	1.8721611112545
IFNg	74	SLC22A17	1.86586273818633
IFNg	75	RN7SL4P	1.85898481646645
IFNg	76	ENSG00000227531	1.85522792434892
IFNg	77	PGLYRP4	1.8418056574054
IFNg	78	FCGR1BP-1	1.83409288309769
IFNg	79	FAM78B	1.81606392624927
IFNg	80	TMTC1	1.8107041119342
IFNg	81	ENSG00000256948	1.79969402669487
IFNg	82	LINC01671	1.79753436311659
IFNg	83	TSPAN4	1.79325180944152
IFNg	84	CTSL	1.7835559472275
IFNg	85	ENTHD1	1.77577535307241
IFNg	86	IDO1	1.7731897611979
IFNg	87	SLC9A3R2	1.75763509183585
IFNg	88	CLMP	1.74786263717063
IFNg	89	IL1RN	1.74193217006287
IFNg	90	MIR3945HG	1.74096657033657
IFNg	91	C1QC	1.74062924227825
IFNg	92	WASH3P	1.7380356028136
IFNg	93	GSDME	1.73734062357043
IFNg	94	ELOVL7	1.73178680033017
IFNg	95	BCL2L14	1.71228989762419
IFNg	96	GUCY1B2	1.70936637181984
IFNg	97	KCNMA1	1.70904292338934
IFNg	98	ENSG00000285982	1.70426973112045
IFNg	99	CALHM6	1.70095775211003
IFNg	100	ENSG00000230647	1.69599668044836
IFNg	101	TXN	1.69207138907559
IFNg	102	LINC02506	1.69041145476877
IFNg	103	ENSG00000230379	1.68999274817626
IFNg	104	LAG3	1.68941325550812
IFNg	105	OCLN	1.68639531287404
IFNg	106	TNFSF15	1.68065739556837
IFNg	107	ACVRL1	1.67657533901982
IFNg	108	AMOT	1.66937993151582
IFNg	109	OTOF	1.64767275439854
IFNg	110	ELAVL4	1.64361425541342
IFNg	111	ETV7	1.63795839595095
IFNg	112	FHAD1	1.63651606125543
IFNg	113	CD38	1.63304984744617
IFNg	114	NR4A3	1.6328394935709
IFNg	115	ERICH3	1.63279201684865
IFNg	116	FCGR1CP	1.62890077236062
IFNg	117	WDR64	1.62787975074861
IFNg	118	LAMP3	1.61588271072534
IFNg	119	ITGA7	1.61308241282028
IFNg	120	WARS1	1.61264446421901
IFNg	121	ENSG00000254733	1.60927046010941
IFNg	122	DOCK7-DT	1.60795198286803
IFNg	123	ENSG00000285744	1.60607428876175
IFNg	124	GBP5	1.5965200432447
IFNg	125	SERPINB10	1.58422595375928
IFNg	126	SERPING1	1.5840472809959
IFNg	127	ENSG00000224228	1.58113283081957
IFNg	128	AK8	1.57934077794645
IFNg	129	ENSG00000289084	1.56421297073198
IFNg	130	KLHDC7B	1.5640113704838
IFNg	131	ENSG00000283648	1.56164914324564
IFNg	132	MSR1	1.55221375129185
IFNg	133	KCNJ10	1.55206774813509
IFNg	134	RUFY4	1.54504368608074
IFNg	135	BCL2A1	1.53945224205052
IFNg	136	PPA1	1.53654925974112
IFNg	137	RGS1	1.52887425461432
IFNg	138	CYSLTR2	1.5245840000716
IFNg	139	TNFAIP6	1.50977734666043
IFNg	140	SLC8A3	1.50368029893387
IFNg	141	HAPLN3	1.50247927477591
IFNg	142	PTPRF	1.48871939116522
IFNg	143	SCO2	1.47983729453598
IFNg	144	GRIN3A	1.4788913447449
IFNg	145	MIR155HG	1.47789320033743
IFNg	146	GBP1	1.46785814645777
IFNg	147	C1QB	1.46758447720107
IFNg	148	PRLR	1.46590569808331
IFNg	149	TMEM178B	1.46588383669806
IFNg	150	MVP-DT	1.46292284195903
IFNg	151	NRP2	1.44851066794319
IFNg	152	ANKRD33B	1.44744194923084
IFNg	153	IFIT3	1.44407218808892
IFNg	154	DIAPH2-AS1	1.44130353900101
IFNg	155	APOC1	1.43951408716475
IFNg	156	CLU	1.43801778149916
IFNg	157	NTN1	1.43515911331281
IFNg	158	LILRA6	1.42958538245032
IFNg	159	CFD	1.42616745489697
IFNg	160	IL12RB2	1.42608583389918
IFNg	161	ENSG00000290574	1.41402086053745
IFNg	162	ENSG00000270792	1.40921556489522
IFNg	163	LINC01483	1.40605640989229
IFNg	164	IFIT2	1.40423049524283
IFNg	165	GOLM1	1.40327425718827
IFNg	166	TMEM255A	1.40212734525173
IFNg	167	CECR2	1.39488781841819
IFNg	168	NCAM2	1.39223930577547
IFNg	169	ENSG00000254704	1.38813090414652
IFNg	170	ENSG00000224789	1.3871688364599
IFNg	171	FBXO39	1.38584628826985
IFNg	172	ENSG00000285521	1.38581854515187
IFNg	173	MTSS2	1.38490415137145
IFNg	174	PROSER2	1.38283795023685
IFNg	175	GUCY1B1	1.38195889736585
IFNg	176	MT1H	1.38129443627308
IFNg	177	SOCS1	1.37992636895809
IFNg	178	IFI6	1.37598183016072
IFNg	179	SMPD3	1.37150498639688
IFNg	180	FAM20A	1.35917549677502
IFNg	181	RSAD2	1.35867080464652
IFNg	182	RNF152	1.35121436528319
IFNg	183	ENSG00000285016	1.3458169466555
IFNg	184	OAS3	1.3402617694075
IFNg	185	C3orf18	1.32841247446911
IFNg	186	FXYD6	1.32756736266213
IFNg	187	ABTB2	1.32674437457909
IFNg	188	AK4	1.32297310719526
IFNg	189	GBP1P1-1	1.32099572105407
IFNg	190	C1orf21	1.31697392445573
IFNg	191	IGFBP4	1.31143259587186
IFNg	192	AQP9	1.30539784743324
IFNg	193	LINC01358	1.30520952405046
IFNg	194	RHEBL1	1.30312197450769
IFNg	195	LRRK2-DT	1.30303157820126
IFNg	196	LINC02605	1.30224808269059
IFNg	197	KPTN	1.30015947378965
IFNg	198	HLA-H	1.29980465749564
IFNg	199	ENSG00000251584	1.2986062143828
IFNg	200	HESX1	1.29266054220505
IFNg	201	IFI44L	1.29250071652433
IFNg	202	TYMP	1.28910911430282
IFNg	203	ART3	1.2802254529614
IFNg	204	PLAAT3	1.27581947742441
IFNg	205	ENSG00000288093	1.27223197881602
IFNg	206	ADAM19	1.27194292189547
IFNg	207	PIM2	1.27083032286019
IFNg	208	TUBB2A	1.25928137462998
IFNg	209	PLSCR4	1.25670022321652
IFNg	210	ENSG00000284633	1.25383886126713
IFNg	211	LINC01752	1.25016432623426
IFNg	212	ATP13A2	1.24892214319902
IFNg	213	P2RY14	1.24880373492371
IFNg	214	SMCO2	1.24338833460974
IFNg	215	SAMD4A	1.24246074100665
IFNg	216	RPS18	1.24109786608421
IFNg	217	CLCN4	1.23946947123642
IFNg	218	APOBEC3A	1.23695145056654
IFNg	219	ENSG00000236990	1.23618317766091
IFNg	220	CRISPLD2	1.23382560954455
IFNg	221	CD80	1.22674898022263
IFNg	222	GUCY1A1	1.22483047511479
IFNg	223	LRRC3	1.22276212367495
IFNg	224	KCNN1	1.22134778061401
IFNg	225	FGD6	1.21668976980083
IFNg	226	CASP4LP-1	1.2166009568103
IFNg	227	ENSG00000286132	1.21276395574083
IFNg	228	MEFV	1.21260771155196
IFNg	229	MT1G	1.21222739578025
IFNg	230	ISG15	1.21016965491093
IFNg	231	ENSG00000243089	1.20870882780044
IFNg	232	GBP4	1.20509598399103
IFNg	233	SPATS2L	1.20279641304744
IFNg	234	CCL2	1.20236067752129
IFNg	235	ENSG00000291144	1.19781328520121
IFNg	236	SLC38A5	1.19765841013837
IFNg	237	ASCL2	1.19688906576888
IFNg	238	IFIT1	1.19671832315081
IFNg	239	IFITM3	1.19574408485631
IFNg	240	ENSG00000291236	1.19504309091642
IFNg	241	PGAP1	1.19172821052873
IFNg	242	PTGS2	1.19043481756787
IFNg	243	AIM2	1.18952940202678
IFNg	244	ENSG00000261468	1.18829613486185
IFNg	245	PRUNE2	1.18715718908048
IFNg	246	SYNPO2	1.18632684408172
IFNg	247	MRC2	1.18599588838213
IFNg	248	MAP3K13	1.18130355760863
IFNg	249	SDC3	1.17896109097187
IFNg	250	CXCL10	1.17237166907759
IFNg	251	SSTR3	1.17236285933354
IFNg	252	STRIP2	1.16913056133579
IFNg	253	CFH	1.16875913097205
IFNg	254	PLBD1	1.16823715006046
IFNg	255	ATF3	1.16397433361755
IFNg	256	NRIR	1.16370161279966
IFNg	257	ISG20	1.16133023961668
IFNg	258	CMPK2	1.16127149721709
IFNg	259	SCARNA17	1.15861451145931
IFNg	260	LINGO2	1.15647076245095
IFNg	261	ANK2	1.1553211522128
IFNg	262	STAT1	1.1534637840113
IFNg	263	CDKN1C	1.1528243520754
IFNg	264	IFI44	1.1510309867671
IFNg	265	LILRB3	1.15028445192632
IFNg	266	LINC01841	1.14859369137634
IFNg	267	SH3D21	1.1456287158924
IFNg	268	USP18	1.14254900181878
IFNg	269	LGMN	1.14182826635105
IFNg	270	C12orf76	1.13919243031958
IFNg	271	VAMP5	1.13911718195856
IFNg	272	ATF5	1.13552115780418
IFNg	273	ENSG00000289728	1.13389960921175
IFNg	274	RNF207	1.1283473758813
IFNg	275	INSIG1	1.12613224643102
IFNg	276	PLEKHH1	1.12477795739835
IFNg	277	ENSG00000285906	1.12471964392019
IFNg	278	STAT2	1.12372882039521
IFNg	279	SLC31A2	1.12361745785307
IFNg	280	TREML2	1.11476688472259
IFNg	281	MGAT3	1.11351799350602
IFNg	282	PRAME	1.10734009331754
IFNg	283	DUSP5-DT	1.10595619415808
IFNg	284	ALPK1	1.10416186224763
IFNg	285	HERC5	1.10402850324866
IFNg	286	ADORA2A	1.10342681636579
IFNg	287	KREMEN1	1.10332775402629
IFNg	288	MPP3	1.1027767796034
IFNg	289	TNFSF10	1.10083713332393
IFNg	290	NUPR1	1.09830660501395
IFNg	291	RMI2	1.09675204532399
IFNg	292	AXL	1.09454768775624
IFNg	293	HELZ2	1.09430369736548
IFNg	294	TDRD9	1.09265546885292
IFNg	295	ENSG00000233785	1.09250036586897
IFNg	296	MX1	1.09145860367318
IFNg	297	GAREM1	1.09134890148232
IFNg	298	UACA	1.09016831954289
IFNg	299	ENSG00000271554	1.08857134472059
IFNg	300	FUOM	1.08817192940065
IFNg	301	IFITM1	1.08769618485258
IFNg	302	SEMA4A	1.08691111320382
IFNg	303	KCNJ2	1.08684606356841
IFNg	304	RASGRP3	1.08486535990669
IFNg	305	SUCNR1	1.08377994586604
IFNg	306	KCNQ1OT1	1.08268809532246
IFNg	307	LGALS3BP	1.08198519511592
IFNg	308	FFAR2	1.08108841518876
IFNg	309	ENSG00000291230	1.07874427397202
IFNg	310	CNTLN	1.07822651242897
IFNg	311	ETV7-AS1	1.07774092017935
IFNg	312	JDP2	1.0770350261763
IFNg	313	LAMB3	1.07695280395356
IFNg	314	ENSG00000237568	1.07505263874607
IFNg	315	TAP1	1.07494426553914
IFNg	316	LILRB1	1.07289943153138
IFNg	317	IRF8	1.07150281831576
IFNg	318	EPSTI1	1.07020415080875
IFNg	319	SLC1A2	1.0702018799129
IFNg	320	CLEC6A	1.06808477648239
IFNg	321	LINC00937	1.06807878410743
IFNg	322	CLUHP3	1.06384237138951
IFNg	323	IFI27L1	1.06249847036366
IFNg	324	MT2A	1.06234956497792
IFNg	325	LAMP5	1.06169573971407
IFNg	326	CDC42BPB	1.05959027664345
IFNg	327	ZBP1	1.05942220503195
IFNg	328	ODF3B	1.05930111406803
IFNg	329	ENSG00000231873	1.05811231617909
IFNg	330	LAP3	1.05774681975647
IFNg	331	SIGLEC1	1.05657228002049
IFNg	332	NKG7	1.05568052944818
IFNg	333	LINC02068	1.05522005252198
IFNg	334	TNFAIP2	1.05327185895104
IFNg	335	AIFM2	1.05083210045487
IFNg	336	OAS1	1.04849316698563
IFNg	337	MAFB	1.0483245835396
IFNg	338	BMAL2	1.04768981480683
IFNg	339	C8orf34	1.04594880442247
IFNg	340	ENSG00000285446	1.04283635288918
IFNg	341	PLSCR1	1.04119818775018
IFNg	342	CD274	1.04030262296012
IFNg	343	ENSG00000280069	1.03876925467502
IFNg	344	HLA-K	1.03701434195573
IFNg	345	BCAS1	1.03558880979263
IFNg	346	CASP4LP	1.03521064402068
IFNg	347	CCL3	1.03517449928349
IFNg	348	LINC00173	1.03455232062258
IFNg	349	FMNL2	1.03355884584257
IFNg	350	LRRC61	1.03256562674381
IFNg	351	FRMD3	1.03227640168535
IFNg	352	CKAP4	1.03048242488643
IFNg	353	RN7SKP255	1.02840727379493
IFNg	354	OASL	1.02763189414052
IFNg	355	STOML1	1.02535147794049
IFNg	356	RTP4	1.02465388074505
IFNg	357	KCTD12	1.02367678619755
IFNg	358	SLFN12L	1.0230667986849
IFNg	359	GCNT1	1.02223522472182
IFNg	360	EMBP1	1.02183829702555
IFNg	361	GPR135	1.02136823653486
IFNg	362	PTPRG-AS1	1.02123494250632
IFNg	363	PDCD1LG2	1.02104745669005
IFNg	364	TANC1	1.02101740566578
IFNg	365	PARP14	1.01784599799643
IFNg	366	UAP1L1	1.01668232191103
IFNg	367	MAPK11	1.01638961973544
IFNg	368	NEXN	1.0138770197393
IFNg	369	ASPHD2	1.01373666520683
IFNg	370	LGALS9	1.01328103571933
IFNg	371	CDKN1A	1.01123166656205
IFNg	372	IFIH1	1.01070568013124
IFNg	373	VEGFA	1.01053316474248
IFNg	374	LMTK2	1.00976995413345
IFNg	375	ZNF385C	1.00858874727868
IFNg	376	FOXC1	1.0058382256373
IFNg	377	OPHN1	1.00428971178732
IFNg	378	TGM1	1.0033259083794
IFNg	379	KCNK13	1.003241003255
IFNg	380	INSIG2	1.00240909084484
IFNg	381	ABCG1	1.00063755363197
IFNg	382	CSF2RB	1.00057660206456
IFNg	383	LINC02086	0.997044047857667
IFNg	384	LILRA2	0.996946469713474
IFNg	385	PRKAR2B	0.996052230206066
IFNg	386	MGST1	0.99586555885696
IFNg	387	SERPINB9P1	0.995064589210881
IFNg	388	BATF3	0.99409521663469
IFNg	389	MAFF	0.99404603357778
IFNg	390	MCOLN2	0.993395779973549
IFNg	391	PARP12	0.993103059465601
IFNg	392	LINC02528	0.993023178261863
IFNg	393	CCRL2	0.990536859575923
IFNg	394	TCN2	0.990056980955644
IFNg	395	VAC14	0.989922617904739
IFNg	396	COLQ	0.989885387175657
IFNg	397	HERC6	0.987409039220297
IFNg	398	ZNF618	0.987220477441686
IFNg	399	PALM2AKAP2	0.986881401262719
IFNg	400	MIR4435-2HG	0.986324918106702
IFNg	401	NAPSB	0.983371201472797
IFNg	402	CEACAM16-AS1	0.983170494365183
IFNg	403	TLR4	0.981968052841103
IFNg	404	CYTOR	0.980362352386296
IFNg	405	MT1F	0.980109314072138
IFNg	406	ENSG00000232855	0.978535197365792
IFNg	407	SMG1P4	0.977652705886009
IFNg	408	STIL	0.976796377217024
IFNg	409	CD83	0.97620341690227
IFNg	410	GMPR	0.975903413122775
IFNg	411	SAMD9L	0.972974374360702
IFNg	412	TRAFD1	0.972914863062727
IFNg	413	ENSG00000272449	0.972391301670798
IFNg	414	LHFPL6	0.970267860485163
IFNg	415	ENSG00000258666	0.969458000540828
IFNg	416	ALAS1	0.968750878823438
IFNg	417	CR1L	0.967206781114402
IFNg	418	MYBPC3	0.966894344646963
IFNg	419	GRAMD1C	0.965017946673867
IFNg	420	APOL1	0.963942605335819
IFNg	421	ENSG00000228863	0.963067729021854
IFNg	422	ENSG00000288700	0.962873053511822
IFNg	423	WHAMMP4	0.958199734035875
IFNg	424	FBXO6	0.956545876980533
IFNg	425	CDC42EP1	0.955347958239931
IFNg	426	XRN1	0.955330095769646
IFNg	427	JUN	0.95448103976934
IFNg	428	ENSG00000226465	0.953604243954558
IFNg	429	SLC22A1	0.953203084580234
IFNg	430	SASH1	0.94986709067214
IFNg	431	LINC01980	0.947524227648535
IFNg	432	CLIC3	0.946520069846003
IFNg	433	RIGI	0.94536248484269
IFNg	434	JAK2	0.944321433642913
IFNg	435	XAF1	0.943975631520926
IFNg	436	ENSG00000259354	0.942052538207527
IFNg	437	ENSG00000286722	0.941651733781476
IFNg	438	APOL2	0.9398617980472
IFNg	439	ENSG00000240710	0.93985875407105
IFNg	440	NXT2	0.939636685536491
IFNg	441	PKN2-AS1	0.939605425306428
IFNg	442	ZNF462	0.939067052897674
IFNg	443	PARP9	0.937926265215998
IFNg	444	IL17REL	0.937196653214822
IFNg	445	LDAF1	0.935944293155866
IFNg	446	TNF	0.935027348031049
IFNg	447	DRAM1	0.934912114993621
IFNg	448	SAMD9	0.934445507106095
IFNg	449	ENSG00000230105	0.934279192091961
IFNg	450	AUTS2	0.933778620544037
IFNg	451	P2RX7	0.930936973320597
IFNg	452	CIBAR1	0.928779651888547
IFNg	453	MIR100HG	0.927457725129731
IFNg	454	XKR8	0.927404092438511
IFNg	455	DUSP5	0.927123777751244
IFNg	456	TRAF5	0.923993843197911
IFNg	457	APOL6	0.922148068596945
IFNg	458	AMER1	0.921864332716516
IFNg	459	CHODL	0.921696635636654
IFNg	460	RAB20	0.921039714073402
IFNg	461	ENSG00000287188	0.920783147255663
IFNg	462	MTMR8	0.919855869777393
IFNg	463	KCNE1	0.916700613118187
IFNg	464	IL15RA	0.91575768060786
IFNg	465	P2RX5	0.91555100558266
IFNg	466	MYOF	0.912846256200603
IFNg	467	TBKBP1	0.912164726517184
IFNg	468	P2RY6	0.911277530920043
IFNg	469	LRP5	0.908366819029489
IFNg	470	ENSG00000258101	0.907907103909119
IFNg	471	TIFA	0.907289315474555
IFNg	472	LINC02964	0.906231144788674
IFNg	473	LY6E-DT	0.906115429307909
IFNg	474	KCNK5	0.905993254259193
IFNg	475	DNAI3	0.905813803628725
IFNg	476	C4orf46	0.905534038893786
IFNg	477	ENSG00000284554	0.905358862318573
IFNg	478	SECTM1	0.904825407148358
IFNg	479	TFEC	0.903722930337337
IFNg	480	MYO10	0.903493460245262
IFNg	481	RSC1A1	0.900875036404967
IFNg	482	PDGFRL	0.899662120040396
IFNg	483	PMAIP1	0.898699889209949
IFNg	484	ZNF280B	0.897301454613419
IFNg	485	NCAM1	0.897249953776679
IFNg	486	UGGT2	0.896225227267707
IFNg	487	EIF2AK2	0.89615667805909
IFNg	488	RASSF4	0.895456096677155
IFNg	489	GBP2	0.893741036863168
IFNg	490	REC8	0.891633308204765
IFNg	491	PLCXD2	0.890976633704748
IFNg	492	CTRL	0.89048673392595
IFNg	493	SLC1A3	0.889234497562616
IFNg	494	KLF4	0.889075773504257
IFNg	495	ENPP2	0.887547230649409
IFNg	496	DDX60L	0.885279720992766
IFNg	497	HELB	0.885186818918472
IFNg	498	DLGAP1	0.885003062419771
IFNg	499	FAR2	0.88416908087995
IFNg	500	ENSG00000227101	0.883569305148685
IFNg	501	DDX60	0.882254771180213
IFNg	502	EPB41L4A	0.878424639985428
IFNg	503	TJP2	0.877888725148713
IFNg	504	PRR5	0.877596467245445
IFNg	505	MX2	0.876000142863014
IFNg	506	SCARF1	0.875736678527282
IFNg	507	CSF1	0.875607373856921
IFNg	508	GLDC	0.875372288651803
IFNg	509	FRRS1	0.875299782746433
IFNg	510	CYB5A	0.87481765675018
IFNg	511	LINC01857	0.874703513712864
IFNg	512	TAP2	0.873667047857412
IFNg	513	DCANP1	0.873658185089422
IFNg	514	SAMD4A-AS1	0.873227984470366
IFNg	515	LINC02798	0.87244114242524
IFNg	516	DUSP6	0.870076815858081
IFNg	517	DTNB-AS1	0.869670320931541
IFNg	518	HMSD	0.868521003849909
IFNg	519	BPGM	0.866617511677948
IFNg	520	PAX5	0.865936794845659
IFNg	521	HLA-DOB	0.864505004708418
IFNg	522	PDGFB	0.864085144526242
IFNg	523	RGS12	0.863764071778105
IFNg	524	ENSG00000267312	0.86319420720307
IFNg	525	CENPJ	0.861966879104391
IFNg	526	SYNGR2	0.860628869700642
IFNg	527	PLEKHG2	0.859934329985064
IFNg	528	RHOBTB3	0.859631798501404
IFNg	529	SLAMF7	0.853784374767046
IFNg	530	AEN	0.852584865283307
IFNg	531	CTLA4	0.852114198666158
IFNg	532	TUFT1	0.851889769625892
IFNg	533	IGHA2	0.849728250175976
IFNg	534	IFI35	0.849287813691008
IFNg	535	FIRRE	0.849189565633127
IFNg	536	ME1	0.848887536753458
IFNg	537	URAD	0.848745944445796
IFNg	538	TIFAB	0.848702055495752
IFNg	539	C2orf27A	0.848234328324502
IFNg	540	MMP14	0.847299868740919
IFNg	541	DNAJC6	0.845181594651701
IFNg	542	NINJ1	0.844901268440976
IFNg	543	IRF7	0.844229078685975
IFNg	544	PTPRD	0.842635695049385
IFNg	545	IRS1	0.842203705266812
IFNg	546	SERPINA1	0.842038928252334
IFNg	547	ENSG00000222017	0.841289577951139
IFNg	548	IRF4	0.840503988522135
IFNg	549	METRNL	0.840393744227462
IFNg	550	SAT1	0.839673677694218
IFNg	551	GNB4	0.838672978355031
IFNg	552	PLA2G7	0.83720618528844
IFNg	553	ENSG00000274642	0.836357986255297
IFNg	554	TMEM140	0.833603800082853
IFNg	555	ICAM1	0.832667450094773
IFNg	556	RHOU	0.831356685254186
IFNg	557	ANXA2P2	0.82703552220447
IFNg	558	SLC25A28	0.826334249848444
IFNg	559	MELK	0.82628034087278
IFNg	560	ENSG00000280007	0.825807908713485
IFNg	561	SLC12A3	0.824659333430859
IFNg	562	PDGFRB	0.824080728303923
IFNg	563	ENSG00000286239	0.823290093043656
IFNg	564	ENSG00000288044	0.820965882758928
IFNg	565	UNC93B1	0.819318659201354
IFNg	566	PNPT1	0.819232621134285
IFNg	567	GCH1	0.819227623126012
IFNg	568	PTMS	0.818992816315224
IFNg	569	PARP10	0.817940385451023
IFNg	570	BLOC1S3	0.81792627546565
IFNg	571	TMEM150B	0.817081115843801
IFNg	572	OAS2	0.815715773327967
IFNg	573	ROBO1	0.815191979155617
IFNg	574	C2	0.814591604114807
IFNg	575	CARD16	0.8143943602235
IFNg	576	SEPTIN4-AS1	0.814098448861639
IFNg	577	CEBPB	0.81407961873842
IFNg	578	DNMT3B	0.812511558960955
IFNg	579	TMPRSS13	0.812445653690779
IFNg	580	GRB10	0.812268856757978
IFNg	581	LILRB4	0.810860619527895
IFNg	582	TRIM25	0.808615717436159
IFNg	583	HPSE	0.807887060781469
IFNg	584	TAGLN2	0.807744766433231
IFNg	585	SCPEP1	0.806531225227661
IFNg	586	SLAMF8	0.806017559924605
IFNg	587	MGLL	0.805445246623396
IFNg	588	ZDHHC18	0.805155961943883
IFNg	589	GGH	0.804098906585605
IFNg	590	RSU1	0.803959902788317
IFNg	591	IGF2BP2	0.802602872865133
IFNg	592	GABBR1	0.802305362292311
IFNg	593	AKT1S1	0.802145124894542
IFNg	594	CD63	0.801532916572861
IFNg	595	MPND	0.800006133590715
IFNg	596	CCDC73	0.799222498495617
IFNg	597	MTHFD2	0.799021651662657
IFNg	598	SLFN12	0.797135821014364
IFNg	599	PLAT	0.794830993674867
IFNg	600	ENSG00000225889	0.79261906127605
IFNg	601	CD68	0.791283241502833
IFNg	602	SLC41A2	0.791248889431752
IFNg	603	PAQR8	0.789953149941133
IFNg	604	ENSG00000225450	0.788792877849414
IFNg	605	CCDC9	0.788442491477692
IFNg	606	LINC02384	0.788163780229782
IFNg	607	ENSG00000256568	0.787357435737424
IFNg	608	CLIC2	0.78729874309476
IFNg	609	HLA-L	0.787210079239178
IFNg	610	TRIM21	0.786699520165379
IFNg	611	FAS	0.786084445707009
IFNg	612	OAF	0.785989511554612
IFNg	613	TMEM185B	0.785689350495458
IFNg	614	BAHCC1	0.78561348944283
IFNg	615	ZNF764	0.785480750166434
IFNg	616	PML	0.783855874766991
IFNg	617	LINC02542	0.782294693691075
IFNg	618	ASMTL-AS1	0.78143239524156
IFNg	619	TRPM2	0.780836755389255
IFNg	620	ZDHHC23	0.779684609686181
IFNg	621	CLEC4E	0.779541058282419
IFNg	622	TRIM22	0.779520075207661
IFNg	623	CDS1	0.778411332849222
IFNg	624	ENSG00000290812	0.777878367011928
IFNg	625	SYNPO	0.776262380054747
IFNg	626	EDARADD	0.776251037910165
IFNg	627	MAGED1	0.775817959526207
IFNg	628	GINS1	0.774424885026849
IFNg	629	RALB	0.774098202956722
IFNg	630	MSRB3	0.772970473581599
IFNg	631	CCR7	0.772373690786471
IFNg	632	CHST12	0.771972238513447
IFNg	633	EMD	0.771170879587751
IFNg	634	MACC1	0.770503908441088
IFNg	635	DHX58	0.769398809345309
IFNg	636	ABR	0.767682156491212
IFNg	637	IFIT5	0.76729039776455
IFNg	638	LMNB1	0.766789275011734
IFNg	639	HDX	0.766299958765249
IFNg	640	NMI	0.76624361197092
IFNg	641	DTX3L	0.765480508018936
IFNg	642	SERPINH1	0.765136412164607
IFNg	643	PLEKHN1	0.764203939325487
IFNg	644	RXFP1	0.763615293988783
IFNg	645	KLHDC7B-DT	0.763013123216409
IFNg	646	FIGNL1	0.76297945375648
IFNg	647	ACP2	0.762237978013691
IFNg	648	SERPINB9	0.76183555693553
IFNg	649	ACSL1	0.761417367058477
IFNg	650	SDSL	0.760814125329712
IFNg	651	RCN1	0.760654230633119
IFNg	652	SCD	0.759881580724381
IFNg	653	PCBP3	0.758896454417134
IFNg	654	LFNG	0.756045280181597
IFNg	655	ENSG00000288900	0.755858818596353
IFNg	656	BST2	0.755018859091672
IFNg	657	SLFN13	0.754988960735017
IFNg	658	UBE2L6	0.754125449563217
IFNg	659	LINC02133	0.753800754074168
IFNg	660	IL15	0.753329982038257
IFNg	661	GGACT	0.753250075566022
IFNg	662	LINC01232	0.752716839967045
IFNg	663	PCBP2	0.75176827585888
IFNg	664	IL18BP	0.751093673020698
IFNg	665	SPSB1	0.749894953728474
IFNg	666	RORB	0.749496947042745
IFNg	667	LRRK2	0.748950482089895
IFNg	668	C1QA	0.748614580744736
IFNg	669	RN7SKP203	0.748352608766339
IFNg	670	GPC5	0.748059621533757
IFNg	671	NBEAP2	0.74791100308611
IFNg	672	SPDL1	0.747280899747871
IFNg	673	PDE4DIPP2	0.745366873379452
IFNg	674	UBE2S	0.743287605747931
IFNg	675	RNF213	0.741764606255769
IFNg	676	GM2A	0.741166131035383
IFNg	677	HSH2D	0.740462442737798
IFNg	678	RILP	0.73956185122585
IFNg	679	CASP1	0.738961593769813
IFNg	680	TBX21	0.738328451535888
IFNg	681	IRF1	0.737887750239773
IFNg	682	RNF144A	0.737845239065838
IFNg	683	ENSG00000279320	0.737658588871824
IFNg	684	L3MBTL2-AS1	0.737388667070656
IFNg	685	TNFSF13B	0.737164377210271
IFNg	686	MICB	0.736409571101408
IFNg	687	CACNA1A	0.736388637459406
IFNg	688	ISOC1	0.734987514007066
IFNg	689	ACTA2	0.734665820929428
IFNg	690	PLAAT4	0.734592528368422
IFNg	691	CST3	0.733032949214394
IFNg	692	TLR7	0.732319583115148
IFNg	693	STAP1	0.729454891865793
IFNg	694	BATF2	0.728249564358577
IFNg	695	HCG27	0.727883784824325
IFNg	696	PSEN2	0.727569118615012
IFNg	697	DYNLL2	0.727420437252779
IFNg	698	RUSC1-AS1	0.726641680811139
IFNg	699	TSPAN15	0.726293003477004
IFNg	700	JAG1	0.725647449140066
IFNg	701	PIM3	0.724390941498597
IFNg	702	CCR1	0.724220818732445
IFNg	703	KIAA0408	0.723414870312104
IFNg	704	APOL3	0.723024970336152
IFNg	705	LIMK2	0.721874071014042
IFNg	706	LY6E	0.720691200936321
IFNg	707	ENSG00000267009	0.720536035306249
IFNg	708	SUSD1	0.719942113177928
IFNg	709	ENSG00000287989	0.717415971957139
IFNg	710	SPATS2	0.716721252710187
IFNg	711	ENSG00000287691	0.716649520440999
IFNg	712	MSRB1	0.716573927555066
IFNg	713	ZBTB45	0.716153468941665
IFNg	714	ZFP36	0.715114466540456
IFNg	715	RNF113A	0.714822197232005
IFNg	716	SNHG26	0.714613140202704
IFNg	717	LACC1	0.71415791088145
IFNg	718	CCR5	0.714154159117155
IFNg	719	GTPBP1	0.713862320838929
IFNg	720	ENSG00000267737	0.713835607620081
IFNg	721	RGS3	0.71233837355552
IFNg	722	ENSG00000285082	0.711644651942555
IFNg	723	NUB1	0.709775427666776
IFNg	724	SLC49A3	0.709755834892601
IFNg	725	PSME2	0.708667728590258
IFNg	726	MATCAP1	0.707955554950661
IFNg	727	LINC02319	0.707590503292179
IFNg	728	ACVR1B	0.707482863480185
IFNg	729	TBC1D12	0.707070558799809
IFNg	730	SELENOP	0.706655519170961
IFNg	731	L3HYPDH	0.704638993859811
IFNg	732	PSMB8	0.704271760056404
IFNg	733	ALOX12-AS1	0.702100523320463
IFNg	734	SELL	0.701884990164077
IFNg	735	HSPA1A	0.701834910239904
IFNg	736	FAM133DP	0.700767399957087
IFNg	737	MT-ND6	0.700475021927348
IFNg	738	SRI	0.700069835165354
IFNg	739	FLT3	0.699709559130122
IFNg	740	ENSG00000258964	0.699170432634055
IFNg	741	UBA7	0.699000576469889
IFNg	742	ENSG00000285579	0.698683878012473
IFNg	743	BLNK	0.698396776179172
IFNg	744	SNX10	0.696577491637958
IFNg	745	CCDC88B	0.696380894905079
IFNg	746	GTF2H2C	0.696242750952964
IFNg	747	TRADD	0.695922153515396
IFNg	748	ARL5B	0.695868836335421
IFNg	749	NFIX	0.695571132783284
IFNg	750	TSPAN13	0.694812164999438
IFNg	751	MOV10	0.694212877956897
IFNg	752	ENSG00000283696	0.692100272615
IFNg	753	UBC	0.691373150104125
IFNg	754	LMNA	0.691034118174575
IFNg	755	TDRD7	0.68861792904216
IFNg	756	ADAM8	0.687276715049315
IFNg	757	MREG	0.686745854498499
IFNg	758	CYLD-AS1	0.686676007942771
IFNg	759	GSN	0.685073928693937
IFNg	760	ST3GAL5-AS1	0.683981226989735
IFNg	761	NOL3	0.683980629823346
IFNg	762	TBC1D1	0.682907141744511
IFNg	763	RIPK2-DT	0.682212096724075
IFNg	764	WASHC2A	0.681816401025492
IFNg	765	PRCP	0.681406920633996
IFNg	766	DHFR	0.681246957445154
IFNg	767	SMCO4	0.680916150168785
IFNg	768	ITGB7	0.680303266820946
IFNg	769	C15orf39	0.68022160087265
IFNg	770	SCART1	0.67943655456647
IFNg	771	PFKP	0.678353665977345
IFNg	772	FNIP2	0.678118437701175
IFNg	773	LPCAT2	0.677729080070913
IFNg	774	MDGA1	0.677323374954878
IFNg	775	CDC45	0.677050930981098
IFNg	776	SMG1P1	0.676440783910505
IFNg	777	ZNFX1	0.676411033284714
IFNg	778	KIAA0040	0.676042678516301
IFNg	779	TNK2	0.67601099501192
IFNg	780	STARD4-AS1	0.675314125092904
IFNg	781	SOGA3	0.67507391549685
IFNg	782	EHD4	0.674038538121394
IFNg	783	GLT1D1	0.673940306146056
IFNg	784	SEPTIN8	0.673584678946044
IFNg	785	NUP50-DT	0.672839028031152
IFNg	786	ASAP2	0.671252839133094
IFNg	787	SRD5A1	0.670982170096588
IFNg	788	CEACAM1	0.670772700043017
IFNg	789	XRCC3	0.670612216170238
IFNg	790	ENSG00000225339	0.670514518859065
IFNg	791	USP6NL	0.668760105062959
IFNg	792	MCL1	0.667600846895407
IFNg	793	FAM241A	0.66725979345362
IFNg	794	CAMSAP1-DT	0.666084607964975
IFNg	795	ENSG00000288600	0.666049976197326
IFNg	796	SLC1A5	0.665588820142764
IFNg	797	TTF2	0.664695897792974
IFNg	798	CLSPN	0.664140914039117
IFNg	799	LDLRAD3	0.663965604922043
IFNg	800	TICAM2-AS1	0.663773227797102
IFNg	801	MPEG1	0.663397591255119
IFNg	802	ZEB1-AS1	0.663096888975685
IFNg	803	TRIM28	0.662737414039885
IFNg	804	CA13	0.662336729145385
IFNg	805	ENSG00000269179	0.662323207337501
IFNg	806	OR51B5	0.660650214631637
IFNg	807	NCDN	0.660269484958822
IFNg	808	GZMB	0.659849888394898
IFNg	809	ENSG00000287100	0.659294305429518
IFNg	810	PIGZ	0.658977317680682
IFNg	811	NAPA	0.658331661484956
IFNg	812	ACOT7	0.657685364143083
IFNg	813	MED28-DT	0.657226514489129
IFNg	814	ENSG00000261884	0.65720446476532
IFNg	815	CHEK1	0.65707617900197
IFNg	816	CPNE2	0.656467299603095
IFNg	817	DAPP1	0.656271188692337
IFNg	818	SP140	0.656214456494813
IFNg	819	RAB31	0.656124086083803
IFNg	820	LINC00278	0.65562607004165
IFNg	821	HMGN2P46	0.654327620593671
IFNg	822	SDS	0.653434636950534
IFNg	823	KIAA1522	0.652757826364181
IFNg	824	OSBPL6	0.652315273086655
IFNg	825	CBR1	0.651966706624978
IFNg	826	TENT5A	0.651910673659719
IFNg	827	SINHCAF	0.651671643402585
IFNg	828	MIIP	0.651406434265289
IFNg	829	PGRMC1	0.65121954534185
IFNg	830	SLC1A4	0.65099323707742
IFNg	831	VPS9D1	0.650885389018928
IFNg	832	IL2RA	0.650633495403442
IFNg	833	BCAR3	0.650143358272703
IFNg	834	MARCKSL1	0.65011814359499
IFNg	835	TRANK1	0.649465588140905
IFNg	836	ECE1	0.649367374886325
IFNg	837	SLC8A1-AS1	0.648641313425311
IFNg	838	PRRG4	0.648565420127483
IFNg	839	GCA	0.648386592521225
IFNg	840	HMGA1	0.648122070568227
IFNg	841	GRAMD1B	0.647933992994953
IFNg	842	DOP1A	0.647835104367446
IFNg	843	ENDOD1	0.646779236765005
IFNg	844	NCF1C	0.646322656813523
IFNg	845	CD86	0.6451464399002
IFNg	846	SOD2	0.645033267335756
IFNg	847	DOCK1	0.643961281016575
IFNg	848	SCML1	0.643182497660307
IFNg	849	KCNMB1	0.641071800590089
IFNg	850	DENND1B	0.641020331162504
IFNg	851	MLKL	0.640952175565903
IFNg	852	SMCHD1	0.639497238955508
IFNg	853	FASLG	0.638642422328127
IFNg	854	GCNT2	0.638442963879601
IFNg	855	ZC3H12C	0.638405333174171
IFNg	856	EID2	0.637700768245523
IFNg	857	ABCA15P	0.636999651231792
IFNg	858	ENSG00000250519	0.636643200571216
IFNg	859	RNF217	0.635803958539847
IFNg	860	CDK2AP1	0.635662084515342
IFNg	861	LINC02100	0.635036853208596
IFNg	862	SFMBT2	0.634855337857709
IFNg	863	PARP11	0.634173671754055
IFNg	864	APOBEC3F	0.63407493056128
IFNg	865	ZFTA	0.6331297691286
IFNg	866	IFITM2	0.632778969285052
IFNg	867	LSAMP	0.632613457814063
IFNg	868	RAPGEF2	0.632467307965376
IFNg	869	HSPE1	0.63218929460798
IFNg	870	RIPK2	0.631901061753619
IFNg	871	HLA-L-1	0.631787614375876
IFNg	872	MVB12A	0.631716665395436
IFNg	873	ADAMTSL4-AS2	0.630947875332963
IFNg	874	MS4A1	0.630596819498519
IFNg	875	KLF10	0.630527831991617
IFNg	876	CEBPD	0.629045152757143
IFNg	877	ENSG00000270066	0.628895270819445
IFNg	878	ARMC6	0.628403834267428
IFNg	879	SHFL	0.628393866654569
IFNg	880	PIK3R3	0.627595335798628
IFNg	881	ABTB3	0.627340351550823
IFNg	882	PITPNA	0.627071192994556
IFNg	883	CMTR1	0.626404857294599
IFNg	884	PRF1	0.625734122663165
IFNg	885	USP2-AS1	0.62557403924282
IFNg	886	GLI4	0.625365739593257
IFNg	887	HMOX1	0.625197357871508
IFNg	888	TCAF2	0.624173395305848
IFNg	889	PRKAR1B-AS1	0.623496021866275
IFNg	890	FANCA	0.622744756460053
IFNg	891	MYD88	0.622462084435598
IFNg	892	ZCCHC2	0.622430685288419
IFNg	893	COPDA1	0.622328527527224
IFNg	894	PHF11	0.621448474671227
IFNg	895	CNDP2	0.621164576100108
IFNg	896	CHMP5	0.621113749202864
IFNg	897	PRMT1	0.621064751927639
IFNg	898	COL9A2	0.620902610914142
IFNg	899	CYFIP1	0.62045577712909
IFNg	900	RAB5IF	0.619555790524156
IFNg	901	DYNLT1	0.616698147564157
IFNg	902	ENSG00000278419	0.616409141247356
IFNg	903	MOAP1	0.615351293353684
IFNg	904	STX11	0.615161587026085
IFNg	905	LGALS2	0.614797968815181
IFNg	906	RAB29	0.614687042381911
IFNg	907	PLD5P1	0.613874892780693
IFNg	908	LINC00467	0.61342711675759
IFNg	909	MPP1	0.613347978574341
IFNg	910	ENSG00000257452	0.612875033759905
IFNg	911	TMEM176B	0.612064286694874
IFNg	912	NLRC5	0.611923216658547
IFNg	913	ENTPD7	0.611131664529283
IFNg	914	MIER2	0.611064911530066
IFNg	915	PARP3	0.610996051379767
IFNg	916	DGLUCY	0.610752344946252
IFNg	917	C17orf99	0.610654182784316
IFNg	918	ENSG00000237461	0.610633280683721
IFNg	919	ENSG00000287263	0.610165323319757
IFNg	920	POLRMT	0.609201952522887
IFNg	921	WDFY1	0.609050062862769
IFNg	922	TASL	0.60844620602784
IFNg	923	FUT4	0.608387490163409
IFNg	924	CASP10	0.60786871380432
IFNg	925	TAGLN	0.607583866493108
IFNg	926	CD74	0.606330876892042
IFNg	927	MED12L	0.606165233475649
IFNg	928	FCHSD1	0.605400152500789
IFNg	929	CUEDC1	0.603577860938943
IFNg	930	MRPL32	0.603028305352586
IFNg	931	LINC02390	0.602445968942577
IFNg	932	SPATA32	0.602389310296572
IFNg	933	GCLC	0.601939250616192
IFNg	934	PXDC1	0.601384096985673
IFNg	935	SPHK1	0.601362152466166
IFNg	936	SH3BP2	0.600424219703448
IFNg	937	DIPK1A	0.599304124090647
IFNg	938	PIM1	0.599109360951307
IFNg	939	IPO4	0.59898597795384
IFNg	940	GDPD5	0.598757175512092
IFNg	941	SLC37A1	0.598381384601524
IFNg	942	CIITA	0.598257926171898
IFNg	943	NUCB1	0.598248516412323
IFNg	944	IFI30	0.597168709100372
IFNg	945	OPTN	0.596991942608059
IFNg	946	ENSG00000250264	0.596888694906197
IFNg	947	MYO1C	0.595779818474731
IFNg	948	VIM	0.59561816284325
IFNg	949	COA3	0.595548056320184
IFNg	950	ADAR	0.594137488354271
IFNg	951	EPS15-AS1	0.593715803762039
IFNg	952	SEMA7A	0.593429283415558
IFNg	953	CCDC26	0.592819360210965
IFNg	954	CFL2	0.592805443915164
IFNg	955	PHPT1	0.592524545416952
IFNg	956	PHLDB1	0.592504111844614
IFNg	957	RRAGC	0.592342130494654
IFNg	958	C3orf14	0.591788950416025
IFNg	959	DLAT	0.591370855212349
IFNg	960	FLT1	0.591215402042023
IFNg	961	FUNDC2	0.590981334347292
IFNg	962	AMDHD2	0.590834950009038
IFNg	963	TICAM2	0.590380726383039
IFNg	964	CYB561A3	0.590132186501071
IFNg	965	DCBLD1	0.589437606475744
IFNg	966	ENSG00000239920	0.589377476423428
IFNg	967	SNN	0.589309161882703
IFNg	968	INHBA	0.587909611786376
IFNg	969	GAS7	0.587645482327516
IFNg	970	ATXN7L3-AS1	0.587282829262715
IFNg	971	FPR2	0.587280292205889
IFNg	972	CSRNP1	0.587092974021813
IFNg	973	NAMPT	0.586825473053987
IFNg	974	LINC02416	0.586404520681068
IFNg	975	ILDR1	0.58623511522839
IFNg	976	RAB39A	0.58609941165089
IFNg	977	MOB3C	0.586042455092868
IFNg	978	ODF2L	0.585662460901735
IFNg	979	GSTK1	0.585066308190466
IFNg	980	PSMB10	0.58463248435603
IFNg	981	LACTB	0.583740853316998
IFNg	982	IGHA1	0.583670072557746
IFNg	983	GPR141	0.58356806391019
IFNg	984	SP110	0.583500080997777
IFNg	985	POGLUT3	0.583242699821318
IFNg	986	DNASE2	0.583027536181229
IFNg	987	MBOAT1	0.582744922131701
IFNg	988	WASHC2C	0.582614493663947
IFNg	989	SLCO4A1	0.582516284334469
IFNg	990	ENSG00000284691	0.581928141127801
IFNg	991	LIMCH1	0.5818703088085
IFNg	992	RNF43	0.581815690737901
IFNg	993	RABGGTA	0.581735551991167
IFNg	994	SMAGP	0.580773992684107
IFNg	995	CIB2	0.580660513030571
IFNg	996	FOXN2	0.579818887222485
IFNg	997	TOR4A	0.57964085588132
IFNg	998	RBCK1	0.578925075492324
IFNg	999	FGD2	0.578714813709009
IFNg	1000	SIDT2	0.578395530098634
IFNg	1001	ARHGEF10L	0.578291060776916
IFNg	1002	NXF1	0.5777818191261
IFNg	1003	TRIM8	0.577730866262912
IFNg	1004	SLC15A4	0.576420982512603
IFNg	1005	NDUFA8	0.576206398007186
IFNg	1006	PSMA4	0.574991680863114
IFNg	1007	YEATS2	0.57460472415191
IFNg	1008	LINC01505	0.574060110103704
IFNg	1009	CASP7	0.572677907568905
IFNg	1010	ZWILCH	0.571577106342966
IFNg	1011	XKR9	0.570438541558077
IFNg	1012	SNHG15	0.570260851063586
IFNg	1013	DDAH2	0.569504483869505
IFNg	1014	PARD3	0.5686495808388
IFNg	1015	GPR84	0.568395649899196
IFNg	1016	FCER1G	0.567342855500132
IFNg	1017	PPM1K	0.567226334902996
IFNg	1018	DNAJC18	0.566593688269858
IFNg	1019	HVCN1	0.566167482046063
IFNg	1020	B4GALT5	0.566096647120746
IFNg	1021	HSPB8	0.566071011006103
IFNg	1022	SH3RF1	0.565852974454752
IFNg	1023	CNP	0.565582011619161
IFNg	1024	HSPB1	0.56519985402963
IFNg	1025	ENSG00000173366	0.564432550497047
IFNg	1026	CHSY1	0.564278076604763
IFNg	1027	ATOX1	0.563851119158822
IFNg	1028	TRIM69	0.563778552090913
IFNg	1029	ENSG00000283782	0.56357098916207
IFNg	1030	WHRN	0.562257925361625
IFNg	1031	SYNE2	0.562166516444437
IFNg	1032	CSRP1	0.561885563863321
IFNg	1033	MELTF	0.561654076522662
IFNg	1034	ENSG00000286533	0.561595164606219
IFNg	1035	NDUFA9	0.561398968638788
IFNg	1036	CREG1	0.561038942732181
IFNg	1037	RNF144B	0.560723713622907
IFNg	1038	BAZ1A	0.560707410238415
IFNg	1039	RRAGD	0.560369136061519
IFNg	1040	NECTIN1	0.560251660069829
IFNg	1041	HNRNPLL	0.55981865863049
IFNg	1042	SERPINB8	0.558766848404237
IFNg	1043	MMP25-AS1	0.558448749847088
IFNg	1044	SMAP2	0.55833989018234
IFNg	1045	ATOSB	0.558253659590623
IFNg	1046	ZNF322	0.558108694752384
IFNg	1047	NAMPTP1	0.55799747629801
IFNg	1048	TRIM5	0.557940435775379
IFNg	1049	ZNF526	0.557495769485895
IFNg	1050	TSHZ3	0.557287093083524
IFNg	1051	CTSZ	0.55619356921735
IFNg	1052	CCDC194	0.555453924177101
IFNg	1053	NMRAL2P	0.55527545837002
IFNg	1054	MRPL17	0.554844160875455
IFNg	1055	PIAS3	0.553603353915153
IFNg	1056	DST	0.553492112966273
IFNg	1057	TMEM131	0.553474152330271
IFNg	1058	ENSG00000255026	0.553357781704588
IFNg	1059	MBD6	0.553259474131396
IFNg	1060	TLE5	0.553175378602946
IFNg	1061	GADD45B	0.55269974917489
IFNg	1062	ENSG00000224479	0.552561433442576
IFNg	1063	ACTR3C	0.552381067987304
IFNg	1064	AGRN	0.551706112817169
IFNg	1065	PTGER4	0.551168274234918
IFNg	1066	DDIT4	0.55105181363789
IFNg	1067	WHAMMP3	0.549662929441091
IFNg	1068	ZNF366	0.549346299253973
IFNg	1069	PTGIR	0.548304171514673
IFNg	1070	ZNF273	0.548042898863191
IFNg	1071	SRC	0.547883968379614
IFNg	1072	DENND5A	0.547777645567469
IFNg	1073	PSME1	0.547214956009109
IFNg	1074	PLAC8	0.546793813104234
IFNg	1075	HORMAD1	0.54650922681303
IFNg	1076	ENSG00000287117	0.54640307353355
IFNg	1077	FAM81A	0.54623090084632
IFNg	1078	PIWIL4	0.545909304658222
IFNg	1079	SYTL2	0.545681424442647
IFNg	1080	ENSG00000291149	0.545356514231174
IFNg	1081	ENSG00000262370	0.54512752171418
IFNg	1082	ENSG00000226032	0.545098184941446
IFNg	1083	USF1	0.544015603562332
IFNg	1084	UBE2A	0.543800548368369
IFNg	1085	BTG1	0.54379828196032
IFNg	1086	N4BP1	0.54362507353083
IFNg	1087	VCPIP1	0.543613469328329
IFNg	1088	DNAJA1	0.543537848550526
IFNg	1089	TRAF2	0.543498572124028
IFNg	1090	TBX19	0.543310894512182
IFNg	1091	PRKD2	0.543055629464025
IFNg	1092	ARHGDIA	0.542686304176848
IFNg	1093	PCNA	0.542540360763591
IFNg	1094	HLA-C	0.542349210203398
IFNg	1095	ENPP4	0.542277739733
IFNg	1096	TOP1MT	0.542064816126363
IFNg	1097	IRF3	0.541119013094724
IFNg	1098	C22orf46	0.540560005878993
IFNg	1099	TIMM13	0.54013626721878
IFNg	1100	BCL6	0.539397566130257
IFNg	1101	MARVELD2	0.539245610476679
IFNg	1102	WASL	0.539145632161743
IFNg	1103	GBP3	0.539008366993471
IFNg	1104	PLXNC1	0.538975086949365
IFNg	1105	SQOR	0.538854542301555
IFNg	1106	DIP2C	0.538772236372109
IFNg	1107	PARP15	0.538573675241324
IFNg	1108	EHHADH	0.538020815632541
IFNg	1109	C15orf48	0.537194675527519
IFNg	1110	FNBP1	0.536739683390789
IFNg	1111	CENPB	0.536626560421595
IFNg	1112	DYSF	0.536545884097136
IFNg	1113	ENSG00000235111	0.535561178747124
IFNg	1114	PSMB9	0.535412494602328
IFNg	1115	SDK1	0.534626692413311
IFNg	1116	SLAMF1	0.534213846626333
IFNg	1117	IPCEF1	0.534071453076443
IFNg	1118	CES1	0.533624524100397
IFNg	1119	EMILIN2	0.532726135852692
IFNg	1120	GAA	0.532551975417724
IFNg	1121	SLC2A6	0.532399509098774
IFNg	1122	SDC4	0.532230502809573
IFNg	1123	GULOP	0.532195808693882
IFNg	1124	IFI16	0.532094145012744
IFNg	1125	FAM219A	0.531982163549151
IFNg	1126	SRGAP2	0.531317525143582
IFNg	1127	TMEM62	0.531132483855091
IFNg	1128	B3GNT2	0.530515504729973
IFNg	1129	PCGF5	0.530330057354727
IFNg	1130	CFAP161	0.529770670391038
IFNg	1131	FAM222B	0.529669471813354
IFNg	1132	NCF4	0.529664666396301
IFNg	1133	TBC1D22B	0.529171027633713
IFNg	1134	EBI3	0.52888648443762
IFNg	1135	COA6	0.528625308869411
IFNg	1136	TATDN2P2	0.528568187707035
IFNg	1137	BRCA2	0.528383126073175
IFNg	1138	SUB1	0.528249653544098
IFNg	1139	ELK1	0.528145540595322
IFNg	1140	EAF1	0.528003467498152
IFNg	1141	MITF	0.52722232514405
IFNg	1142	FGL2	0.526869940181845
IFNg	1143	MED25	0.526597521733278
IFNg	1144	IRF2	0.526329710598931
IFNg	1145	LINC01122	0.525931542675746
IFNg	1146	TMEM123	0.525716514083889
IFNg	1147	ZBED6	0.525629726830329
IFNg	1148	INSL6	0.52551167801226
IFNg	1149	NECTIN2	0.525510739138969
IFNg	1150	C3orf38	0.525383694308457
IFNg	1151	NLGN4Y	0.525326941432241
IFNg	1152	ENSG00000261427	0.52503756435114
IFNg	1153	DUSP10	0.524964345349669
IFNg	1154	BCL2L1-AS1	0.523651626030144
IFNg	1155	AP5B1	0.523566491440712
IFNg	1156	ENSG00000265943	0.523083776716469
IFNg	1157	TEC	0.52297516269076
IFNg	1158	NEMP1	0.522915141811786
IFNg	1159	FABP5	0.522717949009033
IFNg	1160	SRP54-AS1	0.522694803205991
IFNg	1161	JADE2	0.522547980637428
IFNg	1162	CD27-AS1	0.522497712798797
IFNg	1163	HARS1	0.521952385591466
IFNg	1164	CASP4	0.521836929138679
IFNg	1165	YRDC	0.520196753862541
IFNg	1166	STK3	0.520164875046794
IFNg	1167	ENSG00000227722	0.519883194708057
IFNg	1168	NOD1	0.518988771051867
IFNg	1169	SPPL2A	0.518685842822069
IFNg	1170	PDE4DIP	0.518333904696521
IFNg	1171	LDLR	0.517616149918181
IFNg	1172	ZNF267	0.517311925568772
IFNg	1173	TMX1	0.516798140218337
IFNg	1174	SP100	0.516673285045876
IFNg	1175	E2F6	0.516519121450136
IFNg	1176	RENBP	0.515765410868514
IFNg	1177	CARD6	0.515248714237744
IFNg	1178	PUF60	0.515122360939125
IFNg	1179	RASGEF1B	0.515046243998964
IFNg	1180	MYL5	0.51499757839077
IFNg	1181	NUDCD1	0.514918696655692
IFNg	1182	DDB2	0.514824805884043
IFNg	1183	LINC02680	0.514799773520651
IFNg	1184	GNG5	0.514290011419125
IFNg	1185	NACC2	0.514176433854657
IFNg	1186	FEZ1	0.513664368638198
IFNg	1187	LPIN2	0.513207582924178
IFNg	1188	ARAP2	0.513199062284809
IFNg	1189	S100A11	0.512961743897501
IFNg	1190	SLC12A7	0.512903468504006
IFNg	1191	PRDX1	0.512262414519845
IFNg	1192	GLP1R	0.511293150537569
IFNg	1193	CYC1	0.511162942690425
IFNg	1194	BIRC3	0.510312449824188
IFNg	1195	SLC9A7	0.509962872873609
IFNg	1196	FAM177A1	0.509671983244233
IFNg	1197	LINC02328	0.508883019502707
IFNg	1198	NFE2L3	0.507927276528095
IFNg	1199	NCF1	0.507296186972619
IFNg	1200	CLUAP1	0.507236858572105
IFNg	1201	DTD2	0.507183145192947
IFNg	1202	ARID5B	0.506174156043262
IFNg	1203	EIF5A	0.506112092533673
IFNg	1204	IL12RB1	0.50556728388874
IFNg	1205	VRK2	0.505233868233227
IFNg	1206	SLC43A3	0.504649749860993
IFNg	1207	LINC00504	0.504256351210508
IFNg	1208	TLNRD1	0.503975717141685
IFNg	1209	NOCT	0.503433942769085
IFNg	1210	DDTL	0.503209204324238
IFNg	1211	ENSG00000215765	0.503078657347263
IFNg	1212	ACHE	0.50273944139054
IFNg	1213	C12orf40	0.502317440047904
IFNg	1214	ENSG00000289359	0.50231021930778
IFNg	1215	GSDMD	0.502067101514097
IFNg	1216	PIK3AP1	0.501794263775592
IFNg	1217	DESI1	0.501463639529102
IFNg	1218	IGFLR1	0.501343892006354
IFNg	1219	PRR5-ARHGAP8	0.500994706487337
IFNg	1220	COA7	0.500968942413151
IFNg	1221	ENSG00000230773	0.500918157927358
IFNg	1222	RBM14	0.500630943730757
IFNg	1223	TIPARP	0.500611632083656
IFNg	1224	SLFN5	0.500282891849514
IFNg	1225	TRIP6	0.500268996942082
IFNg	1226	ELP6	0.499443386497509
IFNg	1227	NOD2	0.499171160133354
IFNg	1228	SCML4	0.498954689751093
IFNg	1229	TSHZ2	0.497913439041485
IFNg	1230	PSMA2	0.497566594269982
IFNg	1231	FBXW5	0.497365564894178
IFNg	1232	TAF1A	0.497347422245258
IFNg	1233	QSER1	0.497327818920237
IFNg	1234	DOK1	0.497313596157338
IFNg	1235	TFDP1	0.497067746122215
IFNg	1236	LRRCC1	0.496938600300951
IFNg	1237	HSPA1B	0.49691969470092
IFNg	1238	VPS37B	0.496720592679768
IFNg	1239	SCAMP4	0.496582364888381
IFNg	1240	ZC3H12A	0.496491033722521
IFNg	1241	MDM2	0.496363163146583
IFNg	1242	ADRM1	0.496180932713059
IFNg	1243	PHF1	0.49578987214798
IFNg	1244	GTPBP2	0.495169902259818
IFNg	1245	BBC3	0.494471889662233
IFNg	1246	ENSG00000289424	0.494418254530847
IFNg	1247	KIF1C	0.49395528778289
IFNg	1248	ANXA5	0.493897383781845
IFNg	1249	GMPPA	0.493654606150332
IFNg	1250	ANK3	0.493638833189878
IFNg	1251	GSDMB	0.493001643966373
IFNg	1252	KPNA2P3	0.492674317033176
IFNg	1253	PSTPIP2	0.491825838979075
IFNg	1254	SSR4	0.490964668760383
IFNg	1255	ENSG00000229618	0.490692935922596
IFNg	1256	SLC7A1	0.490255090139175
IFNg	1257	LINC00641	0.490220849240298
IFNg	1258	THOC6	0.490037481007569
IFNg	1259	PPARGC1B	0.489630790469587
IFNg	1260	NOMO1	0.48925707146784
IFNg	1261	ATG101	0.489054672992892
IFNg	1262	ENSG00000268858	0.488816205640959
IFNg	1263	HYCC1	0.488267764348017
IFNg	1264	STX3	0.487568235472435
IFNg	1265	BCL3	0.487515507979631
IFNg	1266	CD2BP2	0.487308444211747
IFNg	1267	GALM	0.486966936838355
IFNg	1268	PLBD2	0.486948241719897
IFNg	1269	IGSF8	0.486290828578801
IFNg	1270	SCARB2	0.486222730176704
IFNg	1271	NRIP3	0.485671347735557
IFNg	1272	ST3GAL5	0.485004994423627
IFNg	1273	PKM	0.484868653620132
IFNg	1274	CCDC154	0.484527018297338
IFNg	1275	SCLT1	0.484380429186024
IFNg	1276	RIPK3	0.483746292026538
IFNg	1277	SSB	0.483736302771602
IFNg	1278	ENSG00000289406	0.482575888796587
IFNg	1279	SLC31A1	0.482033987313304
IFNg	1280	USP15	0.482006810897261
IFNg	1281	PANX1	0.481908616009846
IFNg	1282	USPL1	0.481061566306158
IFNg	1283	SRGAP2B	0.481012259007477
IFNg	1284	NT5C3A	0.480909794465168
IFNg	1285	PGD	0.48017126656648
IFNg	1286	LMNB2	0.479797422588745
IFNg	1287	RPS7	0.479679743269436
IFNg	1288	DGKE	0.479637063471225
IFNg	1289	LINC01882	0.479595409924487
IFNg	1290	SPATC1	0.479589958490902
IFNg	1291	TRPM4	0.479588787729259
IFNg	1292	TSR2	0.47915610914113
IFNg	1293	C21orf91-OT1	0.478854043589052
IFNg	1294	MIR142HG	0.478803475619844
IFNg	1295	CD164	0.478711504953246
IFNg	1296	CSTB	0.478454738203004
IFNg	1297	ENSG00000287265	0.478366666613571
IFNg	1298	FECH	0.478365613122317
IFNg	1299	GAS6	0.478035947217857
IFNg	1300	DOCK4	0.477856020998455
IFNg	1301	PPP1R15A	0.477379005071977
IFNg	1302	APOBR	0.47718390928623
IFNg	1303	PLEK	0.477179236100454
IFNg	1304	STOM	0.476590991411998
IFNg	1305	ATP10A	0.475908005639795
IFNg	1306	SDR39U1	0.475214588056971
IFNg	1307	DRAP1	0.474985143760325
IFNg	1308	SERPINB6	0.47457980907134
IFNg	1309	TPMT	0.474266143200663
IFNg	1310	SMARCD3	0.474242321132529
IFNg	1311	IRF9	0.474233784664763
IFNg	1312	PTPRK	0.474192812997584
IFNg	1313	TOMM34	0.474127736552652
IFNg	1314	DOCK9	0.474104844397753
IFNg	1315	MRPL14	0.473177502662374
IFNg	1316	RHOH	0.473156230706388
IFNg	1317	DNAJA4	0.472208946344841
IFNg	1318	ELMO2	0.472138115522297
IFNg	1319	MIR34AHG	0.471897619384134
IFNg	1320	BOP1	0.471369377609217
IFNg	1321	ENSG00000271727	0.470633835849614
IFNg	1322	GLUL	0.470619864571899
IFNg	1323	ENO1	0.470362384621678
IFNg	1324	LY96	0.469871140880238
IFNg	1325	DAZAP1	0.469815794889664
IFNg	1326	CASZ1	0.469586865873391
IFNg	1327	NEU1	0.469448781276078
IFNg	1328	MACIR	0.469296579101152
IFNg	1329	STS	0.469166262951981
IFNg	1330	FANCL	0.469142453184114
IFNg	1331	HPS5	0.468770306145321
IFNg	1332	SLC17A9	0.46871227297442
IFNg	1333	SEC24A	0.468559031709234
IFNg	1334	ILK	0.46845628879781
IFNg	1335	POLR2J3-1	0.468333075589367
IFNg	1336	C6orf47	0.468230415220945
IFNg	1337	CISD2	0.468182491598603
IFNg	1338	CHCHD1	0.467886654746919
IFNg	1339	SLC66A2	0.46786343596375
IFNg	1340	FNDC3B	0.467830448545571
IFNg	1341	FLNB	0.467790040390436
IFNg	1342	NDC80	0.467687025287462
IFNg	1343	C21orf91	0.467298026908797
IFNg	1344	ENSG00000248993	0.467280020359569
IFNg	1345	LRRN3	0.466914275284309
IFNg	1346	MAT2A	0.466706264128136
IFNg	1347	ENSG00000290683	0.466263452075006
IFNg	1348	MT1X	0.466138587059138
IFNg	1349	RNPS1	0.465980248909335
IFNg	1350	LAMTOR5	0.46590732820476
IFNg	1351	APOBEC3G	0.465791995932979
IFNg	1352	CHCHD10	0.465605376225702
IFNg	1353	PTGES3P1	0.465599622407858
IFNg	1354	ODC1	0.465166381118158
IFNg	1355	RANGAP1	0.464576676046524
IFNg	1356	NBN	0.464459643439609
IFNg	1357	CGAS	0.464137064608873
IFNg	1358	LINC01684	0.463732110990347
IFNg	1359	HIVEP3	0.463560368745506
IFNg	1360	PPM1M	0.463481373602504
IFNg	1361	TMEM268	0.463405817227292
IFNg	1362	STAMBPL1	0.463151055886385
IFNg	1363	CSTF2T	0.463145421144236
IFNg	1364	ZNF581	0.463066588611432
IFNg	1365	RERE-AS1	0.46239788869566
IFNg	1366	ENSG00000273507	0.462293092820001
IFNg	1367	MTHFS	0.462277034379989
IFNg	1368	CEP70	0.462175989409529
IFNg	1369	FCHSD2	0.461893755289201
IFNg	1370	SHISA5	0.461355009555034
IFNg	1371	SPATA1	0.461253488542666
IFNg	1372	CLEC2B	0.461018169275206
IFNg	1373	CALR	0.460664600240702
IFNg	1374	SS18L2	0.460168258516859
IFNg	1375	TRIM14	0.459954365354199
IFNg	1376	CD81	0.459899137378128
IFNg	1377	MICA	0.459483953803792
IFNg	1378	CD226	0.459457887068147
IFNg	1379	EZH2	0.4593507385249
IFNg	1380	IRF5	0.459215817867729
IFNg	1381	TBC1D17	0.459090147160362
IFNg	1382	RNF24	0.45857129206549
IFNg	1383	RUFY3	0.458537450180694
IFNg	1384	TNFRSF1A	0.458448213907677
IFNg	1385	PLPP1	0.458320494571242
IFNg	1386	ANKFY1	0.45829308063341
IFNg	1387	BTN3A3	0.458194899983152
IFNg	1388	C19orf12	0.457913929518812
IFNg	1389	WHAMMP1	0.45782980749624
IFNg	1390	RHBDD3	0.457595657521211
IFNg	1391	SLC25A5	0.457490261858546
IFNg	1392	SLAMF6	0.457339490333094
IFNg	1393	RNF165	0.457035029210187
IFNg	1394	C1orf54	0.456180130950778
IFNg	1395	PLEKHO2	0.455809941706006
IFNg	1396	LINC03040	0.455142332560517
IFNg	1397	CCNYL1	0.45487541608737
IFNg	1398	GOLGA4	0.454794353329897
IFNg	1399	NFE2L1	0.454451099888223
IFNg	1400	RAPGEF5	0.453951888453882
IFNg	1401	COQ4	0.453805846118539
IFNg	1402	SCOC	0.45366217276205
IFNg	1403	DMXL2	0.45340490731227
IFNg	1404	ENSG00000229321	0.453391130324386
IFNg	1405	CD69	0.453378075347841
IFNg	1406	HLA-A	0.453145400128751
IFNg	1407	CUL1	0.453138817335196
IFNg	1408	ENSG00000215861	0.453088164782782
IFNg	1409	MICALL1	0.452986363440584
IFNg	1410	MAP3K8	0.452492589913528
IFNg	1411	BLVRA	0.452447580128461
IFNg	1412	PPIF	0.452396725965724
IFNg	1413	NAGA	0.452380772430119
IFNg	1414	DNAJC15	0.45214866653814
IFNg	1415	ATP6V1F	0.452004470147664
IFNg	1416	FEM1C	0.451935750250281
IFNg	1417	FAM157C	0.451886456232216
IFNg	1418	NPIPB4	0.451804086471003
IFNg	1419	CRAT	0.451173277756044
IFNg	1420	HLA-DMB	0.451156350866967
IFNg	1421	PLA2G4C	0.450821335169046
IFNg	1422	EI24	0.45075326141992
IFNg	1423	PTPRO	0.450746420616297
IFNg	1424	MAML2	0.450510762254353
IFNg	1425	ZNF516	0.450414355459204
IFNg	1426	ENSG00000289007	0.450262135991404
IFNg	1427	CNIH4	0.449993551868108
IFNg	1428	ETV6	0.449806569754981
IFNg	1429	ZFP41	0.449678651923075
IFNg	1430	ZNF181	0.449636133944635
IFNg	1431	NEAT1	0.449417744333164
IFNg	1432	ENSG00000253736	0.449373886794503
IFNg	1433	CCL5	0.449193846700355
IFNg	1434	RFTN1	0.448697292135716
IFNg	1435	TNKS1BP1	0.448608785898965
IFNg	1436	EIF6	0.448511287239678
IFNg	1437	PPP1R16B	0.448147768644528
IFNg	1438	BMPR1A	0.447924634227676
IFNg	1439	GPD2	0.447155711057658
IFNg	1440	SELENOW	0.447145465097679
IFNg	1441	TMEM126B	0.447127620656551
IFNg	1442	SNHG31	0.446980883586804
IFNg	1443	EIF5	0.44686606257159
IFNg	1444	RGL1	0.446765495600046
IFNg	1445	ENSG00000285708	0.44666789622536
IFNg	1446	XPNPEP1	0.446521139465541
IFNg	1447	ZFAND2A	0.446420051474206
IFNg	1448	KPNA5	0.446329483434964
IFNg	1449	RNF19B	0.445939296723106
IFNg	1450	TNFAIP3	0.44568115864215
IFNg	1451	CD2AP	0.445630733661762
IFNg	1452	DISC1	0.445277307056496
IFNg	1453	SLC4A10	0.444327794476574
IFNg	1454	NFIL3	0.44415601720404
IFNg	1455	CES4A	0.443972400262663
IFNg	1456	SRGAP2C	0.443779783117819
IFNg	1457	KMT2B	0.443303291196646
IFNg	1458	TRIM34	0.443190296436625
IFNg	1459	C17orf67	0.443140484926423
IFNg	1460	TMEM135	0.442607537378776
IFNg	1461	FARSA	0.44259672250458
IFNg	1462	TIMM10B	0.442534117709581
IFNg	1463	SLC35E4	0.442315669897019
IFNg	1464	EIF4E3	0.442070063735669
IFNg	1465	ACTB	0.441957390234012
IFNg	1466	MYO1G	0.441829302248504
IFNg	1467	STARD9	0.44098856082251
IFNg	1468	GIMAP7	0.440916465714862
IFNg	1469	ATP6V1H	0.440885512123796
IFNg	1470	NAA25	0.440577730998994
IFNg	1471	MYPOP	0.440449325327223
IFNg	1472	HK2	0.44043824777174
IFNg	1473	ENSG00000285171	0.440134276106569
IFNg	1474	RAB27B	0.440088612466304
IFNg	1475	TUBA1C	0.439802913833294
IFNg	1476	STEEP1	0.439736212527586
IFNg	1477	EBNA1BP2	0.439691091515548
IFNg	1478	B2M	0.439649029503173
IFNg	1479	GART	0.439381080608833
IFNg	1480	NIT2	0.439313050866245
IFNg	1481	GIMAP6	0.439222941466498
IFNg	1482	TMSB10	0.439123224855769
IFNg	1483	SYTL3	0.439079370765981
IFNg	1484	TIMELESS	0.43895962281701
IFNg	1485	S100A6	0.438574170595998
IFNg	1486	TIMM50	0.438248533956228
IFNg	1487	CCDC144CP	0.437908785422868
IFNg	1488	BLOC1S2	0.437287181502468
IFNg	1489	CFLAR-AS1	0.437062953237355
IFNg	1490	LRRC34	0.437024361541349
IFNg	1491	TP53RK	0.436917371724822
IFNg	1492	DNAJB9	0.4367960390139
IFNg	1493	MSC-AS1	0.43662956275672
IFNg	1494	PPP4R1L	0.435587803884756
IFNg	1495	SLC30A1	0.435587425208934
IFNg	1496	ZSCAN12	0.435337376000045
IFNg	1497	OGFR	0.435103429241717
IFNg	1498	ELK4	0.434842215733225
IFNg	1499	SMAD3	0.43478386884606
IFNg	1500	GRSF1	0.434732863972479
IFNg	1501	CDC7	0.434409094282561
IFNg	1502	ENTPD5	0.434208888249577
IFNg	1503	LINC01237	0.433927723329021
IFNg	1504	JAK3	0.433229589696501
IFNg	1505	CMKLR1	0.433124464890918
IFNg	1506	MICAL1	0.432592010827949
IFNg	1507	CLIC1	0.43253276808722
IFNg	1508	SLC7A5	0.432229297536297
IFNg	1509	RCSD1	0.432073262752191
IFNg	1510	BAG6	0.431987701059495
IFNg	1511	TOP1	0.431795000545707
IFNg	1512	TMEM229B	0.431766457864551
IFNg	1513	SRGAP2D	0.431683770957245
IFNg	1514	SFT2D2	0.431449311492464
IFNg	1515	ENSG00000269388	0.431290454937602
IFNg	1516	TPCN2	0.431067734383844
IFNg	1517	DCK	0.430968119816774
IFNg	1518	ARL2	0.430798743861667
IFNg	1519	BAX	0.430165068876421
IFNg	1520	MMAA	0.429921837597762
IFNg	1521	POLN	0.429239294526156
IFNg	1522	FBXO7	0.429176380223943
IFNg	1523	ERAP2	0.429167871142552
IFNg	1524	HSPA8	0.429017499572569
IFNg	1525	MTURN	0.428910208083502
IFNg	1526	IGFBP7	0.428578634069751
IFNg	1527	LONRF1	0.42850938622096
IFNg	1528	MIR4432HG	0.428146136712072
IFNg	1529	SIKE1	0.427934259050801
IFNg	1530	CPT1B	0.427774681727148
IFNg	1531	RRAGC-DT	0.427466925289279
IFNg	1532	SLC8A1	0.427296865395764
IFNg	1533	GTF3C6	0.426684409448668
IFNg	1534	HTATIP2	0.426372465441107
IFNg	1535	ADGRG3	0.426115317292869
IFNg	1536	PIP4K2C	0.425929680282258
IFNg	1537	RAB10	0.42589852508667
IFNg	1538	LSS	0.425776114114445
IFNg	1539	TAPBP	0.425379673329911
IFNg	1540	TMEM170A	0.425155231842579
IFNg	1541	TCIRG1	0.425008501096146
IFNg	1542	KLHL6	0.424859787223192
IFNg	1543	STIMATE	0.424719074464115
IFNg	1544	POLR3H	0.424559521828674
IFNg	1545	CST7	0.424362456175943
IFNg	1546	ST3GAL4	0.424357276443191
IFNg	1547	C1GALT1	0.423822332342637
IFNg	1548	SLC15A3	0.423416313167256
IFNg	1549	IL18RAP	0.422968996678798
IFNg	1550	ZNF580	0.422883360900272
IFNg	1551	RMC1	0.422259746995572
IFNg	1552	RPS6KA5	0.422051847507384
IFNg	1553	HEXD	0.42177029273217
IFNg	1554	ENSG00000290927	0.421702301888808
IFNg	1555	KPNB1	0.421369233027383
IFNg	1556	FZD1	0.421262996602163
IFNg	1557	GPN1	0.420889085808915
IFNg	1558	SEPHS2	0.420206294782366
IFNg	1559	GIMAP2	0.420089192350631
IFNg	1560	ANXA2	0.419825896771377
IFNg	1561	SCAMP1-AS1	0.419775329743465
IFNg	1562	AK2	0.419128042089191
IFNg	1563	NAGK	0.419036929188193
IFNg	1564	NOP9	0.418949823271402
IFNg	1565	TRIM56	0.418175705837945
IFNg	1566	MKRN1	0.41800515068057
IFNg	1567	DPP3	0.417802845825311
IFNg	1568	GIMAP8	0.417692071692767
IFNg	1569	DBR1	0.417069689648591
IFNg	1570	FPR3	0.417040677956266
IFNg	1571	OPRM1	0.416933749837489
IFNg	1572	QKI	0.416899847141214
IFNg	1573	TANK	0.416470384559036
IFNg	1574	GK	0.416115339423518
IFNg	1575	PLOD3	0.416084439964963
IFNg	1576	GPBP1	0.415814656032562
IFNg	1577	LINC00623	0.415732166242262
IFNg	1578	ENSG00000249806	0.415682693262461
IFNg	1579	NFKB2	0.415017221812969
IFNg	1580	SNTB1	0.414974988336281
IFNg	1581	HAUS3	0.414717326262807
IFNg	1582	ZZZ3	0.413976200390257
IFNg	1583	GGCT	0.413703685228568
IFNg	1584	DUSP1	0.413349633253292
IFNg	1585	CRTC2	0.413032440730822
IFNg	1586	UBFD1	0.412882394135199
IFNg	1587	RNF213-AS1	0.412153146453643
IFNg	1588	TSFM	0.411901533290488
IFNg	1589	MSMO1	0.411679168902849
IFNg	1590	DBI	0.411653290769966
IFNg	1591	ENSG00000266049	0.411499333980547
IFNg	1592	HLA-F	0.411352825795439
IFNg	1593	C5orf15	0.411333179680219
IFNg	1594	RTEL1	0.411321714138512
IFNg	1595	LASP1	0.41122234455144
IFNg	1596	TXNDC17	0.41119696441204
IFNg	1597	PALB2	0.411033259587717
IFNg	1598	MTHFD1	0.410645970582891
IFNg	1599	OSGIN2	0.410399789060773
IFNg	1600	ARHGEF3	0.410304137486195
IFNg	1601	PI4K2B	0.410257927257949
IFNg	1602	CASP3	0.410248148413545
IFNg	1603	SELENOO	0.409939088246564
IFNg	1604	STAT5A	0.409726654917627
IFNg	1605	APBA3	0.409552056337528
IFNg	1606	DBF4B	0.409543176488663
IFNg	1607	PARP8	0.409455178352654
IFNg	1608	LILRB2	0.409441052012805
IFNg	1609	GPKOW	0.409126089360077
IFNg	1610	AGK	0.409097643644665
IFNg	1611	HSP90AB1	0.408526021747774
IFNg	1612	GRIP1	0.408448822283683
IFNg	1613	TENT4A	0.408207305584273
IFNg	1614	RPS26	0.40816692207547
IFNg	1615	PDE4B	0.407909641654313
IFNg	1616	FOXRED1	0.407750225121614
IFNg	1617	AP1S3	0.407496340779061
IFNg	1618	ZFPM1	0.407398732892394
IFNg	1619	LINC01727	0.406734884752426
IFNg	1620	MVP	0.406594979366158
IFNg	1621	SRP9	0.406453305730235
IFNg	1622	BAP1	0.406174870873226
IFNg	1623	KCNIP2	0.405646711836825
IFNg	1624	ARHGAP27	0.40562815757353
IFNg	1625	GALNT3	0.405534033949018
IFNg	1626	SEC61G	0.405204857686546
IFNg	1627	VAMP8	0.404988755583743
IFNg	1628	DEDD2	0.404715533448678
IFNg	1629	IARS1	0.404596414529593
IFNg	1630	RUNX3	0.404581554004754
IFNg	1631	NUGGC	0.404581066247043
IFNg	1632	UBALD2	0.404538088548169
IFNg	1633	SLC29A3	0.404334061856891
IFNg	1634	NFKBIA	0.404092921456881
IFNg	1635	CCDC28B	0.403416453720451
IFNg	1636	PSMA5	0.403381325251745
IFNg	1637	FBRS	0.403214782510161
IFNg	1638	SLC3A2	0.40303812994628
IFNg	1639	PTPN1	0.402861873577167
IFNg	1640	IL4I1	0.402503229968293
IFNg	1641	TMEM250	0.402485188752204
IFNg	1642	DERL1	0.402407744782917
IFNg	1643	DDIT3	0.402287044030043
IFNg	1644	AAAS	0.402285718169606
IFNg	1645	POLD1	0.402066973866612
IFNg	1646	LSM10	0.401526132933199
IFNg	1647	RABGGTB	0.401430953726396
IFNg	1648	KLF6	0.401311079259905
IFNg	1649	YTHDC2	0.401267697351919
IFNg	1650	WBP1	0.401238889871048
IFNg	1651	ATP6V1B2	0.400505787569087
IFNg	1652	STRN4	0.400196157642103
IFNg	1653	PSMD14	0.400124426710302
IFNg	1654	SPTLC2	0.400034413965363
IFNg	1655	ZNF804A	0.39983562501072
IFNg	1656	LINC00265	0.399666806114176
IFNg	1657	SAR1A	0.399610279297905
IFNg	1658	MAFK	0.399584734036927
IFNg	1659	MRFAP1	0.399573320359186
IFNg	1660	TMEM106A	0.399512662507307
IFNg	1661	AARS1	0.399333666133046
IFNg	1662	HDAC4	0.399196413584642
IFNg	1663	ORMDL3	0.398561062140948
IFNg	1664	PAWR	0.398304787262891
IFNg	1665	RNH1	0.398296486435876
IFNg	1666	L3MBTL4	0.398259633971017
IFNg	1667	SCIMP	0.398096079319471
IFNg	1668	MFSD9	0.398000461955202
IFNg	1669	PRPS1	0.397853876572415
IFNg	1670	ITPRIPL2	0.397846747089147
IFNg	1671	PCNX1	0.396978936535455
IFNg	1672	FARP2	0.396864380581621
IFNg	1673	WDR74	0.396856980723052
IFNg	1674	PFKFB2	0.396754378772863
IFNg	1675	ENSG00000285976	0.396449750286157
IFNg	1676	TIMM8B	0.396422845460074
IFNg	1677	UBE2F	0.396357134769721
IFNg	1678	CLINT1	0.396353744327387
IFNg	1679	ARF6	0.396090716000505
IFNg	1680	TOR1A	0.395944630939567
IFNg	1681	ACOT9	0.395554643317471
IFNg	1682	NOTCH1	0.395547782640487
IFNg	1683	TMEM138	0.394569788323493
IFNg	1684	ZC3H12A-DT	0.394291176489866
IFNg	1685	RRN3P1	0.394197090475758
IFNg	1686	NDST1	0.394143644631435
IFNg	1687	TRIM26	0.393339580628227
IFNg	1688	ENSG00000279277	0.393208891572864
IFNg	1689	SLC2A9	0.393084890480873
IFNg	1690	HCFC1	0.39295400482656
IFNg	1691	TM9SF5P	0.392831208212
IFNg	1692	LINC02156	0.392747690551257
IFNg	1693	LYSMD2	0.392521307946849
IFNg	1694	PDPR2P	0.392447103460761
IFNg	1695	OXCT1	0.392394140664955
IFNg	1696	WARS2	0.392390880613062
IFNg	1697	ZNF79	0.392263353887718
IFNg	1698	COX5A	0.392211843650002
IFNg	1699	PCYT1A	0.392206629613458
IFNg	1700	ACVR1	0.392161216675264
IFNg	1701	GNLY	0.392073841449195
IFNg	1702	LY75-CD302	0.391985960905805
IFNg	1703	TRIP10	0.391877555668616
IFNg	1704	CD48	0.391730837373993
IFNg	1705	LDHA	0.391149620992545
IFNg	1706	ARID5A	0.390748668089662
IFNg	1707	ENSG00000290027	0.390478866105992
IFNg	1708	PCAT1	0.390240477030939
IFNg	1709	PTPN6	0.390108185245389
IFNg	1710	GZMH	0.389945573063936
IFNg	1711	HMGN1	0.389527156035784
IFNg	1712	RPL3	0.38948252363414
IFNg	1713	ZNF496	0.389364434935929
IFNg	1714	PABIR3	0.38922036515367
IFNg	1715	HSDL1	0.389053156311986
IFNg	1716	ADGRE5	0.388985306346635
IFNg	1717	LINC01138	0.388527661537507
IFNg	1718	NT5C	0.388221105200001
IFNg	1719	OSBPL7	0.38814109938297
IFNg	1720	GLS	0.387951537419837
IFNg	1721	MRPL27	0.38787639336582
IFNg	1722	C1orf216	0.387650204696467
IFNg	1723	ENSG00000271204	0.387526817823773
IFNg	1724	SLC25A30	0.387347823714246
IFNg	1725	CPEB2	0.387314519815275
IFNg	1726	ZSWIM8	0.386942834821098
IFNg	1727	TUBA1B	0.38661245580714
IFNg	1728	FBXL19	0.386293736441758
IFNg	1729	RAB12	0.386160247437481
IFNg	1730	DDX54	0.385950470317061
IFNg	1731	L3MBTL3	0.385932757691134
IFNg	1732	KIF18A	0.385827792386075
IFNg	1733	HCP5	0.385684221857991
IFNg	1734	DHTKD1	0.385352323140807
IFNg	1735	LINC01191	0.385207162871546
IFNg	1736	ZFYVE26	0.385173574669439
IFNg	1737	RRN3P2	0.384633439781281
IFNg	1738	YWHAH	0.384464155503097
IFNg	1739	MGAT2	0.384370035306698
IFNg	1740	PPFIBP1	0.384169356957277
IFNg	1741	CSTF2	0.383823140499669
IFNg	1742	HPS6	0.383819421266998
IFNg	1743	CENPA	0.383790418664472
IFNg	1744	ERLIN1	0.383652691291756
IFNg	1745	ZC3HAV1	0.382972711908316
IFNg	1746	NRDE2	0.382770434309864
IFNg	1747	HSPD1	0.382749840605137
IFNg	1748	ENSG00000274265	0.382679501772718
IFNg	1749	TESPA1	0.382427458006517
IFNg	1750	PCBP1	0.382174098734389
IFNg	1751	SETX	0.382104755462533
IFNg	1752	LYN	0.382102852173758
IFNg	1753	TMEM63B	0.382029235067636
IFNg	1754	SPON2	0.381910734673527
IFNg	1755	NAA20	0.381836853703169
IFNg	1756	CTPS1	0.381722064520667
IFNg	1757	NFX1	0.381720942475766
IFNg	1758	GABARAP	0.381211659919227
IFNg	1759	ELF4	0.381198967980781
IFNg	1760	RDH14	0.380921203180528
IFNg	1761	AKIRIN2	0.380777638313154
IFNg	1762	HSD17B10	0.380573050497795
IFNg	1763	PDHA1	0.380455315416595
IFNg	1764	GBE1	0.380374521642123
IFNg	1765	FAM135A	0.380307967306125
IFNg	1766	TNIP2	0.380298840237017
IFNg	1767	DHRS7	0.380099819187211
IFNg	1768	TNFRSF14	0.3800661034052
IFNg	1769	LINC00540	0.379577427727221
IFNg	1770	EXPH5	0.37957019974158
IFNg	1771	LMO4	0.379488341410077
IFNg	1772	RIC1	0.379232158604943
IFNg	1773	C1orf174	0.378901704992645
IFNg	1774	GIPC1	0.378848473126284
IFNg	1775	CCL4	0.37878054512224
IFNg	1776	RIMKLB	0.378742843397199
IFNg	1777	CAST	0.378620922033809
IFNg	1778	HNRNPDL	0.378494498888054
IFNg	1779	SOS1	0.378274437065663
IFNg	1780	ZNF512B	0.378036854251857
IFNg	1781	USP42	0.37799610662306
IFNg	1782	DDHD1	0.377853779353631
IFNg	1783	CLIP1	0.37763694630304
IFNg	1784	EDEM1	0.377566037928032
IFNg	1785	PRXL2C	0.377469870872668
IFNg	1786	SDHD	0.377447748264539
IFNg	1787	NFKBIB	0.377057949705524
IFNg	1788	ADAP2	0.376805784647318
IFNg	1789	TCF7L2	0.376754689261121
IFNg	1790	MIR29B2CHG	0.376521757532566
IFNg	1791	PTPN2	0.376407702218661
IFNg	1792	PUS3	0.37630938661562
IFNg	1793	GLIPR2	0.375812829523022
IFNg	1794	CORO1C	0.375781382711934
IFNg	1795	PPP1R9B	0.375751275647002
IFNg	1796	GMPR2	0.375709622738081
IFNg	1797	ZNF532	0.375671894898528
IFNg	1798	BTN3A1	0.375642864455446
IFNg	1799	TOMM22	0.375325816293122
IFNg	1800	GRWD1	0.374597501350117
IFNg	1801	SSH3	0.37428022033042
IFNg	1802	DUSP4	0.373677562594021
IFNg	1803	NBAS	0.373486095251842
IFNg	1804	SEH1L	0.37320864182394
IFNg	1805	ZNG1A	0.373087377672323
IFNg	1806	SLC30A4	0.373064532666919
IFNg	1807	UBE2E2	0.372591192842154
IFNg	1808	ADAMDEC1	0.372558336655821
IFNg	1809	ENSG00000285679	0.372550886031708
IFNg	1810	MCM7	0.372409736344788
IFNg	1811	PBDC1	0.372357732578372
IFNg	1812	ENSG00000233912	0.371575796457537
IFNg	1813	NABP1	0.371499221245193
IFNg	1814	NRBF2	0.371261782958556
IFNg	1815	STAT3	0.371202424143192
IFNg	1816	STARD8	0.370594754341737
IFNg	1817	D2HGDH	0.370525977222347
IFNg	1818	ADCY3	0.37042002847838
IFNg	1819	CTSO	0.369625532729798
IFNg	1820	ENSG00000286001	0.369591050072917
IFNg	1821	CCT6P1	0.369528347598419
IFNg	1822	NECTIN3	0.369279027379133
IFNg	1823	SRSF9	0.368727232856811
IFNg	1824	CCSER2	0.368653473889836
IFNg	1825	LTBR	0.368557467963965
IFNg	1826	SMG1P3	0.368023853703873
IFNg	1827	TELO2	0.367980594979917
IFNg	1828	HMGN2	0.367476197018617
IFNg	1829	SPRYD3	0.367321615031552
IFNg	1830	UVRAG	0.367027871184779
IFNg	1831	ZNRF2	0.366997284814723
IFNg	1832	ERI1	0.366879374606623
IFNg	1833	NPEPL1	0.366724509592422
IFNg	1834	NETO2	0.366704487285176
IFNg	1835	GPR180	0.366619119671615
IFNg	1836	MARCHF3	0.366492259759435
IFNg	1837	SREBF1	0.366208531207255
IFNg	1838	FTSJ1	0.3661998631323
IFNg	1839	CTNNA1	0.365684612749871
IFNg	1840	SLC23A2	0.365644983886127
IFNg	1841	NLN	0.365444262959306
IFNg	1842	LINC00869-1	0.365199401318321
IFNg	1843	CNPPD1	0.365100281978428
IFNg	1844	AP2M1	0.364752264628662
IFNg	1845	GPX4	0.364694079408915
IFNg	1846	TMEM192	0.364638342371056
IFNg	1847	IL20RB	0.364533093788264
IFNg	1848	CD300A	0.364518284428815
IFNg	1849	HNRNPF	0.36434360218047
IFNg	1850	RCC1	0.364269212123364
IFNg	1851	NOP14	0.36409953685278
IFNg	1852	GTPBP6	0.363879109264737
IFNg	1853	IPO13	0.363871210300235
IFNg	1854	HSP90AA1	0.363777691269918
IFNg	1855	TPI1	0.363776390409505
IFNg	1856	UBAC1	0.363763980564131
IFNg	1857	PTDSS1	0.36343706641186
IFNg	1858	NOC3L	0.363401101458715
IFNg	1859	ARFRP1	0.363253487059185
IFNg	1860	ENSG00000271533	0.363207614050187
IFNg	1861	RBM19	0.363195026796277
IFNg	1862	MLF2	0.362788656251959
IFNg	1863	PDHB	0.362750961812578
IFNg	1864	NF1	0.362566578595895
IFNg	1865	KYNU	0.362231075672527
IFNg	1866	POMP	0.362230184420504
IFNg	1867	ENSG00000289690	0.361595557223316
IFNg	1868	DEK	0.361377023876068
IFNg	1869	RBBP8	0.361259582842564
IFNg	1870	C12orf4	0.361247286429712
IFNg	1871	DTX2P1	0.361100187469508
IFNg	1872	INPPL1	0.361066671180266
IFNg	1873	ARHGEF6	0.361050460022552
IFNg	1874	GLRX	0.360876753521031
IFNg	1875	TPD52	0.360662776427262
IFNg	1876	RNF19A	0.360654647300141
IFNg	1877	LIG4	0.360563815008031
IFNg	1878	NOB1	0.360488337935564
IFNg	1879	INPP1	0.360470002621112
IFNg	1880	GPI	0.360174571338748
IFNg	1881	COA4	0.360044079069078
IFNg	1882	TATDN3	0.359753626115262
IFNg	1883	DMD	0.359739993389037
IFNg	1884	ITK	0.35967920220712
IFNg	1885	TBC1D2	0.359380485633575
IFNg	1886	APEX1	0.359344732559032
IFNg	1887	PELO	0.359320399812568
IFNg	1888	LINS1	0.35878298906985
IFNg	1889	CALCOCO2	0.358706228410206
IFNg	1890	RHBDF2	0.358627780475411
IFNg	1891	COX10	0.358549543852257
IFNg	1892	USB1	0.358527072098943
IFNg	1893	TOR3A	0.358298344363881
IFNg	1894	MYH3	0.358197542236391
IFNg	1895	PILRA	0.358162716551883
IFNg	1896	ENSG00000237359	0.358043508941182
IFNg	1897	NFKB1	0.357949820744094
IFNg	1898	ATP8B1-AS1	0.357896524680399
IFNg	1899	EXT1	0.357869229677874
IFNg	1900	SLC35C1	0.357738477997535
IFNg	1901	DLG3	0.357711265936832
IFNg	1902	LY75	0.357600853718576
IFNg	1903	MVB12B	0.357437683309602
IFNg	1904	SBNO2	0.357229921036063
IFNg	1905	FKBP15	0.357070098419626
IFNg	1906	QRSL1	0.356944106665769
IFNg	1907	SRSF5	0.356634445619709
IFNg	1908	RBM4	0.35661300564884
IFNg	1909	FRG1	0.356334667854187
IFNg	1910	HSBP1	0.356324214771904
IFNg	1911	SPN	0.356245357922474
IFNg	1912	SLC9A8	0.356015167751955
IFNg	1913	STAG3	0.355819509756068
IFNg	1914	RAB3IP	0.355650092331747
IFNg	1915	KPNA2	0.355552254078565
IFNg	1916	ECPAS	0.355153839866689
IFNg	1917	FBH1	0.354556388902434
IFNg	1918	LINC02362	0.354464981642575
IFNg	1919	ZFYVE16	0.354318055772706
IFNg	1920	MYCBP2	0.354228932333131
IFNg	1921	USP25	0.354169273543669
IFNg	1922	ATP6V0C	0.354129550843106
IFNg	1923	HLA-DPB1	0.353992319134029
IFNg	1924	MRPL39	0.353701470566621
IFNg	1925	UTRN	0.353530224084972
IFNg	1926	CTNNBL1	0.35328411769963
IFNg	1927	SNHG12	0.352755026823747
IFNg	1928	EMC2	0.352648211050199
IFNg	1929	BPNT2	0.352621722193606
IFNg	1930	AKT2	0.352597875806751
IFNg	1931	SKA2	0.352563193967494
IFNg	1932	GRINA	0.352560528127998
IFNg	1933	SRM	0.352263872637218
IFNg	1934	ENSG00000255639	0.352211579670289
IFNg	1935	ANXA6	0.352091218450508
IFNg	1936	LSP1	0.35164275178142
IFNg	1937	PDP1	0.35163671045771
IFNg	1938	MRPL15	0.351232162269405
IFNg	1939	IGF2R	0.351132747637663
IFNg	1940	CDK18	0.351010189552133
IFNg	1941	LONP1	0.350894358091142
IFNg	1942	CYLD	0.350860836888512
IFNg	1943	SAAL1	0.350748942908564
IFNg	1944	PSMA7	0.350722501272301
IFNg	1945	CREBRF	0.350656274902948
IFNg	1946	VPS18	0.350531948344833
IFNg	1947	STX4	0.350336525532586
IFNg	1948	PEX11B	0.350068070336635
IFNg	1949	ITGAL	0.349989752586372
IFNg	1950	SGTB	0.34956263963387
IFNg	1951	ABI1	0.349307716143627
IFNg	1952	ZFAS1	0.349032268641907
IFNg	1953	SSR1	0.348706596978271
IFNg	1954	GMFB	0.348489516670684
IFNg	1955	USP11	0.348347563180092
IFNg	1956	DLGAP4	0.348321419794137
IFNg	1957	C18orf25	0.348282274071596
IFNg	1958	VPS54	0.348128297714366
IFNg	1959	RIMOC1	0.347763861469022
IFNg	1960	ATG3	0.347749492190192
IFNg	1961	WDHD1	0.347514242514989
IFNg	1962	IDH2	0.347502286197671
IFNg	1963	RBM47	0.347498566134692
IFNg	1964	MADD	0.347433492589466
IFNg	1965	PRPF19	0.34734543367791
IFNg	1966	GPATCH3	0.347342026044402
IFNg	1967	CREM	0.347159500891361
IFNg	1968	SLC35C2	0.347066527864984
IFNg	1969	POLR2C	0.346988611299485
IFNg	1970	ENSG00000243155	0.346844681277293
IFNg	1971	C18orf32	0.346570045542278
IFNg	1972	ITIH4	0.346424706947477
IFNg	1973	SUPT3H	0.34637255826385
IFNg	1974	KDSR	0.346278416606345
IFNg	1975	COMMD1	0.346221382487698
IFNg	1976	GPR137B	0.34621889598076
IFNg	1977	SLC25A24	0.346140268137455
IFNg	1978	ICOS	0.34559244255586
IFNg	1979	CD84	0.345432142857624
IFNg	1980	TRIM3	0.345331903519697
IFNg	1981	TMCO4	0.345310788140554
IFNg	1982	ATP6V1D	0.345253024504899
IFNg	1983	PGGHG	0.345245658674971
IFNg	1984	ZDHHC4	0.34505373692195
IFNg	1985	WDR41	0.344917015599847
IFNg	1986	ZBTB39	0.344889493730914
IFNg	1987	GPN3	0.344849890526945
IFNg	1988	PRKY	0.344169102640637
IFNg	1989	ENSG00000290569	0.343907952063561
IFNg	1990	DDX3Y	0.34383988334623
IFNg	1991	MYDGF	0.343764683937008
IFNg	1992	MLLT3	0.343616898644321
IFNg	1993	ABTB1	0.343583665806694
IFNg	1994	PSMB3	0.343581632780883
IFNg	1995	LINC00862	0.343510350775033
IFNg	1996	TPM4	0.342947861746895
IFNg	1997	MASTL	0.342591988070807
IFNg	1998	ZEB1	0.342580223142069
IFNg	1999	EDF1	0.342339130414206
IFNg	2000	TMEM64	0.341829804267437
IFNg	2001	CATSPERG	0.341818596986501
IFNg	2002	FAM111A	0.341716516188601
IFNg	2003	CD99L2	0.341488900854963
IFNg	2004	TMEM176A	0.341274276823905
IFNg	2005	MORC3	0.340794983687728
IFNg	2006	APH1A	0.340472375657411
IFNg	2007	UQCR11	0.340284432279371
IFNg	2008	GUK1	0.340225967119526
IFNg	2009	CLDND1	0.340191420472373
IFNg	2010	PSMB5	0.340030639670084
IFNg	2011	PPP2R2A	0.339906819871015
IFNg	2012	BASP1	0.339844981008625
IFNg	2013	ATP6V1A	0.339636386495178
IFNg	2014	PNO1	0.339513348672202
IFNg	2015	ZNF888	0.339460346700658
IFNg	2016	SESTD1	0.339123907201894
IFNg	2017	LPCAT3	0.339119298833686
IFNg	2018	MCM5	0.338904505356371
IFNg	2019	RNF115	0.338738266076121
IFNg	2020	KARS1	0.338737530224404
IFNg	2021	BCL2L13	0.338728594162737
IFNg	2022	PYHIN1	0.338644434234946
IFNg	2023	STAC3	0.33857918092082
IFNg	2024	TADA2B	0.338393119192048
IFNg	2025	OAZ1	0.338204482316125
IFNg	2026	LRP5L	0.338196746098032
IFNg	2027	ZPR1	0.338161388914644
IFNg	2028	TUBB4B	0.338044967195279
IFNg	2029	SF3B4	0.338032535707068
IFNg	2030	RTCB	0.337922590820171
IFNg	2031	STARD7	0.337777903424859
IFNg	2032	KATNA1	0.337746599402905
IFNg	2033	BTG3	0.337738816250651
IFNg	2034	CCNJ	0.337641514944854
IFNg	2035	MIER1	0.337376902439354
IFNg	2036	TESK2	0.337038895105504
IFNg	2037	MRPL35	0.336950601499953
IFNg	2038	CTBP1-DT	0.336605400208642
IFNg	2039	PPP1R18	0.336178184202139
IFNg	2040	RAB2B	0.335674642267961
IFNg	2041	NADK	0.335394953488609
IFNg	2042	GMNN	0.335368608090114
IFNg	2043	ENSG00000278730	0.335355345452599
IFNg	2044	TBC1D10B	0.335282446782231
IFNg	2045	PRPS2	0.3348977276999
IFNg	2046	MAP3K14-AS1	0.334891422502011
IFNg	2047	STX17	0.3347265187104
IFNg	2048	KHNYN	0.334549459885873
IFNg	2049	CALM3	0.334336662200274
IFNg	2050	SSBP4	0.334326955256469
IFNg	2051	NOTCH2NLA	0.334283935400987
IFNg	2052	MRPS22	0.334096597380849
IFNg	2053	SPART	0.334089757946497
IFNg	2054	GRIPAP1	0.333778036255572
IFNg	2055	KNTC1	0.333532351214157
IFNg	2056	NOMO2	0.333488490659238
IFNg	2057	EML2	0.333448119053162
IFNg	2058	DNAJC11	0.333149392699971
IFNg	2059	ENSG00000271774	0.332976594471112
IFNg	2060	PLEKHJ1	0.332687579078481
IFNg	2061	ZBTB21	0.332588079714097
IFNg	2062	CCNJL	0.332420126968884
IFNg	2063	ARRDC3-AS1	0.33227945739088
IFNg	2064	NCL	0.331924495297755
IFNg	2065	HCCS	0.331896710116593
IFNg	2066	LINC01145-1	0.331727378268617
IFNg	2067	LARP1	0.331541798522278
IFNg	2068	PEF1	0.331445554355232
IFNg	2069	AP4B1	0.331185551204797
IFNg	2070	TTC39B	0.331130685222319
IFNg	2071	ZNF107	0.331001653525176
IFNg	2072	HLA-B	0.330797457540719
IFNg	2073	PRDX4	0.330734461573123
IFNg	2074	ABCF1	0.330503316113854
IFNg	2075	B4GALT4	0.330486957307418
IFNg	2076	WDR25	0.330433202420905
IFNg	2077	N4BP2L1	0.330430424620611
IFNg	2078	KLHL29	0.330276723633986
IFNg	2079	SUCLG2-DT	0.330124450737211
IFNg	2080	NACC1	0.32999938172837
IFNg	2081	ZNF731P	0.329628112751533
IFNg	2082	SDHB	0.329590031429817
IFNg	2083	KDM6A	0.329424276168585
IFNg	2084	MRPS16	0.329407777730358
IFNg	2085	PPID	0.329326052307951
IFNg	2086	GNE	0.329037065646264
IFNg	2087	BCL10	0.329033025331073
IFNg	2088	HSPH1	0.328303017901695
IFNg	2089	PACC1	0.32813414099249
IFNg	2090	ENSG00000230532	0.327870192960391
IFNg	2091	RIPK1	0.327797965286834
IFNg	2092	AGFG2	0.327762938563675
IFNg	2093	TWF2	0.327665085532367
IFNg	2094	NDUFB10	0.327491863722358
IFNg	2095	PDK3	0.327433204854042
IFNg	2096	NBPF26	0.327270741415307
IFNg	2097	UBA1	0.327093288984283
IFNg	2098	PIP4P1	0.327075647564602
IFNg	2099	VPS4A	0.327066168261947
IFNg	2100	ZDHHC14	0.326965278175058
IFNg	2101	GNB2	0.326709801873573
IFNg	2102	ELL3	0.326698054774021
IFNg	2103	TRMT61B	0.326598952991191
IFNg	2104	CYCS	0.326494693563052
IFNg	2105	SNX6	0.326349108092941
IFNg	2106	ATAD2	0.326190803352507
IFNg	2107	SLC25A32	0.326065065889368
IFNg	2108	ZBTB26	0.32577808895451
IFNg	2109	LYRM1	0.325613837509354
IFNg	2110	CD46	0.32548566895368
IFNg	2111	BUD13	0.325243180705279
IFNg	2112	TAF9	0.325198809683341
IFNg	2113	TAB3	0.324881151199772
IFNg	2114	CAMK1D	0.323666484427554
IFNg	2115	PDIA3	0.323533737126014
IFNg	2116	PFKFB3	0.323502833477429
IFNg	2117	ERO1A	0.323162495343492
IFNg	2118	DTNBP1	0.322751041104615
IFNg	2119	C9orf64	0.322750260341062
IFNg	2120	CLSTN1	0.322737683657298
IFNg	2121	FIG4	0.322610212993767
IFNg	2122	LMBR1	0.322540033985795
IFNg	2123	SUMO2	0.32236293974283
IFNg	2124	PSMA6	0.322289608340692
IFNg	2125	MCM3	0.32222349832043
IFNg	2126	SLC39A1	0.322119001008928
IFNg	2127	KDM6B	0.321706731006455
IFNg	2128	DDX23	0.321617115795457
IFNg	2129	STXBP2	0.321501937737712
IFNg	2130	RANBP1	0.321491735828203
IFNg	2131	GTF2H1	0.321186848079251
IFNg	2132	RBM43	0.321058206036275
IFNg	2133	DENND1A	0.321054535769199
IFNg	2134	EPHX2	0.320962603114666
IFNg	2135	FBXL18	0.320943044453832
IFNg	2136	PANK4	0.320645784871037
IFNg	2137	TTLL3	0.320585700331344
IFNg	2138	ZDHHC21	0.320345759722129
IFNg	2139	RELB	0.320097112096398
IFNg	2140	CDKL1	0.32006522426816
IFNg	2141	ENSG00000246203	0.319763992297828
IFNg	2142	PLGRKT	0.319690704157636
IFNg	2143	HMGN4	0.319591620623287
IFNg	2144	MAP4	0.319373522937298
IFNg	2145	ENSG00000291143	0.319338242957864
IFNg	2146	LINC02325	0.319301506754947
IFNg	2147	PNRC2	0.319277658672861
IFNg	2148	TMEM87B	0.319061862389405
IFNg	2149	MRPS23	0.318943135088265
IFNg	2150	TINF2	0.318813338359072
IFNg	2151	ZNF613	0.318799958195705
IFNg	2152	ENSG00000261553	0.31873892163312
IFNg	2153	CTSS	0.318587420779254
IFNg	2154	MSANTD4	0.318505833274847
IFNg	2155	MIR22HG	0.318344330125121
IFNg	2156	MRPL9	0.318140328012065
IFNg	2157	RAD51D	0.31800795913665
IFNg	2158	ATXN7L3	0.317989885097982
IFNg	2159	GUCD1	0.317927038154045
IFNg	2160	SSRP1	0.317906733092623
IFNg	2161	ENSG00000272657	0.317626899476696
IFNg	2162	AMBRA1	0.317380219706804
IFNg	2163	TWF1	0.317191322949207
IFNg	2164	PSMB7	0.317057567015301
IFNg	2165	TXLNA	0.317040919784602
IFNg	2166	EFR3A	0.316670911818667
IFNg	2167	NLK	0.316467305594396
IFNg	2168	LINC-PINT	0.316285044904608
IFNg	2169	SOAT1	0.316249574125008
IFNg	2170	PPIA	0.3162453209604
IFNg	2171	EIF3G	0.316056946340441
IFNg	2172	ARRDC1	0.3159302007352
IFNg	2173	DMAP1	0.315920342522871
IFNg	2174	SRP54	0.315829464185574
IFNg	2175	B4GALT3	0.315755722076343
IFNg	2176	PLXNA1	0.315579873773139
IFNg	2177	MYO6	0.315556032410794
IFNg	2178	SEC24D	0.315534699986053
IFNg	2179	PPP5D1P-1	0.315360919875966
IFNg	2180	SLC4A2	0.31505049175721
IFNg	2181	PTGER2	0.315024744338983
IFNg	2182	TEX264	0.315021160163431
IFNg	2183	POU5F1B	0.314933190809676
IFNg	2184	PPP3CC	0.314638227261135
IFNg	2185	MIR23AHG	0.314601102006247
IFNg	2186	ENSG00000214955	0.314568092863354
IFNg	2187	CLTA	0.314293501905504
IFNg	2188	MACF1	0.31389219416388
IFNg	2189	RERE	0.313860285058815
IFNg	2190	TSPOAP1-AS1	0.313842763223344
IFNg	2191	RPS4Y1	0.313819233474984
IFNg	2192	TMUB2	0.313747598050648
IFNg	2193	IPO7	0.313490401970254
IFNg	2194	SPI1	0.313429082321197
IFNg	2195	BRF1	0.313314127314601
IFNg	2196	HM13	0.313235689679621
IFNg	2197	TBCB	0.313154016308483
IFNg	2198	C11orf24	0.312977680609921
IFNg	2199	CCDC146	0.312969433847394
IFNg	2200	IQSEC1	0.312831975738234
IFNg	2201	IDH3A	0.312801874917383
IFNg	2202	SNX12	0.312741278323064
IFNg	2203	CCDC134	0.312729488103752
IFNg	2204	ARHGAP5	0.312629994220742
IFNg	2205	USP19	0.312506475837603
IFNg	2206	WHAMM	0.312431758124489
IFNg	2207	SFPQ	0.31183016809303
IFNg	2208	PSMB2	0.31127398479935
IFNg	2209	ABT1	0.311071257955917
IFNg	2210	SRA1	0.310492183745581
IFNg	2211	ENSG00000188897	0.310463456065222
IFNg	2212	KCTD5	0.310141336823812
IFNg	2213	TUBB	0.31010509833545
IFNg	2214	DDX3X	0.309935337043442
IFNg	2215	WDR59	0.309903013873446
IFNg	2216	CAPN10	0.309625436888652
IFNg	2217	RP2	0.30956430593586
IFNg	2218	COX14	0.309514288381511
IFNg	2219	RNF40	0.309382213265192
IFNg	2220	RANBP6	0.309380398568413
IFNg	2221	ACSL4	0.308729967325516
IFNg	2222	SDHA	0.308571674868929
IFNg	2223	PITHD1	0.308427406265066
IFNg	2224	ZNF622	0.308349148687949
IFNg	2225	OTUD4	0.308240690805353
IFNg	2226	ASCC3	0.308127287657537
IFNg	2227	HMGCS1	0.308103533936158
IFNg	2228	TOMM5	0.307855700778064
IFNg	2229	TULP4	0.30785245667598
IFNg	2230	RNF149	0.307451046572405
IFNg	2231	PFDN5	0.307389670149715
IFNg	2232	ABHD12	0.3072801248868
IFNg	2233	IQGAP2	0.307211873343658
IFNg	2234	MFSD2A	0.307097674017192
IFNg	2235	PSMC3	0.307092249844955
IFNg	2236	OTUB1	0.307016193763041
IFNg	2237	RHBDD1	0.306828794955335
IFNg	2238	MAGED2	0.306816918362094
IFNg	2239	OAZ2	0.306669321647318
IFNg	2240	DNAJB11	0.306402076802455
IFNg	2241	ARL8A	0.306198676104296
IFNg	2242	CSRNP2	0.306153209637746
IFNg	2243	C4orf3	0.305987695320015
IFNg	2244	G3BP2	0.305954307740064
IFNg	2245	STT3A	0.305949717527081
IFNg	2246	PELI1	0.305939463630992
IFNg	2247	SEC24C	0.305907344896662
IFNg	2248	EMC7	0.305887289874221
IFNg	2249	HIRA	0.305836678810519
IFNg	2250	ENSG00000237356	0.30528039739353
IFNg	2251	TUBGCP6	0.305132293845638
IFNg	2252	PATZ1	0.304374350988457
IFNg	2253	SNX8	0.304286136126859
IFNg	2254	SWT1	0.304195816474184
IFNg	2255	SMIM15	0.304120991353334
IFNg	2256	UBE2Z	0.303908080376844
IFNg	2257	APEX2	0.303872492558554
IFNg	2258	MESD	0.303809290963487
IFNg	2259	RELA	0.303475039901748
IFNg	2260	BARD1	0.303443923114486
IFNg	2261	COX7C	0.303347473800945
IFNg	2262	SNX27	0.303226852864393
IFNg	2263	STOML2	0.303183851120406
IFNg	2264	ZNF562	0.303104529668893
IFNg	2265	TRIM11	0.302891616901881
IFNg	2266	ANKRD13A	0.302884641752389
IFNg	2267	MR1	0.302742981114588
IFNg	2268	TICAM1	0.30274076769848
IFNg	2269	CBLL1	0.302696616555824
IFNg	2270	RALGPS1	0.302673136552713
IFNg	2271	ZUP1	0.302588755233654
IFNg	2272	RFC1	0.302570735524727
IFNg	2273	CDC42SE2	0.302336095970826
IFNg	2274	CCNL1	0.302311222943534
IFNg	2275	SLC25A44	0.302244191134451
IFNg	2276	PRRC2A	0.302238646131047
IFNg	2277	MUTYH	0.302139351280639
IFNg	2278	CCDC90B	0.302126163524039
IFNg	2279	INPP4B	0.301884517912716
IFNg	2280	UROS	0.301771269239341
IFNg	2281	CAMKK2	0.301724325054181
IFNg	2282	CARMIL1	0.301586495326772
IFNg	2283	TARS1	0.301282690479207
IFNg	2284	FAM107B	0.301275032724393
IFNg	2285	AIDA	0.301097657854228
IFNg	2286	HDAC6	0.301083400338238
IFNg	2287	ZBTB24	0.300970436372212
IFNg	2288	PGBD2	0.300820111911877
IFNg	2289	TBK1	0.300768883618297
IFNg	2290	PSMB4	0.300490491643887
IFNg	2291	EHBP1L1	0.30041618549627
IFNg	2292	DNAJB2	0.300372436327303
IFNg	2293	EPB41L3	0.300336636307166
IFNg	2294	ZBTB43	0.300124263879548
IFNg	2295	DTHD1	0.299435045454124
IFNg	2296	PRKCE	0.299259186652
IFNg	2297	PITPNM1	0.299145261513597
IFNg	2298	CMAS	0.298987256226818
IFNg	2299	ELOVL5	0.298964540755064
IFNg	2300	RNASEH2C	0.298853202906707
IFNg	2301	XPO6	0.298630761766809
IFNg	2302	ASMTL	0.298425567176463
IFNg	2303	ENSG00000242861	0.298037999873971
IFNg	2304	UBE2Q1	0.297686069950548
IFNg	2305	ACSL3	0.297613511455167
IFNg	2306	GLRX3	0.297413259345814
IFNg	2307	AKT1	0.297356369025155
IFNg	2308	ZFYVE19	0.29700249824076
IFNg	2309	RMDN3	0.296967253030597
IFNg	2310	SMG5	0.296815527676513
IFNg	2311	TPD52L2	0.296721046194467
IFNg	2312	RCC2	0.296707715226991
IFNg	2313	DNAJC7	0.296649632476898
IFNg	2314	ID2	0.296581666764821
IFNg	2315	PIH1D1	0.29642824464435
IFNg	2316	LAMP1	0.296406859590312
IFNg	2317	SDF4	0.296281687312264
IFNg	2318	PFDN6	0.296172285292563
IFNg	2319	TMEM167A	0.29579599716868
IFNg	2320	NASP	0.295778512458163
IFNg	2321	HMGXB3	0.295669491229855
IFNg	2322	POLR3D	0.295553594465377
IFNg	2323	SLK	0.295439143809848
IFNg	2324	FCRL6	0.295277572027643
IFNg	2325	CLEC2D	0.295083806417042
IFNg	2326	DNAJC5	0.294716929276494
IFNg	2327	PRR14	0.294381418856369
IFNg	2328	TPM3	0.29428171956316
IFNg	2329	STK24	0.294255955827992
IFNg	2330	AKR1A1	0.294249164983705
IFNg	2331	NAPB	0.294236774945235
IFNg	2332	RNF114	0.294077390027607
IFNg	2333	LRCH1	0.293783901337035
IFNg	2334	TMEM120B	0.293414975136486
IFNg	2335	PNKP	0.293305745999835
IFNg	2336	ADA2	0.293193904569671
IFNg	2337	ENSG00000291054	0.293107574790636
IFNg	2338	TMTC2	0.292933879820795
IFNg	2339	SKIC2	0.292806469169824
IFNg	2340	ARSB	0.292634145917848
IFNg	2341	HEATR9	0.292470496335686
IFNg	2342	SELENOS	0.292289142156154
IFNg	2343	ITPA	0.292117335038546
IFNg	2344	RNASET2	0.292040112924191
IFNg	2345	MAP4K5	0.291809167796151
IFNg	2346	NOP2	0.291761126793317
IFNg	2347	ENSG00000256594	0.291488935698555
IFNg	2348	ENSG00000250057	0.291313586034799
IFNg	2349	NDUFA1	0.291280751991862
IFNg	2350	TMEM30A	0.290851983543788
IFNg	2351	SERPINB1	0.290754476196249
IFNg	2352	ANKIB1	0.29069476364272
IFNg	2353	POFUT2	0.290676844504946
IFNg	2354	CC2D1B	0.290490567876266
IFNg	2355	MYL12A	0.290177276009421
IFNg	2356	UPP2	0.290125097767051
IFNg	2357	RNF31	0.290019054027334
IFNg	2358	ATRIP	0.289926515805394
IFNg	2359	ESS2	0.289901268307829
IFNg	2360	KLHL9	0.289895943041293
IFNg	2361	TMEM19	0.289689290718304
IFNg	2362	FDPS	0.289647796679121
IFNg	2363	IFRD1	0.289605185940594
IFNg	2364	HK1	0.289482487239514
IFNg	2365	HAX1	0.289481698603763
IFNg	2366	AHSA1	0.289481487457868
IFNg	2367	ENSG00000227486	0.289353834512956
IFNg	2368	CCT5	0.289152851385192
IFNg	2369	TMEM259	0.28907041742086
IFNg	2370	TSPYL1	0.288974816571803
IFNg	2371	NBDY	0.288861630316968
IFNg	2372	USP5	0.288672277515895
IFNg	2373	GDAP1	0.288408703496704
IFNg	2374	AACS	0.288252065343627
IFNg	2375	KEAP1	0.288041962115117
IFNg	2376	DOT1L	0.288026377406563
IFNg	2377	BTN3A2	0.287968904739562
IFNg	2378	ANAPC2	0.287905674357134
IFNg	2379	ZDHHC13	0.287877804605014
IFNg	2380	RASGRP1	0.287850098528927
IFNg	2381	MIR762HG	0.287759071432723
IFNg	2382	NPM1	0.287477551668417
IFNg	2383	FIS1	0.287310554493795
IFNg	2384	SPATA13	0.286989200969732
IFNg	2385	ATXN7L3B	0.28650937149847
IFNg	2386	UBE2M	0.286495496296604
IFNg	2387	HSPA13	0.286410185614595
IFNg	2388	HPS4	0.286409657315866
IFNg	2389	SRP19	0.286255727508951
IFNg	2390	ATXN1L	0.286199490966393
IFNg	2391	RIOK1	0.286170708172071
IFNg	2392	GNL2	0.286100028983334
IFNg	2393	BCL11B	0.286064699207162
IFNg	2394	BET1L	0.285971064700354
IFNg	2395	MFSD1	0.285959043775876
IFNg	2396	RER1	0.285780602765793
IFNg	2397	SMIM12	0.285755540868799
IFNg	2398	TMEM41A	0.285573123268128
IFNg	2399	GCC1	0.285290785099387
IFNg	2400	CEP162	0.28525698263948
IFNg	2401	MTCH1	0.28485305444598
IFNg	2402	TBC1D13	0.28470973512929
IFNg	2403	NRAS	0.284652421523524
IFNg	2404	WASH8P	0.284577430869029
IFNg	2405	TOMM20	0.284243608426376
IFNg	2406	PSMC5	0.284216760731048
IFNg	2407	ZHX1	0.284215527922387
IFNg	2408	IGKC	0.284062943550805
IFNg	2409	ZNF787	0.283968128222398
IFNg	2410	PRKX	0.283775133919108
IFNg	2411	TEP1	0.283718941859535
IFNg	2412	TXNDC9	0.283634327384947
IFNg	2413	SMC6	0.283617447071232
IFNg	2414	FBXO31	0.283574143405723
IFNg	2415	ACOX3	0.283487703614937
IFNg	2416	PRPF3	0.283421945516984
IFNg	2417	STX16	0.283311619067725
IFNg	2418	L3MBTL2	0.28325982186627
IFNg	2419	NDUFB2	0.283257892463647
IFNg	2420	TALDO1	0.283183456781148
IFNg	2421	RUNX2	0.282980536356449
IFNg	2422	CDS2	0.282871808852134
IFNg	2423	LAMP2	0.282728232969605
IFNg	2424	DIRC3	0.282620523095188
IFNg	2425	GLB1	0.282578512889213
IFNg	2426	BLMH	0.2824315508938
IFNg	2427	CDYL2	0.282167203416865
IFNg	2428	MCRIP1	0.282141477327447
IFNg	2429	SETBP1	0.282062791194265
IFNg	2430	HLA-E	0.282031666548767
IFNg	2431	ARF3	0.28198302664944
IFNg	2432	XIAP	0.281893332864992
IFNg	2433	JOSD2	0.281824459349483
IFNg	2434	PCMT1	0.281642137500143
IFNg	2435	CYBC1	0.281206816640929
IFNg	2436	CFL1	0.2811463786596
IFNg	2437	CCNY	0.28095470823122
IFNg	2438	NUDC	0.28090152512614
IFNg	2439	CAMSAP1	0.280593754760976
IFNg	2440	EMC1	0.280446148405032
IFNg	2441	NIFK	0.280409023808098
IFNg	2442	WAS	0.280384675591727
IFNg	2443	ALKBH3	0.280313982188617
IFNg	2444	ATP13A1	0.280241343480057
IFNg	2445	DNAJC2	0.280133407525662
IFNg	2446	DUS3L	0.280032738425025
IFNg	2447	BRI3	0.279850579595648
IFNg	2448	FH	0.279744016420423
IFNg	2449	ZGPAT	0.279644950398699
IFNg	2450	KRTCAP2	0.279574559147536
IFNg	2451	ZSCAN25	0.279114944548014
IFNg	2452	ARSA	0.27886463731681
IFNg	2453	CHMP1A	0.278464508589757
IFNg	2454	SP140L	0.278448555431325
IFNg	2455	NIPA1	0.278330282692167
IFNg	2456	PPP1R3D	0.278168887593545
IFNg	2457	POLDIP3	0.277983235770438
IFNg	2458	SLC50A1	0.277877202669897
IFNg	2459	SLC45A4	0.277833767488234
IFNg	2460	KIF9-AS1	0.277775041595331
IFNg	2461	LPXN	0.277774985012417
IFNg	2462	CDK17	0.277556421123565
IFNg	2463	EXOC2	0.277508277296157
IFNg	2464	AP1G2	0.277338638883887
IFNg	2465	APOBEC3C	0.277305048357183
IFNg	2466	ENSG00000291067	0.277228237328174
IFNg	2467	SMG1	0.277225109131137
IFNg	2468	DNPEP	0.277195260045508
IFNg	2469	IVNS1ABP	0.277168219499179
IFNg	2470	ENSG00000230649	0.277021930485252
IFNg	2471	IFNLR1	0.276890493989988
IFNg	2472	NFKBIZ	0.276874171882097
IFNg	2473	AP5Z1	0.276833669936162
IFNg	2474	CPEB4	0.276791662450358
IFNg	2475	PSMD2	0.276770635147122
IFNg	2476	ARFIP2	0.276755128316553
IFNg	2477	TRPC4AP	0.276747448139295
IFNg	2478	NDUFC2	0.276690208226029
IFNg	2479	IKZF3	0.276621438758922
IFNg	2480	MMADHC	0.276601357811069
IFNg	2481	DBNL	0.27638811362624
IFNg	2482	ATF4	0.276274209461989
IFNg	2483	VPS13C	0.276158728004226
IFNg	2484	SSR3	0.276157856592299
IFNg	2485	GPR155	0.275955034968993
IFNg	2486	MAN2C1	0.275859901392853
IFNg	2487	RASSF3	0.275804864276663
IFNg	2488	PSMD7	0.275683189553072
IFNg	2489	ENSG00000284906	0.275658917676302
IFNg	2490	MCCC2	0.275259833816823
IFNg	2491	ARSD	0.275238240460715
IFNg	2492	SELENOI	0.274891770106864
IFNg	2493	NGLY1	0.274579738129496
IFNg	2494	RIC8A	0.274577650059662
IFNg	2495	SIPA1L2	0.274435282091932
IFNg	2496	NIPSNAP3A	0.274235173504555
IFNg	2497	KLHDC4	0.274220986934374
IFNg	2498	ENSG00000258982	0.27405241135804
IFNg	2499	COX7A2	0.273928210260624
IFNg	2500	DOCK2	0.273898573338215
IFNg	2501	KIAA1671	0.273724968690989
IFNg	2502	TP53BP2	0.273660403962282
IFNg	2503	MAFG	0.273590629316147
IFNg	2504	DYNLT3	0.27354026415756
IFNg	2505	MYL6	0.273453184686276
IFNg	2506	TMEM199	0.27313250900744
IFNg	2507	DNAJC13	0.272506024894498
IFNg	2508	SUSD6	0.272339050679138
IFNg	2509	ENSG00000250155	0.272226267631658
IFNg	2510	DCTN2	0.272128447589913
IFNg	2511	ARPC5L	0.271952814460498
IFNg	2512	RNF123	0.271906544725728
IFNg	2513	ADAM20	0.271900254359423
IFNg	2514	CPEB3	0.271764218434718
IFNg	2515	BICRA	0.271761372747217
IFNg	2516	JAK1	0.271266544689879
IFNg	2517	RAVER1	0.271244234963039
IFNg	2518	PPP1R11	0.271201617051189
IFNg	2519	GNA13	0.271180303167679
IFNg	2520	VPS35L	0.271178034750075
IFNg	2521	EXOC8	0.270784424627337
IFNg	2522	KLHL4	0.270673110227292
IFNg	2523	CIB1	0.270578657745601
IFNg	2524	LRRC27	0.270498110155942
IFNg	2525	ENSG00000249240	0.270408975151713
IFNg	2526	IMPA1	0.270133642616867
IFNg	2527	ANKRD30BL	0.269879647316005
IFNg	2528	TLR8	0.269858648564232
IFNg	2529	CARMIL2	0.269836451560644
IFNg	2530	ACAT1	0.269662974955664
IFNg	2531	TRIM38	0.269418770362041
IFNg	2532	PRDM1	0.268565001149708
IFNg	2533	GIMAP4	0.268464513991206
IFNg	2534	LNPEP	0.268343383267576
IFNg	2535	HERPUD2	0.26811656564207
IFNg	2536	RNF20	0.268034797468709
IFNg	2537	FAM120C	0.267987112627271
IFNg	2538	LIN52	0.267720650589502
IFNg	2539	KLHL15	0.267589719138664
IFNg	2540	HARS2	0.267505698722642
IFNg	2541	YIPF3	0.267413469849775
IFNg	2542	YBX1	0.267190731952129
IFNg	2543	MRAS	0.267150932988872
IFNg	2544	C6orf62	0.267141606242527
IFNg	2545	LINC02446	0.266928421070546
IFNg	2546	ARHGEF11	0.266586436227292
IFNg	2547	CCDC85C	0.266478150231852
IFNg	2548	DCUN1D3	0.266165782181134
IFNg	2549	ME2	0.266079279023863
IFNg	2550	DPH3	0.266065538058512
IFNg	2551	CIC	0.26601826751774
IFNg	2552	SCYL3	0.265953150957369
IFNg	2553	SNIP1	0.265866865827067
IFNg	2554	SNRPB	0.265769244319091
IFNg	2555	EGLN2	0.265651973989483
IFNg	2556	COPG1	0.26564634308409
IFNg	2557	RBM45	0.265360753264027
IFNg	2558	GLOD4	0.265292650649986
IFNg	2559	GTF2E2	0.265261437104359
IFNg	2560	TRIM44	0.265244404327113
IFNg	2561	CTNNB1	0.264933582909465
IFNg	2562	INO80C	0.264867273730363
IFNg	2563	DNAJB6	0.264824952990195
IFNg	2564	MDH1	0.264674468838024
IFNg	2565	KDM1B	0.264567071550992
IFNg	2566	MED16	0.264513696540714
IFNg	2567	CCT3	0.264407381627478
IFNg	2568	YWHAQ	0.264282649293106
IFNg	2569	DDX21	0.264211716146176
IFNg	2570	CYRIB	0.264198840746416
IFNg	2571	IL6ST	0.264073457351364
IFNg	2572	ATP6V0A2	0.264027786703365
IFNg	2573	SLC12A9	0.264023363875814
IFNg	2574	HLA-DPA1	0.26387281410456
IFNg	2575	RYBP	0.263820046932085
IFNg	2576	TMEM18	0.263816480380134
IFNg	2577	PVT1	0.263752260487101
IFNg	2578	ZNF620	0.263492530181004
IFNg	2579	ITPRIP	0.263364344649323
IFNg	2580	LRRC59	0.263270916896547
IFNg	2581	FAM30A	0.263205203509904
IFNg	2582	PSMD4	0.262958742710884
IFNg	2583	RAN	0.262600317306218
IFNg	2584	REXO1	0.26257535557174
IFNg	2585	ENSG00000288632	0.262563041334472
IFNg	2586	DDX39A	0.262467132029012
IFNg	2587	LINC02803	0.262182113911493
IFNg	2588	CWC15	0.262084988000904
IFNg	2589	ENSG00000290876	0.262011900533875
IFNg	2590	ENSG00000290199	0.26197936810389
IFNg	2591	NHEJ1	0.261920746759007
IFNg	2592	PAF1	0.261907112674687
IFNg	2593	NANS	0.261819715279924
IFNg	2594	ARHGAP17	0.261725393313082
IFNg	2595	SEC22B	0.261716099807352
IFNg	2596	LARP4	0.261656371693871
IFNg	2597	PEX14	0.261646307940843
IFNg	2598	GALNT2	0.261595260011769
IFNg	2599	TIMM17A	0.261518901215142
IFNg	2600	STX16-NPEPL1	0.261127259720358
IFNg	2601	TCF4	0.261086770190427
IFNg	2602	STX12	0.261083992932923
IFNg	2603	MGAT1	0.261066538584071
IFNg	2604	ALCAM	0.261053140319653
IFNg	2605	ATP6V0D1	0.261023721894617
IFNg	2606	TYW3	0.261022598914584
IFNg	2607	PARP1	0.260928658398137
IFNg	2608	PSMB6	0.260847590265308
IFNg	2609	PRNCR1	0.260752618086174
IFNg	2610	HEXIM1	0.260695465774879
IFNg	2611	PYGO2	0.260675040919153
IFNg	2612	RNF185	0.260521405384433
IFNg	2613	FASTKD1	0.260494839420135
IFNg	2614	METTL4	0.260460440276413
IFNg	2615	ACBD5	0.260445039807876
IFNg	2616	KANSL3	0.260362637360612
IFNg	2617	GSK3B	0.260285414836285
IFNg	2618	MCTP2	0.259886525645828
IFNg	2619	CAMK2D	0.259866992928533
IFNg	2620	C1RL-AS1	0.259861230067357
IFNg	2621	SMG9	0.259825952997784
IFNg	2622	SHKBP1	0.259820569637388
IFNg	2623	RBM12	0.259816506425133
IFNg	2624	RPE	0.259798402801763
IFNg	2625	MTMR1	0.25976751707287
IFNg	2626	ZNF277	0.259727373596092
IFNg	2627	PDCL	0.259680141974992
IFNg	2628	RPUSD3	0.259449282908994
IFNg	2629	TAPBPL	0.259382378631074
IFNg	2630	CMC2	0.259180995635312
IFNg	2631	APRG1	0.259170990591154
IFNg	2632	NCBP2	0.259041622299089
IFNg	2633	MTPAP	0.258789965356994
IFNg	2634	PWP1	0.25872480198465
IFNg	2635	CDV3	0.258449087731505
IFNg	2636	BBX	0.258268469195466
IFNg	2637	RAB8A	0.258173866051665
IFNg	2638	RAB8B	0.258156098811606
IFNg	2639	UTP3	0.258060108829502
IFNg	2640	FERMT3	0.257998962641294
IFNg	2641	POLE	0.257787072740342
IFNg	2642	CD47	0.257660913634195
IFNg	2643	ABHD13	0.257659587577584
IFNg	2644	AHCY	0.257478718532046
IFNg	2645	RFX5	0.257416237419553
IFNg	2646	UBR2	0.257240382406453
IFNg	2647	METTL2A	0.257208848923315
IFNg	2648	CARD11	0.257053377501377
IFNg	2649	CYB561	0.256691883573751
IFNg	2650	DCAF13	0.25667972818946
IFNg	2651	NCSTN	0.256636691935842
IFNg	2652	SMARCD1	0.256581217159421
IFNg	2653	TESK1	0.256511249827371
IFNg	2654	NRIP1	0.256404419567895
IFNg	2655	PSMB1	0.256242973055493
IFNg	2656	ABRAXAS2	0.256197077839548
IFNg	2657	TUT7	0.256056203256173
IFNg	2658	ACP3	0.255970911703204
IFNg	2659	ARHGEF12	0.25594556387049
IFNg	2660	INO80E	0.25592316681199
IFNg	2661	PSMD11	0.255902212193918
IFNg	2662	CAPN1	0.255811917138982
IFNg	2663	DCLRE1C	0.255760088760359
IFNg	2664	GTPBP4	0.255523388864615
IFNg	2665	SYNCRIP	0.255418212475681
IFNg	2666	RAD1	0.255211178819697
IFNg	2667	CHAF1A	0.255179603803929
IFNg	2668	ZBTB10	0.255160055857034
IFNg	2669	H6PD	0.255029617875683
IFNg	2670	CCT6A	0.254979264721695
IFNg	2671	TRPM7	0.254944331388814
IFNg	2672	FUCA2	0.254691300819341
IFNg	2673	GNS	0.254643142472255
IFNg	2674	ARL8B	0.254489137440274
IFNg	2675	OGDH	0.254471368647611
IFNg	2676	YES1	0.254280612806783
IFNg	2677	CHMP2B	0.254191259111651
IFNg	2678	LETM1	0.254033675272461
IFNg	2679	SCAPER	0.254033239029145
IFNg	2680	MTERF3	0.254000440531226
IFNg	2681	ENSG00000272916	0.253997362047784
IFNg	2682	MIDEAS	0.253751419145603
IFNg	2683	C11orf58	0.253702982531056
IFNg	2684	MCUB	0.253680018131049
IFNg	2685	MARCHF8	0.253642840621326
IFNg	2686	EIF4G1	0.253530785606462
IFNg	2687	ATP10D	0.253512707705873
IFNg	2688	UBP1	0.253443669347304
IFNg	2689	TRAPPC10	0.253177101910078
IFNg	2690	KXD1	0.252838491859388
IFNg	2691	SMPD4	0.252818933142459
IFNg	2692	PATL1	0.252812323278881
IFNg	2693	LPIN1	0.252782863872461
IFNg	2694	PSMF1	0.252590679444143
IFNg	2695	ATP5F1B	0.25247918665857
IFNg	2696	HIF1A	0.252082542504954
IFNg	2697	ANKLE2	0.252045508248429
IFNg	2698	GYS1	0.251881067926031
IFNg	2699	MACO1	0.251638111852294
IFNg	2700	CSTF3	0.25163596193905
IFNg	2701	ADAM17	0.251630313597224
IFNg	2702	SNRPE	0.251376666455492
IFNg	2703	TPTE2P6	0.251345784040531
IFNg	2704	ERH	0.250835231971248
IFNg	2705	SEPSECS	0.25080977440126
IFNg	2706	NIPA2	0.250683179478453
IFNg	2707	POLA1	0.250593174539526
IFNg	2708	NTAQ1	0.250396158600046
IFNg	2709	RHEB	0.250390076805443
IFNg	2710	CACTIN	0.250347523206016
IFNg	2711	PPME1	0.250285609231708
IFNg	2712	TAF8	0.250185802808293
IFNg	2713	UGGT1	0.250065516978082
IFNg	2714	EIF2S2	0.250024370809676
IFNg	2715	OFD1	0.249948604606444
IFNg	2716	PHF23	0.24992188886872
IFNg	2717	CCDC117	0.249901380993621
IFNg	2718	YKT6	0.249830693329644
IFNg	2719	XKR6	0.249803346373622
IFNg	2720	LIMD1	0.249724784463484
IFNg	2721	TYW5	0.249634708595119
IFNg	2722	PDCD2	0.249627709422342
IFNg	2723	WBP2	0.24961564684786
IFNg	2724	STPG2	0.249516467886951
IFNg	2725	FAM120A	0.249342253366593
IFNg	2726	URB1	0.249263601467101
IFNg	2727	LOXL2	0.249244017887499
IFNg	2728	LINC02021	0.249050456121962
IFNg	2729	LINC01619	0.248990181861682
IFNg	2730	PSMD13	0.248921370006901
IFNg	2731	MTPN	0.248916248392995
IFNg	2732	ZNF775	0.248857150887336
IFNg	2733	TAF1C	0.248810023361248
IFNg	2734	FEM1B	0.248802804347914
IFNg	2735	SLC5A3	0.248800562711315
IFNg	2736	ADNP2	0.248595997609164
IFNg	2737	ARHGAP25	0.248459517041685
IFNg	2738	MFN2	0.248410117819932
IFNg	2739	DVL2	0.248392620637996
IFNg	2740	MRE11	0.248343418386593
IFNg	2741	MTR	0.248221823774856
IFNg	2742	DHRSX	0.248210265777335
IFNg	2743	CIRBP	0.248182934824806
IFNg	2744	GORASP1	0.248152844275591
IFNg	2745	PSMA3	0.247911620432362
IFNg	2746	SHLD2	0.247668871616203
IFNg	2747	GRN	0.247423142948132
IFNg	2748	DCAF16	0.247338800326322
IFNg	2749	C7orf50	0.247128075484955
IFNg	2750	TRA2B	0.246997608849501
IFNg	2751	HOOK2	0.24691040197315
IFNg	2752	KLF9	0.246904129911576
IFNg	2753	CTSB	0.246849279572527
IFNg	2754	DDX24	0.246849212518513
IFNg	2755	RAB11B	0.246788182951379
IFNg	2756	IQGAP1	0.246734206562203
IFNg	2757	LSM1	0.246479139465772
IFNg	2758	OTULIN	0.246335959513686
IFNg	2759	GUSB	0.246298974563893
IFNg	2760	AZIN1	0.246236601218366
IFNg	2761	NQO2	0.24621179716904
IFNg	2762	CCDC12	0.246131753910943
IFNg	2763	PTPN23	0.246116758369925
IFNg	2764	MITD1	0.246099394081879
IFNg	2765	DHRS12	0.245949572280709
IFNg	2766	LPP	0.245934287912598
IFNg	2767	PCSK7	0.245889095384274
IFNg	2768	ARFGAP2	0.245823495308958
IFNg	2769	PCDH9	0.245782591146332
IFNg	2770	MT-RNR2	0.245773230972868
IFNg	2771	CCT7	0.245559335524097
IFNg	2772	SUPT16H	0.245203165518128
IFNg	2773	NDUFA13	0.245016088932545
IFNg	2774	UBE2L3	0.245006756004633
IFNg	2775	MED17	0.244962381188198
IFNg	2776	CCDC6	0.244902595393475
IFNg	2777	HPS3	0.244874054585127
IFNg	2778	UBIAD1	0.24483785817924
IFNg	2779	TNKS2	0.244794158109728
IFNg	2780	EIF2S1	0.244720821875116
IFNg	2781	RFX3-DT	0.244612860603381
IFNg	2782	CPNE8	0.244430125204672
IFNg	2783	MAD2L1-DT	0.244398203385044
IFNg	2784	IPPK	0.244397153420859
IFNg	2785	DROSHA	0.244365901271786
IFNg	2786	TIMM23	0.244316150219448
IFNg	2787	TIA1	0.244257740364027
IFNg	2788	ZC4H2	0.244217649996786
IFNg	2789	MCU	0.244206822779542
IFNg	2790	SOD1	0.244167869959212
IFNg	2791	ENSG00000249624	0.244159290083476
IFNg	2792	COX20	0.244143935111638
IFNg	2793	ATXN7	0.244089808909055
IFNg	2794	QARS1	0.243975367507331
IFNg	2795	CLNS1A	0.24395266001504
IFNg	2796	SEC11C	0.243889575406104
IFNg	2797	IBTK	0.243715155763224
IFNg	2798	LSM6	0.243638179985582
IFNg	2799	VCP	0.243469987746069
IFNg	2800	PTPA	0.243160691747282
IFNg	2801	KAT5	0.243072698232988
IFNg	2802	CFLAR	0.243023863204573
IFNg	2803	PTK2B	0.243006649216116
IFNg	2804	SLC6A16	0.242527087812633
IFNg	2805	LINC01376	0.242494871836711
IFNg	2806	SLC2A1	0.242445124956949
IFNg	2807	LYRM9	0.242268570364617
IFNg	2808	MIEF1	0.242110962521751
IFNg	2809	DYNLL1	0.242106769944127
IFNg	2810	MCMBP	0.242093422075525
IFNg	2811	SNX20	0.241914431946073
IFNg	2812	MFN1	0.241873285388964
IFNg	2813	ZMAT3	0.241614802895241
IFNg	2814	HIF1AN	0.240974097741704
IFNg	2815	RPS6KC1	0.240962942023536
IFNg	2816	PARP4	0.240942042681174
IFNg	2817	DYNC1LI1	0.240848278358218
IFNg	2818	RBMXL1	0.240770230442902
IFNg	2819	ZNF680	0.240766540380563
IFNg	2820	UCHL5	0.240619490402957
IFNg	2821	KLF13	0.240521718907842
IFNg	2822	ATP6V0E1	0.240514609776994
IFNg	2823	MSL3	0.240456717490711
IFNg	2824	SLC37A3	0.240334797295733
IFNg	2825	RAD50	0.240174578086198
IFNg	2826	RRP15	0.240119458994438
IFNg	2827	GPS2	0.240080538025791
IFNg	2828	ZNF438	0.240030680939478
IFNg	2829	EFL1	0.239992397855222
IFNg	2830	GRPEL1	0.23993880033809
IFNg	2831	ZCCHC10	0.239746907042644
IFNg	2832	HPS1	0.239547190500717
IFNg	2833	DDX5	0.239482222643413
IFNg	2834	CYB5R4	0.239384590452818
IFNg	2835	ELF1	0.239338143424718
IFNg	2836	ACAT2	0.23924029977503
IFNg	2837	TTC33	0.23899810529911
IFNg	2838	STAT6	0.23891682405319
IFNg	2839	ACADM	0.238902157080698
IFNg	2840	FNDC3A	0.238836324894151
IFNg	2841	NECAP2	0.238574437717581
IFNg	2842	TXNL4B	0.238271125655909
IFNg	2843	GARS1	0.238211620009571
IFNg	2844	RNF138	0.237895019689937
IFNg	2845	SLC35F5	0.237358500632006
IFNg	2846	FMR1	0.237074108030337
IFNg	2847	SMG1P2	0.236967044627616
IFNg	2848	CUL5	0.236811000749813
IFNg	2849	UBB	0.236788956565003
IFNg	2850	PER2	0.236686467024379
IFNg	2851	HUS1	0.236528492867608
IFNg	2852	ELOA	0.236442531171665
IFNg	2853	PLEKHA2	0.236304441555818
IFNg	2854	RCL1	0.236300780467678
IFNg	2855	STAU1	0.235867847934846
IFNg	2856	TIGIT	0.235785890148425
IFNg	2857	SEC23B	0.235564590113374
IFNg	2858	TAF2	0.235525179304723
IFNg	2859	PCNX3	0.23526547980715
IFNg	2860	RIOK3	0.23504787599132
IFNg	2861	INTS13	0.234985653046002
IFNg	2862	CPNE1	0.234871929257229
IFNg	2863	NMD3	0.234747686371009
IFNg	2864	PEPD	0.234522445236643
IFNg	2865	SUPT5H	0.23451759265972
IFNg	2866	RARA	0.234390477279498
IFNg	2867	ENSG00000290048	0.2342772552453
IFNg	2868	NDUFB4	0.234229505134235
IFNg	2869	CAPZA1	0.234221209372221
IFNg	2870	RAB30	0.234101706098793
IFNg	2871	NFKBIE	0.233772084754747
IFNg	2872	DUSP22	0.23375616893773
IFNg	2873	ENSG00000291073	0.233752024594619
IFNg	2874	MORF4L2	0.233727687156584
IFNg	2875	CIR1	0.233708697245556
IFNg	2876	ENSG00000258526	0.233681229717586
IFNg	2877	MFSD14CP	0.233672644288367
IFNg	2878	CSDE1	0.23361032444174
IFNg	2879	ERP44	0.233513611017122
IFNg	2880	DDT	0.233452759435892
IFNg	2881	SMURF1	0.233323061603599
IFNg	2882	ENSG00000254288	0.233306504436576
IFNg	2883	ACSL5	0.233099131850568
IFNg	2884	STAG3L5P-1	0.23296902768658
IFNg	2885	NOL7	0.232873519935076
IFNg	2886	SC5D	0.232835438365131
IFNg	2887	MNT	0.232702726906647
IFNg	2888	RAP2C	0.232175313957985
IFNg	2889	DNAJB12	0.232092051049234
IFNg	2890	AGPAT3	0.232083324328329
IFNg	2891	CBX6	0.232068993282414
IFNg	2892	SBK1	0.231987166956383
IFNg	2893	HNRNPUL2	0.231949224799844
IFNg	2894	ATP2C1	0.2317075709578
IFNg	2895	RBM7	0.231680938908252
IFNg	2896	BMPR2	0.231657914452744
IFNg	2897	SNF8	0.23149527696068
IFNg	2898	VOPP1	0.231480068777529
IFNg	2899	CUL2	0.231393492470292
IFNg	2900	ENSG00000286825	0.231391804683365
IFNg	2901	FLCN	0.231069305087452
IFNg	2902	HAPSTR1	0.231007413235505
IFNg	2903	WSB2	0.230992111312869
IFNg	2904	XBP1	0.230875913029623
IFNg	2905	EIF1	0.230857255367173
IFNg	2906	PSMC1	0.23074115731179
IFNg	2907	DDRGK1	0.23064922247773
IFNg	2908	ADPRM	0.230542762405584
IFNg	2909	MBD5	0.230521211835426
IFNg	2910	KIAA0319L	0.230434381806936
IFNg	2911	DAPK1	0.230353825424221
IFNg	2912	SNX3	0.230315208996951
IFNg	2913	FAM104A	0.230310293103137
IFNg	2914	CCDC97	0.230225461792569
IFNg	2915	DCPS	0.230213918930781
IFNg	2916	UPF1	0.230197441079968
IFNg	2917	TNPO2	0.230175725606504
IFNg	2918	MEX3C	0.230170591533655
IFNg	2919	CROCCP2	0.229866812999475
IFNg	2920	SQLE	0.229828993402777
IFNg	2921	CMAHP	0.229717976226032
IFNg	2922	LINC02284	0.229463456853898
IFNg	2923	C5	0.229370165733274
IFNg	2924	CDK16	0.229361359398701
IFNg	2925	BRPF3	0.229222139175062
IFNg	2926	HBP1	0.229000679466575
IFNg	2927	CD19	0.228998104970681
IFNg	2928	RUNDC1	0.22899506028083
IFNg	2929	SPG7	0.228982553801252
IFNg	2930	SAP30L	0.228836566835671
IFNg	2931	HMGCR	0.228758387413266
IFNg	2932	ZFP36L1	0.228682961417196
IFNg	2933	CATSPERE	0.228386279035148
IFNg	2934	SNAPC5	0.228385495835801
IFNg	2935	NEMP2	0.228296404191089
IFNg	2936	STN1	0.228171214349152
IFNg	2937	PELP1	0.227536381796122
IFNg	2938	GORAB	0.227503629392051
IFNg	2939	DERL2	0.227480992726855
IFNg	2940	NPIPB5	0.22747488313275
IFNg	2941	UHMK1	0.227461744915014
IFNg	2942	OS9	0.227221633497521
IFNg	2943	GNAI3	0.227075988747309
IFNg	2944	SUMO4	0.227061937427549
IFNg	2945	MAP3K10	0.226913466689645
IFNg	2946	MBD1	0.226817126888945
IFNg	2947	CANT1	0.226699580338956
IFNg	2948	FXR1	0.226571911015232
IFNg	2949	TFG	0.226451090100527
IFNg	2950	TRIM41	0.226395338344222
IFNg	2951	TEPSIN	0.22629469660125
IFNg	2952	ZC3H3	0.226172350771153
IFNg	2953	AMFR	0.226047836102434
IFNg	2954	MLLT6	0.225968919313135
IFNg	2955	NMT1	0.225837986014911
IFNg	2956	ZNF512	0.225731425933066
IFNg	2957	BTBD1	0.225712664502306
IFNg	2958	DHX34	0.225611329186078
IFNg	2959	DAXX	0.225590434655751
IFNg	2960	C8orf76	0.225493964896039
IFNg	2961	FAM98A	0.225422765145813
IFNg	2962	SPTBN5	0.225360409469045
IFNg	2963	M6PR	0.225322114657159
IFNg	2964	FEZ2	0.225296274015582
IFNg	2965	KIFAP3	0.224923037842875
IFNg	2966	COX17	0.224876609858687
IFNg	2967	SLC35A5	0.224805718056568
IFNg	2968	RCC1L	0.224432121509107
IFNg	2969	RNF11	0.224401461908007
IFNg	2970	CRY2	0.224387562037937
IFNg	2971	TAF7	0.224384495543412
IFNg	2972	FAM210A	0.224338972970439
IFNg	2973	HSPA9	0.224101010879238
IFNg	2974	NPLOC4	0.224085682276351
IFNg	2975	WDR76	0.224071813421785
IFNg	2976	UBXN4	0.223989500081224
IFNg	2977	SPTLC1	0.223970246644348
IFNg	2978	NAB1	0.223810129728745
IFNg	2979	ANXA1	0.223693702918941
IFNg	2980	UBAP2L	0.223686837349159
IFNg	2981	ZNF320	0.223685365425389
IFNg	2982	MTMR2	0.223558048787387
IFNg	2983	P2RX4	0.223539893112761
IFNg	2984	TMUB1	0.22353761631815
IFNg	2985	IKBKB	0.223460261647826
IFNg	2986	PPP1R12A	0.223379727443156
IFNg	2987	RRP1	0.223230154330995
IFNg	2988	NSUN3	0.223211483418805
IFNg	2989	ENSG00000280128	0.222730135644689
IFNg	2990	MIR3667HG	0.222705349448742
IFNg	2991	HEG1	0.222699750094417
IFNg	2992	OTUD6B	0.222589320281115
IFNg	2993	SLC7A6OS	0.222482546611338
IFNg	2994	TOMM40L	0.222403636677919
IFNg	2995	HNRNPH2	0.222400196526043
IFNg	2996	COPE	0.222203659518433
IFNg	2997	OXSR1	0.222158396626832
IFNg	2998	ZMYM3	0.222011215365656
IFNg	2999	TOLLIP	0.221732325232509
IFNg	3000	PTGES2	0.221710876591107
IFNg	3001	SNRNP35	0.221620162746599
IFNg	3002	CNOT3	0.221456416916958
IFNg	3003	ZNF813	0.221389313842061
IFNg	3004	SRSF2	0.221370913737747
IFNg	3005	ADPGK	0.221320914788115
IFNg	3006	FCRLA	0.221210567292121
IFNg	3007	SLC41A1	0.221203479050247
IFNg	3008	APMAP	0.220958297849522
IFNg	3009	GPAT4	0.220807886438484
IFNg	3010	ELF2	0.220784055507178
IFNg	3011	EPG5	0.220618899366932
IFNg	3012	TRIR	0.220544337083563
IFNg	3013	PIK3C2B	0.220523092179284
IFNg	3014	LRRC47	0.220260277858201
IFNg	3015	APOBEC3D	0.22004894340839
IFNg	3016	VAV3	0.219988866177385
IFNg	3017	NOM1	0.219966475805355
IFNg	3018	MED15	0.219915037699347
IFNg	3019	CHMP4B	0.219888951981182
IFNg	3020	COX6C	0.219584733896559
IFNg	3021	USP12	0.219250797393425
IFNg	3022	GMDS	0.219228131820361
IFNg	3023	ADIPOR2	0.219022121249505
IFNg	3024	GYG1	0.218859501925922
IFNg	3025	ZFYVE27	0.2188269591713
IFNg	3026	TFE3	0.218655522400421
IFNg	3027	FGR	0.218495075942746
IFNg	3028	C2orf42	0.218417533458747
IFNg	3029	DGCR8	0.218410021458469
IFNg	3030	MAP3K7CL	0.21832966944418
IFNg	3031	DHX33	0.218286214485288
IFNg	3032	VPS33B	0.2182339209611
IFNg	3033	KCNA3	0.218165444349783
IFNg	3034	PROSER1	0.218033213033634
IFNg	3035	KIF22	0.217984044689794
IFNg	3036	MFSD14A	0.21797442444215
IFNg	3037	PILRB	0.217966305825512
IFNg	3038	MTMR12	0.21794746899005
IFNg	3039	PIK3CB	0.217850283614274
IFNg	3040	CCDC77	0.217698899130698
IFNg	3041	EIPR1	0.217678943989235
IFNg	3042	SH2B3	0.217618929558495
IFNg	3043	ARFGEF2	0.217563542939829
IFNg	3044	ZNF761	0.217469108176294
IFNg	3045	TTYH2	0.217171294479319
IFNg	3046	CPPED1	0.217088684370621
IFNg	3047	RFX3	0.217054941721264
IFNg	3048	TTC32	0.216887393810955
IFNg	3049	LHFPL2	0.216864225074718
IFNg	3050	HAUS6	0.216842755637089
IFNg	3051	SP4	0.216839237125169
IFNg	3052	SHC1	0.216687508235195
IFNg	3053	PHF2	0.216451794753583
IFNg	3054	DLG1	0.216151716976468
IFNg	3055	DHX38	0.216150903049238
IFNg	3056	CDC73	0.216137099333533
IFNg	3057	RBM38	0.216111982454106
IFNg	3058	IMMT	0.21607399990245
IFNg	3059	BMAL1	0.216013982679834
IFNg	3060	RAB11FIP4	0.215999790417516
IFNg	3061	TCP1	0.215943135315877
IFNg	3062	WIPF1	0.215893128996721
IFNg	3063	GUF1	0.215807595795375
IFNg	3064	GPR89B	0.215543119635611
IFNg	3065	DHDDS	0.215507703471449
IFNg	3066	ATAD3B	0.215455195629628
IFNg	3067	BHLHE40	0.215337519428692
IFNg	3068	SEC61A1	0.215066243906319
IFNg	3069	KAT2B	0.215058109341943
IFNg	3070	DIAPH1	0.215024866003603
IFNg	3071	PDIA6	0.214803065464462
IFNg	3072	PSMD1	0.214771159869628
IFNg	3073	ALDH3B1	0.214702018865983
IFNg	3074	IDNK	0.214439245843699
IFNg	3075	BTAF1	0.214274445256311
IFNg	3076	EEF1D	0.214261960981496
IFNg	3077	PRIM2	0.21418501303124
IFNg	3078	PEX16	0.214095585026772
IFNg	3079	DCAF1	0.213985048130152
IFNg	3080	DCUN1D4	0.213950187630595
IFNg	3081	EIF2A	0.213668831489226
IFNg	3082	KAT8	0.21364196554127
IFNg	3083	MTHFSD	0.213243393871434
IFNg	3084	KRBOX5	0.213238494029878
IFNg	3085	SCAF1	0.213103754618297
IFNg	3086	HSPA4	0.213063062097435
IFNg	3087	TMEM43	0.212978173721275
IFNg	3088	NIBAN1	0.21293187168567
IFNg	3089	PYGB	0.212753882886609
IFNg	3090	BNIP3	0.212715370591439
IFNg	3091	REEP3	0.212400311623207
IFNg	3092	CARS1	0.212337500887558
IFNg	3093	NUP50	0.212178646347852
IFNg	3094	FTSJ3	0.212104767112151
IFNg	3095	BFAR	0.212065126214598
IFNg	3096	ANAPC4	0.211929890785574
IFNg	3097	RECQL	0.211908642662343
IFNg	3098	ENSG00000231563	0.211896895644314
IFNg	3099	AKAP8	0.211848843683177
IFNg	3100	METTL3	0.21184283403342
IFNg	3101	MLLT10	0.211736316942958
IFNg	3102	ANXA4	0.211734715218811
IFNg	3103	NEDD1	0.211691822673522
IFNg	3104	ZBTB17	0.211622079273068
IFNg	3105	CD99P1-1	0.211542067249155
IFNg	3106	NPC1	0.2115242904665
IFNg	3107	RBM25	0.21145528324476
IFNg	3108	ZFYVE28	0.211375397236609
IFNg	3109	GTF2E1	0.211336594166876
IFNg	3110	RARG	0.211297715784311
IFNg	3111	PRKCZ	0.21126663633892
IFNg	3112	CXorf38	0.211251305209231
IFNg	3113	TSPAN14	0.211194609406399
IFNg	3114	TAFA2	0.211009819404662
IFNg	3115	ENSG00000268750	0.210984380994748
IFNg	3116	INTS7	0.210924297708179
IFNg	3117	BUD23	0.210852402989695
IFNg	3118	KLHL12	0.210579106757102
IFNg	3119	SAE1	0.210488677198239
IFNg	3120	CYP51A1	0.210488399063529
IFNg	3121	COQ10B	0.210469189964842
IFNg	3122	RBM22	0.210460561528555
IFNg	3123	E2F3	0.210452502012555
IFNg	3124	NDST2	0.2104315705978
IFNg	3125	ZDHHC16	0.210344727287903
IFNg	3126	TAF6	0.210058186084981
IFNg	3127	STIP1	0.210017274489211
IFNg	3128	SMAP1	0.209931150932383
IFNg	3129	ENSG00000286619	0.209638719889594
IFNg	3130	DOCK11	0.20962094703335
IFNg	3131	HIVEP1	0.209570846520305
IFNg	3132	PFDN2	0.209530533259793
IFNg	3133	CEP192	0.209444765784977
IFNg	3134	MRPS28	0.209407807196122
IFNg	3135	AMMECR1L	0.209129531910773
IFNg	3136	RPA2	0.209053881508532
IFNg	3137	MTA2	0.209050886527849
IFNg	3138	ZSWIM6	0.208720542553969
IFNg	3139	ATP11C	0.208606719198101
IFNg	3140	ARL6IP6	0.208452109945725
IFNg	3141	XPO5	0.208247052502527
IFNg	3142	ZNF675	0.20823678488577
IFNg	3143	NGRN	0.208185586983538
IFNg	3144	EWSR1	0.208143352685519
IFNg	3145	DECR1	0.208140675692818
IFNg	3146	FNBP4	0.208114207445095
IFNg	3147	SAR1B	0.207989526546062
IFNg	3148	CDK9	0.207827214121193
IFNg	3149	ADSS2	0.207548369435173
IFNg	3150	RAB3GAP1	0.207251794856646
IFNg	3151	CNNM3	0.207154157017541
IFNg	3152	SIRT7	0.207047324533048
IFNg	3153	BTBD9	0.206955151007507
IFNg	3154	UBQLN1	0.206864880212816
IFNg	3155	FDX1	0.206672122215512
IFNg	3156	TRAF6	0.206506671963019
IFNg	3157	PMM2	0.206251550251726
IFNg	3158	PEX3	0.206186720888087
IFNg	3159	SZRD1	0.206121075210845
IFNg	3160	FBXO46	0.206081771338009
IFNg	3161	RTRAF	0.20606838424855
IFNg	3162	IL7	0.205682145913225
IFNg	3163	SCFD2	0.205672041783076
IFNg	3164	CLN5	0.205611420609502
IFNg	3165	BTN2A1	0.205543029572974
IFNg	3166	PSMD12	0.205369382020298
IFNg	3167	SLBP	0.205341157044517
IFNg	3168	NUP205	0.205295518745761
IFNg	3169	BCL2	0.204899580535248
IFNg	3170	MIRLET7IHG	0.204885998449318
IFNg	3171	NRDC	0.204812183823896
IFNg	3172	ETV3	0.204679807596317
IFNg	3173	ENSG00000255031	0.204638029513412
IFNg	3174	USP28	0.204553427292696
IFNg	3175	UBE2D3	0.20454129605887
IFNg	3176	ENSG00000281593	0.204511006149191
IFNg	3177	TRIP4	0.20445749468123
IFNg	3178	UBE3A	0.204440681020558
IFNg	3179	THOC7	0.204225365063268
IFNg	3180	PI4KA	0.204107060120158
IFNg	3181	DNAJC21	0.203987765432154
IFNg	3182	MIA3	0.203860139424438
IFNg	3183	TRAF3IP2-AS1	0.20376038223173
IFNg	3184	KANSL1L	0.203710706334707
IFNg	3185	SLIRP	0.203432215903318
IFNg	3186	SNAP47	0.203267260802058
IFNg	3187	PLEKHO1	0.203156587324483
IFNg	3188	ARCN1	0.203099083804735
IFNg	3189	CSNK1D	0.203038543422517
IFNg	3190	RAD23A	0.203021157806167
IFNg	3191	PLAGL1	0.203017919703404
IFNg	3192	ZNF654	0.202904336404212
IFNg	3193	ARPC4	0.20288524127405
IFNg	3194	DYRK1A	0.202832073367524
IFNg	3195	ATP6V1E1	0.202733227994241
IFNg	3196	MRPS36	0.202666987229998
IFNg	3197	PRPF39	0.202653384337289
IFNg	3198	KIF21A	0.202451714493378
IFNg	3199	CSNK1G1	0.202415675731698
IFNg	3200	S1PR5	0.202245893536209
IFNg	3201	UBA6	0.202204508757986
IFNg	3202	MTRR	0.202202057113867
IFNg	3203	DHX37	0.202158056275944
IFNg	3204	COPB1	0.202137191047469
IFNg	3205	SEM1	0.201972760239482
IFNg	3206	PHC3	0.201702864786167
IFNg	3207	FZR1	0.201636504496398
IFNg	3208	GALNS	0.201622583373281
IFNg	3209	CRACR2A	0.201470252892028
IFNg	3210	ZNF783	0.201386009701853
IFNg	3211	POLI	0.20136756216048
IFNg	3212	CBX4	0.200975939161485
IFNg	3213	LARP4B	0.200881455869379
IFNg	3214	BLOC1S6	0.200765453127058
IFNg	3215	DHX35	0.200704412121878
IFNg	3216	NUP62	0.20066044178193
IFNg	3217	OSTM1	0.200652453362904
IFNg	3218	SRSF6	0.200536683343051
IFNg	3219	STAG2	0.200458162993241
IFNg	3220	TAOK2	0.200311263567106
IFNg	3221	AATF	0.200297283017886
IFNg	3222	THUMPD3-AS1	0.200207734426872
IFNg	3223	GFM1	0.200154315079436
IFNg	3224	EIF3A	0.200116395754342
IFNg	3225	BTG2	0.200045040787936
IFNg	3226	OTUD5	0.199978446483173
IFNg	3227	FAM118A	0.199709445838173
IFNg	3228	UTP6	0.199371155317366
IFNg	3229	RAD17	0.199069588433579
IFNg	3230	MOB1B	0.199046565656242
IFNg	3231	OSBPL5	0.199033693509782
IFNg	3232	PPP1R21	0.198760454014615
IFNg	3233	FYTTD1	0.19872828560515
IFNg	3234	RBM39	0.198638502672658
IFNg	3235	RPAP3	0.198611142720203
IFNg	3236	NSUN2	0.198604061307154
IFNg	3237	DCTN4	0.198588226051314
IFNg	3238	TERF2IP	0.198519728090676
IFNg	3239	GPR171	0.198494413644767
IFNg	3240	FAM20B	0.198424840403056
IFNg	3241	HDGFL3	0.198125876561407
IFNg	3242	NCK2	0.19808471380842
IFNg	3243	OPA3	0.198050051048544
IFNg	3244	SEC31B	0.197860729416229
IFNg	3245	TJAP1	0.197765957697061
IFNg	3246	ZDHHC6	0.197754849955223
IFNg	3247	UBAP2	0.19757149050367
IFNg	3248	GNPDA1	0.197385411559441
IFNg	3249	MYL12B	0.197128123438176
IFNg	3250	TENT2	0.19686224529549
IFNg	3251	EMC10	0.196826735499231
IFNg	3252	MBD2	0.196563719925108
IFNg	3253	ACO2	0.196496885432101
IFNg	3254	BZW1	0.196412906022394
IFNg	3255	GGA3	0.196410544054373
IFNg	3256	ITGA1	0.196404160026632
IFNg	3257	MED26	0.196327920626058
IFNg	3258	DAG1	0.196295520556044
IFNg	3259	CCT8	0.196295110813121
IFNg	3260	PITPNB	0.196257136878762
IFNg	3261	VPS33A	0.196185885162467
IFNg	3262	MRPL1	0.195859112360829
IFNg	3263	INTS12	0.195748057162529
IFNg	3264	ENSG00000288684	0.195644688655658
IFNg	3265	BCL7B	0.195606910954315
IFNg	3266	HPCAL1	0.195487993458244
IFNg	3267	EXOSC9	0.195450417162699
IFNg	3268	ARMH3	0.195423056880369
IFNg	3269	CPSF4	0.195374529526153
IFNg	3270	TENT4B	0.195179173858789
IFNg	3271	TXLNGY	0.195158935774149
IFNg	3272	ABCC10	0.195157127683445
IFNg	3273	EIF3E	0.195145554258884
IFNg	3274	PPM1G	0.195128582723293
IFNg	3275	PTGES3	0.195016200362216
IFNg	3276	UGCG	0.194944636581659
IFNg	3277	RAB27A	0.19493698328487
IFNg	3278	CUL9	0.194911177486041
IFNg	3279	AMZ2	0.194777579750839
IFNg	3280	POMK	0.194743596711472
IFNg	3281	STRAP	0.194603633949341
IFNg	3282	PLEKHF2	0.194533477413004
IFNg	3283	ZNF800	0.194410116711775
IFNg	3284	IST1	0.194387318914098
IFNg	3285	NKAPD1	0.194370503832075
IFNg	3286	STX18	0.194354924478466
IFNg	3287	SPHK2	0.194331482635047
IFNg	3288	SMPD4BP	0.194288976538819
IFNg	3289	MFSD14B	0.194277733313171
IFNg	3290	USP14	0.194260939860734
IFNg	3291	HTRA4	0.194174407610894
IFNg	3292	ZRSR2	0.194171757408544
IFNg	3293	FAR1	0.194164264291507
IFNg	3294	MAD1L1	0.194138557212133
IFNg	3295	TRIM27	0.193902333073622
IFNg	3296	WDFY4	0.193839812707004
IFNg	3297	SMC1A	0.193761792142062
IFNg	3298	USP7	0.193627918268508
IFNg	3299	PIAS1	0.193592955502957
IFNg	3300	ACTR3	0.1935346242523
IFNg	3301	ZNF124	0.193525003189675
IFNg	3302	ZNF586	0.193405927131241
IFNg	3303	JPX	0.193366793532623
IFNg	3304	HDGF	0.193307020319948
IFNg	3305	RAB7A	0.193221096473992
IFNg	3306	ZC3H4	0.193217708387293
IFNg	3307	CHUK	0.193162313642066
IFNg	3308	REPIN1	0.193134725061331
IFNg	3309	RAB4B	0.193126289361916
IFNg	3310	RGP1	0.19305309540085
IFNg	3311	AAGAB	0.193032587569012
IFNg	3312	INTS6L	0.192978754670328
IFNg	3313	PRPF4	0.192919712662593
IFNg	3314	ACTR8	0.192769537560793
IFNg	3315	RRN3	0.192705230186951
IFNg	3316	TAF1D	0.192651374415883
IFNg	3317	BCAS2	0.192616325656536
IFNg	3318	PSD4	0.192570509901126
IFNg	3319	C9orf78	0.192549591531973
IFNg	3320	PM20D2	0.192274365122848
IFNg	3321	GYPC	0.192145092681813
IFNg	3322	MIEN1	0.191946631451969
IFNg	3323	TRIM62	0.19191995571802
IFNg	3324	MAN2B2	0.191860411988587
IFNg	3325	TM9SF2	0.191536489541882
IFNg	3326	HINFP	0.191482885647347
IFNg	3327	MED13L	0.191148520688296
IFNg	3328	LIN7C	0.191130569586424
IFNg	3329	GGPS1	0.191070484469834
IFNg	3330	DUSP2	0.19083574532977
IFNg	3331	LY86-AS1	0.19080295990514
IFNg	3332	LINC02018	0.190761284830178
IFNg	3333	CCAR2	0.190728659145482
IFNg	3334	GOLGA2	0.190708313632107
IFNg	3335	TBCE	0.190574814490396
IFNg	3336	ATP5F1A	0.190564354576729
IFNg	3337	CREB3	0.190553485406041
IFNg	3338	NUP153	0.190530458639235
IFNg	3339	CELF1	0.190467706185018
IFNg	3340	ZNF282	0.190456245637996
IFNg	3341	TRAK2	0.190432991089324
IFNg	3342	UBE2K	0.190076322399575
IFNg	3343	PFKL	0.189739977480347
IFNg	3344	MOB1A	0.189710353926789
IFNg	3345	ZBTB41	0.189694849511588
IFNg	3346	UBR4	0.189654361430075
IFNg	3347	GADD45GIP1	0.189634115353819
IFNg	3348	RB1	0.189372035944232
IFNg	3349	GSAP	0.189318839264725
IFNg	3350	POLR2A	0.189157839655546
IFNg	3351	PGS1	0.189062788333736
IFNg	3352	PDCD6IP	0.188968288353853
IFNg	3353	TIPRL	0.188898792113303
IFNg	3354	SH3GLB1	0.188724002644661
IFNg	3355	DMAC2L	0.188691533546179
IFNg	3356	LATS2	0.188625743186924
IFNg	3357	ZNF330	0.188492994408606
IFNg	3358	ARHGAP30	0.188473006479159
IFNg	3359	DNAJC1	0.188316533948787
IFNg	3360	DDX10	0.188296532497456
IFNg	3361	SART3	0.188296029851953
IFNg	3362	SYT11	0.188197629868705
IFNg	3363	PPP1R12C	0.188114176559603
IFNg	3364	HINT3	0.188050425214383
IFNg	3365	ZC3H7B	0.187997946880108
IFNg	3366	EIF3J	0.187923336298817
IFNg	3367	LEMD3	0.187815371746989
IFNg	3368	GNL1	0.187688977830796
IFNg	3369	ACTR6	0.187674652304551
IFNg	3370	BCLAF3	0.187439612166846
IFNg	3371	TRAF3	0.187428384212469
IFNg	3372	CCZ1B	0.187367768568891
IFNg	3373	RBM17	0.18734093020669
IFNg	3374	AFG3L2	0.187181042524176
IFNg	3375	TRMT44	0.187098052454178
IFNg	3376	STYX	0.187061390219215
IFNg	3377	CD53	0.187053793889533
IFNg	3378	SNAP23	0.186989114942497
IFNg	3379	USP22	0.186950834500658
IFNg	3380	GOLGA3	0.18675081545005
IFNg	3381	GLRX2	0.186598463459782
IFNg	3382	ETF1	0.186291561639385
IFNg	3383	SART1	0.186279082128598
IFNg	3384	GXYLT1	0.186110832269487
IFNg	3385	SLC38A10	0.186087744921599
IFNg	3386	FBXW2	0.186018727422368
IFNg	3387	EPB41L2	0.185884927937844
IFNg	3388	KCMF1	0.185845380260105
IFNg	3389	LRIF1	0.18584447731503
IFNg	3390	XAB2	0.185669436636238
IFNg	3391	PLAA	0.185668464537233
IFNg	3392	EVL	0.185654862590519
IFNg	3393	TRIM33	0.185632687526312
IFNg	3394	EFHC1	0.185536271415124
IFNg	3395	NSMCE4A	0.185513236508897
IFNg	3396	PDLIM5	0.185347063057138
IFNg	3397	SRRT	0.185248154897567
IFNg	3398	SARS1	0.185086275915666
IFNg	3399	CCDC88C	0.18505465510621
IFNg	3400	UPF3B	0.185029863878737
IFNg	3401	CCNK	0.184991281662673
IFNg	3402	XRN2	0.18494228088687
IFNg	3403	ZFC3H1	0.184912110743367
IFNg	3404	NEK1	0.184830984597159
IFNg	3405	LINC00106	0.184749462917833
IFNg	3406	UCP2	0.184477036154741
IFNg	3407	STK4	0.184470156046237
IFNg	3408	FAM13B	0.184170394871046
IFNg	3409	CWF19L1	0.184165045023802
IFNg	3410	HYCC2	0.184146317727903
IFNg	3411	ARFGAP1	0.183918581830333
IFNg	3412	PEX13	0.183899584814257
IFNg	3413	SFMBT1	0.183865324309023
IFNg	3414	SLC22A15	0.183821620095342
IFNg	3415	NUBPL	0.183793567568793
IFNg	3416	KIF5B	0.183785397537014
IFNg	3417	UBE2G2	0.183782670158288
IFNg	3418	ZCWPW1	0.183781277315204
IFNg	3419	SNRPD1	0.183773490023664
IFNg	3420	SCO1	0.183738797733717
IFNg	3421	TSC22D4	0.183628748301085
IFNg	3422	NADSYN1	0.18352524638071
IFNg	3423	DMTF1	0.183476635904199
IFNg	3424	SNHG22	0.183300220824799
IFNg	3425	TTPAL	0.183260087276007
IFNg	3426	SRSF1	0.183245088713396
IFNg	3427	SUCLG2	0.183166135376606
IFNg	3428	CDKN1B	0.182990913465666
IFNg	3429	ENSG00000249771	0.182923528421024
IFNg	3430	SDCBP	0.182815621782917
IFNg	3431	MANBAL	0.182815485428626
IFNg	3432	RBMS1	0.182741370915903
IFNg	3433	ENSG00000254777	0.182675940372187
IFNg	3434	UNC45A	0.182359001396459
IFNg	3435	METTL6	0.182289965742662
IFNg	3436	SIN3A	0.18227466808915
IFNg	3437	CISD1	0.182214593454098
IFNg	3438	CASP8	0.18216590128982
IFNg	3439	IRAK4	0.18215893197918
IFNg	3440	CCDC93	0.182122380272854
IFNg	3441	EZR	0.182090749389259
IFNg	3442	MKRN2	0.182082407004755
IFNg	3443	MTG1	0.182062894256295
IFNg	3444	H3-3A	0.181998138273595
IFNg	3445	EDC4	0.18194474278286
IFNg	3446	HNRNPR	0.181906760608083
IFNg	3447	SBF1	0.181641195260073
IFNg	3448	C17orf49	0.181602587776509
IFNg	3449	HNRNPAB	0.181532670398509
IFNg	3450	USP33	0.181445285562718
IFNg	3451	MED27	0.181438762814385
IFNg	3452	TVP23B	0.181340914478379
IFNg	3453	ZNF280C	0.181335934752506
IFNg	3454	FKRP	0.181086724859194
IFNg	3455	LARS2	0.181081198918021
IFNg	3456	MOB4	0.181024708250531
IFNg	3457	RPUSD4	0.180861133928262
IFNg	3458	ZNF410	0.180815413885919
IFNg	3459	CCT2	0.180802359133674
IFNg	3460	GDI1	0.180775103285508
IFNg	3461	VPS26C	0.18069278197507
IFNg	3462	AHCYL1	0.180637718140021
IFNg	3463	PUM3	0.180549402269554
IFNg	3464	YWHAG	0.180537491938751
IFNg	3465	YTHDF2	0.18029586320704
IFNg	3466	ISCU	0.180209218105851
IFNg	3467	WDR44	0.180178730470367
IFNg	3468	ZFYVE1	0.180164028052433
IFNg	3469	RING1	0.180120354084005
IFNg	3470	EXOC5	0.180101670182107
IFNg	3471	CLIC5	0.180097558511301
IFNg	3472	BTN2A2	0.179922671498011
IFNg	3473	MFAP3	0.17991778872209
IFNg	3474	POLH	0.179811627743468
IFNg	3475	PGK1	0.179770208135351
IFNg	3476	ATG2A	0.179769106625765
IFNg	3477	BLZF1	0.179748030468683
IFNg	3478	CASC3	0.179698925329575
IFNg	3479	WASF2	0.179695280311991
IFNg	3480	FGFR1OP2	0.179655316901962
IFNg	3481	XPO1	0.179531900094396
IFNg	3482	LPCAT1	0.17947910622381
IFNg	3483	SIPA1L1	0.17946636215769
IFNg	3484	DPP9	0.179436043461092
IFNg	3485	FKBP11	0.179423487839212
IFNg	3486	RBM8A	0.17939517235106
IFNg	3487	FAM91A1	0.179114253668595
IFNg	3488	G3BP1	0.179030784972954
IFNg	3489	PRKAB1	0.17898241777766
IFNg	3490	CNOT7	0.178900843721325
IFNg	3491	TSPYL2	0.178657837968899
IFNg	3492	ECH1	0.178568186059224
IFNg	3493	TRIM39	0.178424045219113
IFNg	3494	INPP5B	0.178408941291258
IFNg	3495	TRAPPC3	0.178199114599666
IFNg	3496	FBXO8	0.178091290057632
IFNg	3497	RNGTT	0.178055879178846
IFNg	3498	AIMP1	0.178023145929674
IFNg	3499	METAP1	0.1780017865552
IFNg	3500	RMND5B	0.177980093740213
IFNg	3501	RFT1	0.17792612708387
IFNg	3502	KIAA1586	0.177915180310933
IFNg	3503	RBM23	0.177852378732207
IFNg	3504	ATG10	0.177833696419162
IFNg	3505	ATG4A	0.177771439698405
IFNg	3506	OGA	0.177738384536984
IFNg	3507	PAIP1	0.177460049964431
IFNg	3508	NOTCH2	0.177359641536113
IFNg	3509	NOP58	0.177286148589333
IFNg	3510	RALA	0.177104153915023
IFNg	3511	PANK2	0.177027567370067
IFNg	3512	LRBA	0.176841105684153
IFNg	3513	NECAP1	0.176652843961348
IFNg	3514	ENOPH1	0.176611124844523
IFNg	3515	SH2B2	0.176583832207352
IFNg	3516	ABCC4	0.176528175386583
IFNg	3517	EFTUD2	0.176523048953358
IFNg	3518	CHD4	0.176495143514847
IFNg	3519	CLCN6	0.176090134537658
IFNg	3520	TANGO2	0.175916750647585
IFNg	3521	CWC25	0.175823260020332
IFNg	3522	VAPB	0.175730784109472
IFNg	3523	TMEM167B	0.175646150452423
IFNg	3524	MDH2	0.175623004235862
IFNg	3525	WDR89	0.175487994081873
IFNg	3526	MRRF	0.175434029729137
IFNg	3527	ENSG00000165121	0.175331393111635
IFNg	3528	COPS2	0.175252586834433
IFNg	3529	ILF3	0.175193891221517
IFNg	3530	MAN2A1	0.175155075796031
IFNg	3531	TSNARE1	0.175107124382927
IFNg	3532	ARPC1B	0.175099917941444
IFNg	3533	TRAM1	0.175026607893529
IFNg	3534	ARAP1	0.174786161684303
IFNg	3535	FUBP1	0.174783335537069
IFNg	3536	MCM8	0.174621308833045
IFNg	3537	BLM	0.174587208744353
IFNg	3538	ICE1	0.174419558510516
IFNg	3539	NSUN6	0.174343618788377
IFNg	3540	PSMC2	0.174310154436562
IFNg	3541	STARD3NL	0.174214862967727
IFNg	3542	HNRNPA3	0.174169483582827
IFNg	3543	PHTF1	0.173871631895692
IFNg	3544	N4BP2L2	0.173825763048648
IFNg	3545	PSMD10	0.173822194156374
IFNg	3546	SSBP1	0.173690409767934
IFNg	3547	PDPK1	0.173669127771149
IFNg	3548	EIF4A3	0.173543286712972
IFNg	3549	OSGEP	0.173475992666675
IFNg	3550	MTIF3	0.173368675243111
IFNg	3551	UBE2N	0.173336634110866
IFNg	3552	SNX14	0.173294343613237
IFNg	3553	GALNT11	0.173107210930158
IFNg	3554	SUMO1	0.172864607313432
IFNg	3555	UBE2I	0.172704026457124
IFNg	3556	SNRPB2	0.172478243264364
IFNg	3557	GALK2	0.172465417810517
IFNg	3558	CCNC	0.172326054731008
IFNg	3559	PHACTR4	0.172005201847388
IFNg	3560	NDUFA12	0.171884078381088
IFNg	3561	SKIC3	0.171879140959409
IFNg	3562	CHKB	0.171705624182205
IFNg	3563	TRAPPC8	0.171669265674932
IFNg	3564	SRSF7	0.17166894790085
IFNg	3565	BCOR	0.171567892197913
IFNg	3566	PRR13	0.17140394546397
IFNg	3567	RTF1	0.171295012871434
IFNg	3568	RNF34	0.171276314335653
IFNg	3569	TYK2	0.17110801687691
IFNg	3570	TMEM242	0.171096073566403
IFNg	3571	DNAJC3	0.171042107239015
IFNg	3572	MAPRE1	0.170750657102613
IFNg	3573	TMEM164	0.1706988903785
IFNg	3574	ADCY7	0.170475080115935
IFNg	3575	SLC6A6	0.170460532867471
IFNg	3576	ANKRD27	0.170410357704729
IFNg	3577	NARF	0.170392347380366
IFNg	3578	VPS41	0.170391234967437
IFNg	3579	GIMAP5	0.170363533934202
IFNg	3580	SAFB	0.170229545742565
IFNg	3581	RAD51B	0.170170323628812
IFNg	3582	ASB7	0.169993732570297
IFNg	3583	SLC66A3	0.169918548869592
IFNg	3584	SRCAP	0.169905856013105
IFNg	3585	CHD1	0.169892227290368
IFNg	3586	FNTA	0.169881857219533
IFNg	3587	USO1	0.169876242626783
IFNg	3588	ENGASE	0.169836098693034
IFNg	3589	THUMPD1	0.169799973578902
IFNg	3590	PPP1CC	0.169781579258446
IFNg	3591	ENTPD1	0.169635268501329
IFNg	3592	SEC23A	0.169594013573713
IFNg	3593	ZDHHC5	0.169564115008072
IFNg	3594	SETDB1	0.169213425562442
IFNg	3595	R3HDM4	0.169197495246709
IFNg	3596	VTI1A	0.169094300008886
IFNg	3597	RLF	0.16891231992873
IFNg	3598	MAT2B	0.168907114362653
IFNg	3599	ATAD1	0.168605789234182
IFNg	3600	USP10	0.168329639868618
IFNg	3601	URI1	0.168115461673042
IFNg	3602	SPAG7	0.168078562567374
IFNg	3603	TSTD2	0.167858278666875
IFNg	3604	USP38	0.167740642682449
IFNg	3605	CHD8	0.167635745932687
IFNg	3606	SNRNP200	0.167615822466919
IFNg	3607	U2AF2	0.16760138111287
IFNg	3608	IREB2	0.167547997541763
IFNg	3609	TATDN2	0.167490283205051
IFNg	3610	PRPF40A	0.167401071496134
IFNg	3611	WWC3	0.167325048901994
IFNg	3612	SLC25A12	0.167321460132531
IFNg	3613	ENOX2	0.167238218500065
IFNg	3614	ZNF841	0.167167743449701
IFNg	3615	NUP160	0.167130619636773
IFNg	3616	CCDC82	0.167089813275801
IFNg	3617	LCOR	0.16702647538241
IFNg	3618	RAB35	0.16699802784952
IFNg	3619	ERGIC3	0.16697169657235
IFNg	3620	EIF2B5	0.166927788910955
IFNg	3621	GSE1	0.166580771142161
IFNg	3622	RBBP4	0.166573724831849
IFNg	3623	STAG3L4-1	0.166562434949403
IFNg	3624	ETNK1	0.166495538746147
IFNg	3625	DDX1	0.166460541945504
IFNg	3626	MLLT1	0.166364107749293
IFNg	3627	GOLT1B	0.166292811915731
IFNg	3628	ADSL	0.166291184018242
IFNg	3629	TMEM272	0.166200851214686
IFNg	3630	TRIP12	0.166183094179197
IFNg	3631	FLII	0.166029414538151
IFNg	3632	YY1AP1	0.166021782867154
IFNg	3633	PI4KB	0.165998860657742
IFNg	3634	RELT	0.165902303665554
IFNg	3635	TGIF1	0.165761755799218
IFNg	3636	ESR2	0.165503995745271
IFNg	3637	RAB33B	0.165491223499195
IFNg	3638	MRFAP1L1	0.165440511939888
IFNg	3639	C8orf44-SGK3	0.165420864695017
IFNg	3640	SH2B1	0.165333526776034
IFNg	3641	MFSD14CP-1	0.165265224094607
IFNg	3642	CLCC1	0.165176597298378
IFNg	3643	SAMSN1	0.165167619423837
IFNg	3644	DCP1A	0.165051253947408
IFNg	3645	BLVRB	0.164973757441135
IFNg	3646	FRMD8	0.164926759900811
IFNg	3647	PLRG1	0.164907011464293
IFNg	3648	NFATC2IP	0.164800505988893
IFNg	3649	ECT2	0.164799324898796
IFNg	3650	BRD9	0.164621980692906
IFNg	3651	MAN1A1	0.164589617681972
IFNg	3652	COX15	0.164521641815027
IFNg	3653	REXO4	0.164512264657779
IFNg	3654	NR3C1	0.164338131688965
IFNg	3655	LARP7	0.164316084642811
IFNg	3656	MATR3	0.164312144630952
IFNg	3657	VILL	0.164130870591459
IFNg	3658	RPF1	0.163863762645578
IFNg	3659	GIGYF1	0.163848143109822
IFNg	3660	B3GAT3	0.163720399885447
IFNg	3661	RBMX2	0.163691253165544
IFNg	3662	PANK3	0.163521446681449
IFNg	3663	PRKCD	0.163352910112494
IFNg	3664	PIP5K1A	0.163228778880919
IFNg	3665	PAM	0.163181097378845
IFNg	3666	PLAUR	0.162710469426867
IFNg	3667	SAP30BP	0.162669790158995
IFNg	3668	ELAVL1	0.162630387209568
IFNg	3669	CHORDC1	0.162447701834122
IFNg	3670	WASHC5	0.162381551674145
IFNg	3671	RPTOR	0.162378351895586
IFNg	3672	CAPZA2	0.162303926021676
IFNg	3673	KIF13B	0.162220618522702
IFNg	3674	PRPF6	0.162112673384938
IFNg	3675	ATP6V1C1	0.161996253605213
IFNg	3676	STAM2	0.161983464341504
IFNg	3677	RIF1	0.161924405505596
IFNg	3678	TCEANC2	0.161897632591125
IFNg	3679	EIF5B	0.161854323534654
IFNg	3680	OSBPL9	0.161834086915674
IFNg	3681	ITPK1	0.161817505454961
IFNg	3682	PRKAG2	0.161709607183551
IFNg	3683	NUP93	0.161633816646621
IFNg	3684	OARD1	0.161511152426744
IFNg	3685	ASCC2	0.161446698446166
IFNg	3686	RUBCN	0.161363177430946
IFNg	3687	DIAPH2	0.161274522925885
IFNg	3688	LINC00954	0.161238316897682
IFNg	3689	DCTN6	0.161200521723909
IFNg	3690	IL10RB	0.161178076641077
IFNg	3691	MAP3K11	0.161103053035384
IFNg	3692	SDAD1	0.160911718756479
IFNg	3693	NUP54	0.160857722886305
IFNg	3694	CTDP1	0.160774879533264
IFNg	3695	TGS1	0.16061798975531
IFNg	3696	PABIR2	0.160448850775324
IFNg	3697	PDLIM1	0.160431173006173
IFNg	3698	ERMARD	0.160380094465855
IFNg	3699	RPA1	0.160266572419387
IFNg	3700	DHX36	0.160057106475321
IFNg	3701	SLC35A3	0.159983748637894
IFNg	3702	SND1	0.159942011615212
IFNg	3703	GNPAT	0.15982069652278
IFNg	3704	SDE2	0.159779141660812
IFNg	3705	COG5	0.159706207818314
IFNg	3706	SAP130	0.159703849114623
IFNg	3707	UIMC1	0.159669894763237
IFNg	3708	TSC22D1	0.159476244829568
IFNg	3709	SLC38A1	0.159462164894464
IFNg	3710	HNRNPC	0.159443165448848
IFNg	3711	KLRC4	0.159429815666834
IFNg	3712	DHX15	0.159278450314476
IFNg	3713	SRSF4	0.159257758548368
IFNg	3714	GTF3C5	0.159160807577174
IFNg	3715	TAF5L	0.15910277883797
IFNg	3716	PPP4R3A	0.158995057168645
IFNg	3717	VMP1	0.158941021738075
IFNg	3718	SPRY3	0.158808082727855
IFNg	3719	ZC3H15	0.158572618335791
IFNg	3720	NCOA3	0.158496205284959
IFNg	3721	IKBKE	0.158466891537329
IFNg	3722	MAGOHB	0.158466573845021
IFNg	3723	EIF4H	0.158407889727385
IFNg	3724	PDCD6	0.158315511097385
IFNg	3725	ACIN1	0.158290127315416
IFNg	3726	AGPS	0.158051862008012
IFNg	3727	NCBP1	0.158008413041259
IFNg	3728	SMG1P5	0.15781360394218
IFNg	3729	EIF4G2	0.157809742682199
IFNg	3730	GTF2A1	0.157722156027138
IFNg	3731	RWDD3	0.157658590263489
IFNg	3732	TRMU	0.157568556792472
IFNg	3733	ZC3H7A	0.157550788208842
IFNg	3734	CCDC47	0.157413217935806
IFNg	3735	AKNA	0.15731307213119
IFNg	3736	FBXO3	0.157255802856487
IFNg	3737	MTM1	0.157164599779914
IFNg	3738	BCL2L2	0.15709409969664
IFNg	3739	PPP1R15B	0.157036847084533
IFNg	3740	RBBP7	0.156804848868407
IFNg	3741	CD247	0.156666404673549
IFNg	3742	SETD2	0.156620121663561
IFNg	3743	RSRC2	0.156585460496571
IFNg	3744	WDR6	0.156572338719795
IFNg	3745	LNX2	0.156443259161186
IFNg	3746	RTN4	0.156193665736428
IFNg	3747	BAZ2A	0.155973749908903
IFNg	3748	PITRM1	0.155790584026774
IFNg	3749	MRPL44	0.155730395432302
IFNg	3750	NFYC	0.155652150643584
IFNg	3751	EIF1AD	0.155651142587888
IFNg	3752	KIAA0513	0.154646462452281
IFNg	3753	ZFX	0.154484331832972
IFNg	3754	RARS2	0.154383086309799
IFNg	3755	YARS1	0.154259372589397
IFNg	3756	STIM1	0.153898422323519
IFNg	3757	HNRNPD	0.15385915777674
IFNg	3758	PXDNL	0.153705111874447
IFNg	3759	ODF2	0.153496193664637
IFNg	3760	GRK5	0.153457602230163
IFNg	3761	DDX52	0.153441747822501
IFNg	3762	BTBD10	0.153364927631707
IFNg	3763	RBM18	0.153274626226019
IFNg	3764	ACAA1	0.153250375179354
IFNg	3765	GIPC2	0.153233697575338
IFNg	3766	MED13	0.152838994133238
IFNg	3767	RAB11FIP2	0.152812907096366
IFNg	3768	PABPC1L	0.152806011812794
IFNg	3769	LINC00944	0.152732316681006
IFNg	3770	ZRANB3	0.152606867557194
IFNg	3771	MALAT1	0.152479336563946
IFNg	3772	OSBPL2	0.15241969081757
IFNg	3773	FLT3LG	0.152387025457535
IFNg	3774	SHOC2	0.152264485103303
IFNg	3775	MAFIP	0.152221179802296
IFNg	3776	KIAA1191	0.152048437590095
IFNg	3777	MARCHF5	0.151957551606478
IFNg	3778	DYNC1LI2	0.151815716831849
IFNg	3779	CDK5RAP3	0.151784784914974
IFNg	3780	RNF111	0.151675654038817
IFNg	3781	DVL3	0.151663544449906
IFNg	3782	SERGEF	0.151642721050475
IFNg	3783	C1D	0.151515822865014
IFNg	3784	ZNF384	0.150934512413755
IFNg	3785	HNRNPA1	0.150867258972389
IFNg	3786	DNAJA2	0.150735444040483
IFNg	3787	TAX1BP1	0.150692876381893
IFNg	3788	ANAPC10	0.15067188289838
IFNg	3789	CEP295	0.150663965744669
IFNg	3790	SMC3	0.150651786365109
IFNg	3791	TNS3	0.150622309265736
IFNg	3792	CDYL	0.15035149382451
IFNg	3793	TSGA10	0.150347333469315
IFNg	3794	LATS1	0.150220940639016
IFNg	3795	UVSSA	0.150152507232038
IFNg	3796	PSMC4	0.15007551723541
IFNg	3797	MZT1	0.149999726583802
IFNg	3798	FBRSL1	0.149781135264984
IFNg	3799	HCFC2	0.149706501964286
IFNg	3800	SCYL2	0.149627546327312
IFNg	3801	ENSG00000287292	0.149452064022655
IFNg	3802	PLEKHM2	0.14910703258498
IFNg	3803	MAN1B1	0.148984691104835
IFNg	3804	GAK	0.148981776125795
IFNg	3805	TSPAN5	0.148962705009756
IFNg	3806	CYTH1	0.148937430708385
IFNg	3807	SZT2	0.148869014513244
IFNg	3808	COX16	0.148719012312564
IFNg	3809	AP1G1	0.148599389119828
IFNg	3810	CHMP3	0.148321116360054
IFNg	3811	JMJD1C	0.148311084453528
IFNg	3812	ELL	0.148271066768563
IFNg	3813	PHKB	0.148259390337122
IFNg	3814	MRPL45P2	0.148068553887164
IFNg	3815	EPC2	0.147973623957435
IFNg	3816	NCOA2	0.14784992118814
IFNg	3817	SRP14-DT	0.147731011645764
IFNg	3818	TMEM248	0.147722389249078
IFNg	3819	GHRLOS	0.147653916289686
IFNg	3820	KCTD18	0.147653531230489
IFNg	3821	SPG11	0.147534076720948
IFNg	3822	COPS8	0.147493225245825
IFNg	3823	SON	0.147437730291645
IFNg	3824	MECP2	0.147401701893917
IFNg	3825	ZDHHC17	0.147399689665753
IFNg	3826	SMARCA5	0.147360800549873
IFNg	3827	HYOU1	0.146997979910574
IFNg	3828	STK26	0.146981284535615
IFNg	3829	TBC1D2B	0.146940620264024
IFNg	3830	SAP30L-AS1	0.146848733915425
IFNg	3831	THAP1	0.146727004170051
IFNg	3832	DYNC1H1	0.146387492482727
IFNg	3833	UBR1	0.146013665720649
IFNg	3834	GTF3C3	0.145999920232228
IFNg	3835	ORC2	0.145959003269192
IFNg	3836	RNF167	0.145895560998447
IFNg	3837	MRPL22	0.145760865198507
IFNg	3838	ACSS1	0.145758234590996
IFNg	3839	AKAP17A	0.145709551975248
IFNg	3840	GNL3L	0.145684373745341
IFNg	3841	UBE2G1	0.145398321473148
IFNg	3842	UPRT	0.145352974743961
IFNg	3843	AFF1	0.145345119728404
IFNg	3844	IWS1	0.145241964429428
IFNg	3845	LZTR1	0.145221393111519
IFNg	3846	TASOR2	0.145215047996684
IFNg	3847	RNF14	0.144909912577307
IFNg	3848	GDI2	0.144673470957693
IFNg	3849	PAK4	0.144646994549449
IFNg	3850	MAPKAP1	0.144600839099343
IFNg	3851	RNF38	0.144577995212906
IFNg	3852	TRAF1	0.144564153956131
IFNg	3853	SCFD1	0.144562581923211
IFNg	3854	RALY	0.144513479937964
IFNg	3855	CHFR	0.144432149726853
IFNg	3856	SLC30A7	0.144410629153573
IFNg	3857	DGCR2	0.144311509377475
IFNg	3858	SF3B2	0.14429059985552
IFNg	3859	GATAD2A	0.144226321092496
IFNg	3860	CAPZB	0.1439949097672
IFNg	3861	ATG5	0.143965170712667
IFNg	3862	TBC1D22A	0.143942338926104
IFNg	3863	ZNF701	0.14390703439536
IFNg	3864	UPF2	0.143901035234597
IFNg	3865	KATNIP	0.14381996598761
IFNg	3866	SGF29	0.143744114450459
IFNg	3867	DTX2	0.143418503904541
IFNg	3868	HTATSF1	0.143152311044741
IFNg	3869	RARS1	0.142971409325634
IFNg	3870	SGPP1	0.142939593913991
IFNg	3871	QRICH1	0.142753002249037
IFNg	3872	TTC14	0.1424461903974
IFNg	3873	FRS2	0.142375998627004
IFNg	3874	AOPEP	0.142270800051107
IFNg	3875	DAZAP2	0.142245028263039
IFNg	3876	USP16	0.142186906330283
IFNg	3877	LUZP1	0.142035143114565
IFNg	3878	PPP2R2D	0.141470807505801
IFNg	3879	CSNK1G3	0.141031830108551
IFNg	3880	ENSG00000230021	0.141010198154741
IFNg	3881	TAF1	0.140815022933615
IFNg	3882	EIF3H	0.140801223802832
IFNg	3883	MIATNB	0.14079263589457
IFNg	3884	SPAG9	0.140649198557562
IFNg	3885	HERPUD1	0.140577276424558
IFNg	3886	UTP18	0.140473619963995
IFNg	3887	NAP1L4	0.1402571783592
IFNg	3888	SETDB2	0.140139765931644
IFNg	3889	CCDC174	0.139921393082402
IFNg	3890	MCM3AP	0.139721841845635
IFNg	3891	PATL2	0.139457107163949
IFNg	3892	ZNF28	0.139436479784039
IFNg	3893	EIF3B	0.139339063573873
IFNg	3894	FAM53B	0.139175758963833
IFNg	3895	FBXL12	0.139015788523442
IFNg	3896	ASXL1	0.138560093840287
IFNg	3897	TBPL1	0.138393395331331
IFNg	3898	DPM1	0.138371480201875
IFNg	3899	COX7A2L	0.138164947750966
IFNg	3900	LPAR1	0.138046373513718
IFNg	3901	PHF8	0.137985545297202
IFNg	3902	KAT7	0.137870794889295
IFNg	3903	RABEP2	0.137866502401536
IFNg	3904	NUDT16	0.137598690262183
IFNg	3905	ZNF148	0.137425686136423
IFNg	3906	ARHGAP12	0.137164417418027
IFNg	3907	RNF4	0.13701301670114
IFNg	3908	HDAC3	0.136859912683644
IFNg	3909	CRAMP1	0.136844045751209
IFNg	3910	CHCHD3	0.136708215680492
IFNg	3911	NUP88	0.136637668756211
IFNg	3912	RDX	0.136558589392671
IFNg	3913	KPNA4	0.136345892228795
IFNg	3914	PIP4K2A	0.136159271110208
IFNg	3915	MSH6	0.13602253382066
IFNg	3916	ENSG00000236449	0.136022439129524
IFNg	3917	EGLN3	0.135742573544952
IFNg	3918	HSPB11	0.13569381491149
IFNg	3919	PPCS	0.135626271663034
IFNg	3920	PRCC	0.135504237489777
IFNg	3921	TMEM179B	0.135500587747537
IFNg	3922	NDUFS4	0.135317262118282
IFNg	3923	CYTIP	0.135242689279169
IFNg	3924	MIOS	0.135127434657168
IFNg	3925	USP39	0.134745498851792
IFNg	3926	PRKAA1	0.134686577752883
IFNg	3927	UQCC1	0.134619414285599
IFNg	3928	MED4	0.134538832681783
IFNg	3929	C3AR1	0.134430513510749
IFNg	3930	CHURC1	0.134397605634982
IFNg	3931	PPM1A	0.134376471487418
IFNg	3932	MRPS6	0.134147123327809
IFNg	3933	TNFAIP8	0.13361752582181
IFNg	3934	GGNBP2	0.133582117251129
IFNg	3935	NUFIP2	0.133522830654903
IFNg	3936	SAMD8	0.133366159583897
IFNg	3937	ARMC8	0.133258367643603
IFNg	3938	ZSCAN26	0.133133213157342
IFNg	3939	GCC2	0.13305288693746
IFNg	3940	WDR1	0.132921167884317
IFNg	3941	PAPOLG	0.132909230262712
IFNg	3942	CCDC59	0.132678533567563
IFNg	3943	MED24	0.132398446027904
IFNg	3944	TM2D3	0.132306364027812
IFNg	3945	ENSG00000285827	0.13219047340227
IFNg	3946	RSPRY1	0.132173878275929
IFNg	3947	BRD7	0.131829701277571
IFNg	3948	GPR132	0.131761776355969
IFNg	3949	SLC38A7	0.131658850201445
IFNg	3950	GPR89A	0.131651683091163
IFNg	3951	ASH2L	0.131502274587981
IFNg	3952	ARID4B	0.13138057523269
IFNg	3953	BSDC1	0.131252705286587
IFNg	3954	GPR107	0.131201524199869
IFNg	3955	ELOC	0.131083018785362
IFNg	3956	BLTP2	0.130921608176141
IFNg	3957	PTPRA	0.130918542313562
IFNg	3958	CAPN3	0.130914157064804
IFNg	3959	BRD4	0.130847353292122
IFNg	3960	TMEM69	0.130768233007148
IFNg	3961	SS18	0.130706460160018
IFNg	3962	KIF1B	0.130656900323132
IFNg	3963	TUBB6	0.130651773150542
IFNg	3964	TMEM161B	0.130617698327205
IFNg	3965	MAP3K14	0.13020215072087
IFNg	3966	ATPAF1	0.130144317634683
IFNg	3967	MAP2K4	0.129912421197335
IFNg	3968	RAF1	0.129830684009362
IFNg	3969	ENTPD4	0.129683032839083
IFNg	3970	HNRNPK	0.129657674162805
IFNg	3971	DR1	0.129569817283349
IFNg	3972	RBM10	0.129521677759848
IFNg	3973	EP400	0.129492357771742
IFNg	3974	ESF1	0.129290718472003
IFNg	3975	OGFOD3	0.129273534844791
IFNg	3976	ZNF160	0.129245764274522
IFNg	3977	RAPGEF6	0.129206311214019
IFNg	3978	MFSD6	0.129189717485321
IFNg	3979	ZNF407	0.129144511368693
IFNg	3980	CASP5	0.129101756027881
IFNg	3981	SLC18B1	0.129051823601401
IFNg	3982	PRDM4	0.128952228883955
IFNg	3983	ENSG00000267047	0.128692154676419
IFNg	3984	ENSG00000241489	0.128623325711965
IFNg	3985	FHIP2B	0.128460964307953
IFNg	3986	BUB3	0.128379726945928
IFNg	3987	KRBOX4	0.128142901901907
IFNg	3988	AFG3L1P	0.128129037156329
IFNg	3989	WIPF2	0.127727484046473
IFNg	3990	ERCC3	0.127477511742696
IFNg	3991	HLA-DRB1	0.127441554595864
IFNg	3992	NME8	0.127361689350301
IFNg	3993	GMDS-DT	0.12726972460211
IFNg	3994	SNRNP70	0.12692219584493
IFNg	3995	L2HGDH	0.126880610568644
IFNg	3996	MINDY3	0.126818335499373
IFNg	3997	GP6-AS1	0.126799693287949
IFNg	3998	PHRF1	0.126692035052173
IFNg	3999	TIAL1	0.126564516923709
IFNg	4000	TARDBP	0.126505631428423
IFNg	4001	SMG7	0.126393765910013
IFNg	4002	ETS1	0.126379748303291
IFNg	4003	HNRNPU	0.126358479071928
IFNg	4004	RBAK-RBAKDN	0.126297134404947
IFNg	4005	POLR2B	0.126247889410559
IFNg	4006	FMNL1	0.126213232158472
IFNg	4007	SIDT1	0.126210330448617
IFNg	4008	RNF146	0.126199120967052
IFNg	4009	ARAF	0.126197491039645
IFNg	4010	HIKESHI	0.126171822482793
IFNg	4011	PRRC2C	0.126109826674255
IFNg	4012	EPS15	0.125630952713166
IFNg	4013	CLIC4	0.125351513269067
IFNg	4014	SAFB2	0.12509087428003
IFNg	4015	CTBP1	0.125036755143412
IFNg	4016	YWHAZ	0.124954931631848
IFNg	4017	SEC14L1	0.12467187725933
IFNg	4018	RBBP6	0.124564171865222
IFNg	4019	KSR1	0.124369615253056
IFNg	4020	VPS16	0.124240847187653
IFNg	4021	ITGA9	0.124109560087521
IFNg	4022	DRG1	0.124063630105106
IFNg	4023	CDK11B	0.123846047941134
IFNg	4024	ERGIC1	0.123747075248701
IFNg	4025	NR2C2	0.123464730263358
IFNg	4026	ZFAND3	0.123083710709756
IFNg	4027	ZNF767P-1	0.122878879303429
IFNg	4028	MAN1C1	0.122867300688651
IFNg	4029	PHF6	0.122820240868867
IFNg	4030	ZNF43	0.122684002076132
IFNg	4031	FIP1L1	0.12265517016255
IFNg	4032	ELP2	0.12265253852505
IFNg	4033	NDOR1	0.122633693062876
IFNg	4034	KIDINS220	0.122559415178632
IFNg	4035	NEDD4L	0.122496083012356
IFNg	4036	TRMT2B	0.122123831754319
IFNg	4037	PHYKPL	0.122087358922001
IFNg	4038	USP9X	0.121983512523858
IFNg	4039	SEC11A	0.121846577787049
IFNg	4040	PPHLN1	0.121573875544573
IFNg	4041	HERC4	0.121431896879284
IFNg	4042	ASF1A	0.121333065282091
IFNg	4043	PLXNB2	0.121320686254966
IFNg	4044	SETD4	0.121307409824551
IFNg	4045	DHX16	0.121214520632581
IFNg	4046	SMU1	0.121205915394168
IFNg	4047	PPIB	0.121184758906511
IFNg	4048	SUCLG1	0.121115952233591
IFNg	4049	ZNF678	0.121096316290655
IFNg	4050	PAK1	0.121065467347069
IFNg	4051	ITPR1	0.121031949843879
IFNg	4052	CENATAC	0.120972917985481
IFNg	4053	DNAJB14	0.120839639638256
IFNg	4054	TMEM50A	0.120730262429185
IFNg	4055	UBOX5	0.120345760293312
IFNg	4056	FKBP5	0.120261782750567
IFNg	4057	PPP2R5E	0.120222120312695
IFNg	4058	BAZ1B	0.12001230108581
IFNg	4059	PECR	0.119983368580482
IFNg	4060	RGS10	0.119932110489572
IFNg	4061	BDP1	0.11968077715941
IFNg	4062	UBE3C	0.119673080370068
IFNg	4063	VDAC2	0.119650891478733
IFNg	4064	HTT	0.11945835404673
IFNg	4065	KDM5C	0.119217967655026
IFNg	4066	DESI2	0.119115755105335
IFNg	4067	GNB1	0.119103122224647
IFNg	4068	GOLGA5	0.119089636672558
IFNg	4069	RAB28	0.11906076696426
IFNg	4070	SLTM	0.119047420040362
IFNg	4071	FANCC	0.118914028047236
IFNg	4072	MICU1	0.118537543954258
IFNg	4073	PTAFR	0.118444663564554
IFNg	4074	TFIP11	0.118003758352056
IFNg	4075	NEU3	0.117906159526721
IFNg	4076	GIGYF2	0.117865680440863
IFNg	4077	CCDC91	0.117361819125195
IFNg	4078	SULF2	0.117311597023924
IFNg	4079	TFEB	0.117274467559137
IFNg	4080	PPP4R3B	0.117210668243338
IFNg	4081	CDK7	0.117157833632982
IFNg	4082	ENSG00000282804	0.117103050450813
IFNg	4083	CCNT2	0.116927270597012
IFNg	4084	RPS6KB1	0.116917715792475
IFNg	4085	RXRB	0.116874834632347
IFNg	4086	THOC2	0.116823377103764
IFNg	4087	ATP2A2	0.11674567368942
IFNg	4088	TRNT1	0.116693314303722
IFNg	4089	ZDHHC24	0.116582477307551
IFNg	4090	ARIH2	0.115476675588312
IFNg	4091	SGK3	0.115202751856704
IFNg	4092	CNOT1	0.114673418495191
IFNg	4093	QTRT2	0.114654500369573
IFNg	4094	UNKL	0.11461903159653
IFNg	4095	ELAC2	0.11433352043075
IFNg	4096	VIRMA	0.114228783224104
IFNg	4097	PPP2R1A	0.11415640779712
IFNg	4098	DNMT1	0.11368995343454
IFNg	4099	AVEN	0.113605884739677
IFNg	4100	CD2	0.113527344479529
IFNg	4101	PDLIM7	0.113471496043907
IFNg	4102	CUL3	0.113404209430547
IFNg	4103	CREBZF	0.113280987489433
IFNg	4104	BCL9L	0.113097134619195
IFNg	4105	CLASP1	0.113071205780739
IFNg	4106	ZNF644	0.113066361554495
IFNg	4107	RAB3GAP2	0.112971796630125
IFNg	4108	CARD19	0.112898776318934
IFNg	4109	CAND1	0.112836851142678
IFNg	4110	PARP6	0.112359863495956
IFNg	4111	SLC25A13	0.11225848605432
IFNg	4112	AP1AR	0.112193319215811
IFNg	4113	AP3D1	0.112181666481259
IFNg	4114	ALG11	0.112169081069008
IFNg	4115	XPC	0.111449076398291
IFNg	4116	PTPRJ	0.111342831465929
IFNg	4117	CERS5	0.111217638185741
IFNg	4118	PAG1	0.111040713925644
IFNg	4119	RNPC3	0.110886915470836
IFNg	4120	HNRNPA2B1	0.110758882224218
IFNg	4121	ENSG00000291107	0.110658505155195
IFNg	4122	DOCK8	0.110649998379036
IFNg	4123	RC3H2	0.110631759973284
IFNg	4124	NSRP1	0.110419672090284
IFNg	4125	UBE2J2	0.110267817645874
IFNg	4126	ARID1B	0.110163922710497
IFNg	4127	PDS5B	0.110074110674151
IFNg	4128	AP3S1	0.109994171497574
IFNg	4129	HMGN3	0.109888301708989
IFNg	4130	RNF121	0.109728776298084
IFNg	4131	ENSG00000254859	0.109075378680127
IFNg	4132	SRSF10	0.109038544742189
IFNg	4133	RBBP5	0.108825464737145
IFNg	4134	ATP6V1G1	0.108623964580229
IFNg	4135	RICTOR	0.108493486701854
IFNg	4136	SLC35B4	0.108487577169612
IFNg	4137	CHIC2	0.108408986046177
IFNg	4138	ACSF3	0.108247425486238
IFNg	4139	ENSG00000227240	0.108177388660577
IFNg	4140	HGS	0.107885558961068
IFNg	4141	INO80	0.107857478529226
IFNg	4142	COG2	0.107828081070843
IFNg	4143	FBXW11	0.107793616883431
IFNg	4144	AGFG1	0.107789251798029
IFNg	4145	BLTP1	0.107493014262966
IFNg	4146	AFF4	0.107258560180744
IFNg	4147	TBCK	0.107225761399854
IFNg	4148	ANKRD42-DT	0.107094768247028
IFNg	4149	YTHDC1	0.10697964610079
IFNg	4150	ARFIP1	0.106888452394751
IFNg	4151	PTPRC	0.106887751455677
IFNg	4152	CNOT4	0.106775888983047
IFNg	4153	SCAF8	0.106735942073572
IFNg	4154	POLR3E	0.106661437436967
IFNg	4155	GBF1	0.106641493484054
IFNg	4156	FUS	0.106566832422762
IFNg	4157	USP4	0.106282896580625
IFNg	4158	RBM33	0.106262822081232
IFNg	4159	DDX59	0.106240341908461
IFNg	4160	CYP20A1	0.105710743684407
IFNg	4161	SREK1	0.105683380606318
IFNg	4162	MYO1E	0.105542427897394
IFNg	4163	KIF2A	0.10553109532934
IFNg	4164	MARK2	0.10528013660391
IFNg	4165	DERA	0.105266072393211
IFNg	4166	ZRANB1	0.105255294852953
IFNg	4167	GMIP	0.105098311211435
IFNg	4168	SUPT6H	0.105082363225775
IFNg	4169	TGIF2	0.104996525137417
IFNg	4170	POLG	0.104754363672263
IFNg	4171	FAM114A1	0.104683235823767
IFNg	4172	SLC7A7	0.104611787081407
IFNg	4173	GDPD1	0.104069967840388
IFNg	4174	HIVEP2	0.104031611106034
IFNg	4175	TPR	0.104016452667038
IFNg	4176	AKAP8L	0.103992689499438
IFNg	4177	ORC4	0.103866856215877
IFNg	4178	ZC3H18	0.103705471414011
IFNg	4179	PLCG2	0.103649193051328
IFNg	4180	WWP2	0.103586758863262
IFNg	4181	SUCO	0.103581788712643
IFNg	4182	TMCC3	0.103522816450819
IFNg	4183	MED28	0.103496747031987
IFNg	4184	DHX8	0.103273514563277
IFNg	4185	PSEN1	0.103255435503957
IFNg	4186	SLC16A3	0.102779493177384
IFNg	4187	CNBP	0.102660089364148
IFNg	4188	ANGEL2	0.10249639478748
IFNg	4189	C10orf88	0.102175002721181
IFNg	4190	NXPE3	0.101960116539764
IFNg	4191	SMAD4	0.101957702195555
IFNg	4192	VRK1	0.101694048646075
IFNg	4193	TMED5	0.101635919679137
IFNg	4194	DENR	0.101574568874321
IFNg	4195	RAB21	0.100930632258311
IFNg	4196	DCAF5	0.100536012859366
IFNg	4197	RABGAP1	0.100330335983627
IFNg	4198	DOCK10	0.100143824198326
IFNg	4199	PRDM15	0.099932774207393
IFNg	4200	NUDCD3	0.099897150463185
IFNg	4201	RPH3AL	0.0998391478626648
IFNg	4202	SLC25A20	0.0995689529611321
IFNg	4203	ATAD2B	0.0995612704265149
IFNg	4204	NIPAL3	0.0995552414693224
IFNg	4205	FDFT1	0.099171808796908
IFNg	4206	VPS53	0.0991125699922339
IFNg	4207	NDUFS1	0.099001653126257
IFNg	4208	NOL8	0.0989095890860221
IFNg	4209	SACM1L	0.0989093691592001
IFNg	4210	MIGA1	0.0988819459400263
IFNg	4211	THRAP3	0.0987205939200545
IFNg	4212	KDM4A	0.0986805352626551
IFNg	4213	UGP2	0.0986576204875274
IFNg	4214	ORMDL1	0.0986128438527506
IFNg	4215	GPATCH2	0.0985778421335812
IFNg	4216	TM9SF4	0.0985046830519534
IFNg	4217	TRAPPC11	0.0983155445797992
IFNg	4218	MEMO1	0.0978301222312014
IFNg	4219	LCP2	0.0977676891330535
IFNg	4220	XNDC1N	0.097343759297222
IFNg	4221	TMEM183A	0.0973336428020119
IFNg	4222	PIK3C3	0.0973093222540652
IFNg	4223	NFAM1	0.0969794114483811
IFNg	4224	ANKRD52	0.0965180822747519
IFNg	4225	CDKAL1	0.0961961292201627
IFNg	4226	TMEM87A	0.0961562797660055
IFNg	4227	CUTALP	0.096148913534224
IFNg	4228	INO80D	0.0961373673730085
IFNg	4229	BID	0.0961271670131998
IFNg	4230	SUDS3	0.0958422901137223
IFNg	4231	LINC01422	0.0958023466555514
IFNg	4232	STAT4	0.0955017741005158
IFNg	4233	KDM5A	0.095357574124801
IFNg	4234	MYADM	0.0953286050888245
IFNg	4235	RASSF5	0.0951698690799415
IFNg	4236	QDPR	0.094967203688685
IFNg	4237	APOO	0.0949361033055905
IFNg	4238	PRPF4B	0.0948487792824227
IFNg	4239	RNASEH2B	0.0947672653204256
IFNg	4240	ZNF740	0.0946723782718312
IFNg	4241	TOR1AIP1	0.0944515367621913
IFNg	4242	ACAP2	0.0943123838116217
IFNg	4243	OPA1	0.0942664965196058
IFNg	4244	MAGT1	0.0934722139049235
IFNg	4245	ITGA5	0.0933804135714457
IFNg	4246	SCAF4	0.0931347078985097
IFNg	4247	LPGAT1	0.0926178788711897
IFNg	4248	CDK5RAP2	0.0925324500744965
IFNg	4249	ABCB1	0.0923995493253979
IFNg	4250	GCN1	0.0919826116437803
IFNg	4251	LEMD2	0.0919085935392099
IFNg	4252	RANBP2	0.091860703122836
IFNg	4253	KLHL5	0.0918541124984709
IFNg	4254	OBI1	0.0917886406545901
IFNg	4255	PUM1	0.0917361552747414
IFNg	4256	PSPC1	0.0916953163427647
IFNg	4257	NKD1	0.0916184842482614
IFNg	4258	DHX9	0.0914805195583527
IFNg	4259	SECISBP2L	0.0913071425409249
IFNg	4260	DPY19L3	0.0913024598528986
IFNg	4261	INPP4A	0.0910876602853141
IFNg	4262	RNF220	0.0910361428652516
IFNg	4263	NSFL1C	0.090788986140043
IFNg	4264	KDM4C	0.0907610993929075
IFNg	4265	EIF4A2	0.0903903115557534
IFNg	4266	ZC3H12D	0.0900993232580053
IFNg	4267	PPP2CA	0.0900136591669981
IFNg	4268	FAF2	0.0899181237558566
IFNg	4269	ZBTB49	0.0898412698516004
IFNg	4270	PA2G4	0.089742884214816
IFNg	4271	TLK2	0.0894887411341088
IFNg	4272	UTP25	0.0894255046329158
IFNg	4273	CLK1	0.0892260798066404
IFNg	4274	GOSR2	0.088845319745184
IFNg	4275	STRN3	0.0888200247557385
IFNg	4276	RBM6	0.0887336317983497
IFNg	4277	TASOR	0.0886257765620684
IFNg	4278	CNTRL	0.0885655710363804
IFNg	4279	UNK	0.0883826895782122
IFNg	4280	HLA-DQA1	0.0882931282787425
IFNg	4281	EIF3D	0.0882395748519732
IFNg	4282	OSBPL1A	0.0882200151924981
IFNg	4283	USP8	0.0881120802081288
IFNg	4284	RAB2A	0.0880441832362322
IFNg	4285	DGUOK	0.0879790686952842
IFNg	4286	CERS6	0.0879240992975859
IFNg	4287	SQSTM1	0.0875592825439313
IFNg	4288	TOX4	0.087535959599231
IFNg	4289	STX5	0.0873582581631668
IFNg	4290	VPS4B	0.0872594520480131
IFNg	4291	NCK1	0.0871788494924632
IFNg	4292	IP6K2	0.0870794573838684
IFNg	4293	MARCHF6	0.0867486174817483
IFNg	4294	PDCD5	0.0867465285719425
IFNg	4295	TNPO3	0.0866051582813268
IFNg	4296	TM9SF3	0.0865122985210998
IFNg	4297	BRWD1	0.086419662155702
IFNg	4298	ANKRD17	0.0861754727612371
IFNg	4299	CAPS2	0.0861471664357913
IFNg	4300	AGTRAP	0.0859879725981903
IFNg	4301	HERC3	0.0856417187059351
IFNg	4302	MAF	0.0856319276684197
IFNg	4303	ENSG00000249456	0.0851884746084001
IFNg	4304	EML3	0.0851052340649774
IFNg	4305	DOCK7	0.0849974165673158
IFNg	4306	CSNK1A1	0.0840874970076317
IFNg	4307	TRMT11	0.0840350775501642
IFNg	4308	TTL	0.0831804418028564
IFNg	4309	NDEL1	0.0829707627011574
IFNg	4310	ENSG00000260517	0.0827486360288852
IFNg	4311	PEX26	0.0826599817001838
IFNg	4312	BATF	0.082506625758785
IFNg	4313	SREBF2	0.0823165639418535
IFNg	4314	ESR1	0.0820923263904755
IFNg	4315	SF1	0.081742541456804
IFNg	4316	FAM133B	0.0814783908141988
IFNg	4317	RAB18	0.0813898734148773
IFNg	4318	WAC	0.0813684527898409
IFNg	4319	SUPT4H1	0.0802173314929246
IFNg	4320	CDC16	0.0796086633399414
IFNg	4321	SLMAP	0.0791606557789842
IFNg	4322	SCAF11	0.0790697478715392
IFNg	4323	CANX	0.0788897160789552
IFNg	4324	MAST3	0.0788734221634181
IFNg	4325	CCDC50	0.0786594456018285
IFNg	4326	CAMTA1	0.0785021518256086
IFNg	4327	TXNL1	0.0781226395990786
IFNg	4328	WDR33	0.0779735553805108
IFNg	4329	ENSG00000243176	0.0777432196725578
IFNg	4330	GALNT7	0.0777213402104494
IFNg	4331	AQR	0.077511859589417
IFNg	4332	DDX39B	0.0774053518180713
IFNg	4333	STT3B	0.0772863483835993
IFNg	4334	EHMT1	0.0771991483335285
IFNg	4335	NFATC2	0.0771460579660072
IFNg	4336	YEATS4	0.0770934821693313
IFNg	4337	R3HCC1L	0.0766237646681918
IFNg	4338	RELCH	0.0761246489681163
IFNg	4339	SLC39A11	0.076068816031585
IFNg	4340	FYB1	0.0759497083940691
IFNg	4341	FRYL	0.0758511935327177
IFNg	4342	ADGRE1	0.0755200012175851
IFNg	4343	FBXW4	0.0755013539063822
IFNg	4344	ROCK2	0.0754991377872541
IFNg	4345	ZNF143	0.0752877986932781
IFNg	4346	API5	0.0752802201952071
IFNg	4347	PIK3R6	0.0749774278388613
IFNg	4348	ENSG00000286277	0.0747961693339441
IFNg	4349	BCKDHA	0.0745929847500711
IFNg	4350	ERGIC2	0.0743361747521033
IFNg	4351	RNF10	0.0741956141525545
IFNg	4352	ATF2	0.0741360141383773
IFNg	4353	BAK1	0.0741295618726577
IFNg	4354	GPR174	0.0738623280612869
IFNg	4355	ATP5F1E	0.0737748504705563
IFNg	4356	RBM5	0.0736647752622944
IFNg	4357	TSEN15	0.073634510549665
IFNg	4358	ERICH1	0.0736258693035318
IFNg	4359	CASP8AP2	0.0735673659121756
IFNg	4360	MDM4	0.0735291217017117
IFNg	4361	LYST	0.0734953557492249
IFNg	4362	PUM2	0.0734375023002692
IFNg	4363	BIRC6	0.0733903359165205
IFNg	4364	FOXJ3	0.0733189480608762
IFNg	4365	EIF4E2	0.0728649350266258
IFNg	4366	CLN6	0.0725991948213148
IFNg	4367	WTAP	0.0725610077200581
IFNg	4368	UBAP1	0.0724211859876177
IFNg	4369	HAVCR2	0.0724100650332504
IFNg	4370	ATXN10	0.072170095852201
IFNg	4371	PPP6R3	0.0714382855308015
IFNg	4372	ANKRD11	0.0705617690182659
IFNg	4373	CCSER1	0.0700537714320889
IFNg	4374	MTF1	0.06967101306686
IFNg	4375	YTHDF3	0.0696698637869592
IFNg	4376	RSBN1L	0.0696560821013543
IFNg	4377	CTSC	0.0695684929721647
IFNg	4378	YWHAE	0.0689210007631821
IFNg	4379	COA1	0.0689023444639766
IFNg	4380	TIGAR	0.0688140834948148
IFNg	4381	TMEM131L	0.0686694362092313
IFNg	4382	DDX17	0.0684271034964649
IFNg	4383	VEZT	0.0682307123844743
IFNg	4384	COP1	0.0680639641540686
IFNg	4385	MEF2B	0.0669958571785724
IFNg	4386	ANTXR2	0.0667009680034019
IFNg	4387	USP34	0.0660450348170957
IFNg	4388	DPH1	0.0659420300068907
IFNg	4389	SPNS1	0.0654253802283804
IFNg	4390	PSME4	0.0651419027953691
IFNg	4391	PPTC7	0.0651094381183731
IFNg	4392	TNRC6A	0.0649629406940186
IFNg	4393	KDM2A	0.0646113115805084
IFNg	4394	AKAP13	0.0644496867607401
IFNg	4395	ANKRD44	0.0644347337868533
IFNg	4396	ARFGEF1	0.0641187917204186
IFNg	4397	SLC2A3	0.0639384111091174
IFNg	4398	HEATR5A	0.0637496350168615
IFNg	4399	TMOD3	0.0637397156266798
IFNg	4400	PPP5C	0.0636241702384113
IFNg	4401	GOLPH3	0.0635839164509455
IFNg	4402	PASK	0.0632257702828824
IFNg	4403	HSPA5	0.0632076566734549
IFNg	4404	WDR7	0.0630751374323899
IFNg	4405	DCAF11	0.0628916219066101
IFNg	4406	OSBP	0.062334038221588
IFNg	4407	ZNF347	0.0620410670840211
IFNg	4408	ENSG00000284685	0.0613482281572722
IFNg	4409	HS6ST1	0.0611736638812052
IFNg	4410	SLC44A2	0.0610524870341978
IFNg	4411	BCL2L1	0.0608955458296475
IFNg	4412	TRIM4	0.0607604891741173
IFNg	4413	GON4L	0.0605460368546759
IFNg	4414	TAF4B	0.060381722915165
IFNg	4415	VPS13B	0.0596527451530882
IFNg	4416	HELLS	0.0594299606426127
IFNg	4417	RBM27	0.0591503636505096
IFNg	4418	FANCI	0.0591103586211542
IFNg	4419	TRIM36	0.0590768541219603
IFNg	4420	RSF1	0.0584070358238275
IFNg	4421	LINC01814	0.0582045702159302
IFNg	4422	KCNN4	0.0574043632720281
IFNg	4423	CCND2	0.057330386812862
IFNg	4424	FAM13A-AS1	0.057291241576697
IFNg	4425	DNPH1	0.0570060843525483
IFNg	4426	CCDC122	0.0566804028231031
IFNg	4427	PCGF3	0.0566661521015383
IFNg	4428	ENSG00000203546	0.0565708761736153
IFNg	4429	RRM2B	0.0561616919374427
IFNg	4430	SLC25A33	0.055462997725637
IFNg	4431	FOXN3	0.0551157164192468
IFNg	4432	ANKRD10	0.0544822105220861
IFNg	4433	TRIM2	0.0540465199780769
IFNg	4434	NDUFV2	0.0538747662871382
IFNg	4435	GNAI2	0.0534329706538941
IFNg	4436	PSKH1	0.0533896737693227
IFNg	4437	CFDP1	0.052935785209915
IFNg	4438	SETD5	0.0524866534760316
IFNg	4439	GEN1	0.052323665886949
IFNg	4440	CPSF6	0.0522898554469004
IFNg	4441	ANKRD12	0.0522344620528186
IFNg	4442	KLHL18	0.0520085456264919
IFNg	4443	ELOVL1	0.0518755184270992
IFNg	4444	CAPRIN1	0.0517788925874476
IFNg	4445	GGT7	0.0516739960107963
IFNg	4446	UBE2E1	0.051307731121092
IFNg	4447	HDGFL2	0.0512348274507412
IFNg	4448	ABCE1	0.0510053002016
IFNg	4449	PCCB	0.0508272732597279
IFNg	4450	LINC01550	0.0504285347733498
IFNg	4451	DPP8	0.0503932529557787
IFNg	4452	MSN	0.0502287060972693
IFNg	4453	MAGI3	0.0501323822002526
IFNg	4454	RBPJ	0.049430746337444
IFNg	4455	SENP1	0.049297394369436
IFNg	4456	SAMHD1	0.0488551725751955
IFNg	4457	PHLPP2	0.0484711334051481
IFNg	4458	NPAT	0.0482477330547991
IFNg	4459	SLC16A1-AS1	0.0481864436411027
IFNg	4460	ACTR10	0.047613430505555
IFNg	4461	MALT1	0.0475913122877834
IFNg	4462	PSMD3	0.0472857782484264
IFNg	4463	ATRX	0.0469682991361519
IFNg	4464	PLEKHG3	0.0460146087685473
IFNg	4465	AKAP7	0.045986918620094
IFNg	4466	CCND3	0.0459330997313293
IFNg	4467	CTIF	0.0458016644802866
IFNg	4468	GPHN	0.045772135580602
IFNg	4469	RAB11FIP3	0.0457107331232122
IFNg	4470	RPS2	0.0454296666093463
IFNg	4471	CD40	0.0452072869838069
IFNg	4472	DGKH	0.0441449801379562
IFNg	4473	SKAP2	0.0441042342014738
IFNg	4474	IFFO2	0.0440586757845756
IFNg	4475	SNX25	0.0440102351308842
IFNg	4476	PIKFYVE	0.0439432442717191
IFNg	4477	PKN2	0.0437382843689984
IFNg	4478	PRKCQ	0.0437154460638424
IFNg	4479	ST6GAL1	0.0436406183144052
IFNg	4480	ABRACL	0.0435042964174103
IFNg	4481	USP46	0.0432896814474236
IFNg	4482	SEL1L	0.0432834496281906
IFNg	4483	BACH1	0.0429728848884081
IFNg	4484	ABCA1	0.0429289798212495
IFNg	4485	EHD1	0.0423507392664546
IFNg	4486	EPB41L5	0.0421830693580561
IFNg	4487	AGBL3	0.0419062830123988
IFNg	4488	SERINC1	0.0413608787459002
IFNg	4489	DARS1	0.0411469795106661
IFNg	4490	IGSF9B	0.0400222579902219
IFNg	4491	FOXK1	0.0397236999372214
IFNg	4492	CYRIA	0.0393424763749936
IFNg	4493	FTX	0.0392602878671363
IFNg	4494	TNIP1	0.0382581672594471
IFNg	4495	CAMK4	0.0380358532999495
IFNg	4496	PPP2CB	0.0376292487794797
IFNg	4497	CD151	0.0375370371830001
IFNg	4498	SLA2	0.0373629366106337
IFNg	4499	ADAM7-AS1	0.0370194477906362
IFNg	4500	KLF8	0.0366773570966813
IFNg	4501	TRIM35	0.0365561578055811
IFNg	4502	TXNIP	0.0363353587756827
IFNg	4503	SMARCA2	0.0357630333841717
IFNg	4504	UBR5	0.0351289796642389
IFNg	4505	ABHD18	0.0349374400153904
IFNg	4506	IFNAR1	0.0346222130443743
IFNg	4507	CHST11	0.0344973555669967
IFNg	4508	CCDC32	0.033227216057482
IFNg	4509	ADD2	0.0332221109486461
IFNg	4510	TMEM63A	0.0319101471271081
IFNg	4511	ELMO1	0.0312041575397656
IFNg	4512	CSF3R	0.0311700160725844
IFNg	4513	CISH	0.0309530870571833
IFNg	4514	MAP4K3	0.0303328808401448
IFNg	4515	UHRF2	0.0301818117372071
IFNg	4516	KIF16B	0.0300584375041398
IFNg	4517	IL6R	0.0298185359120908
IFNg	4518	RIPOR2	0.029463310729932
IFNg	4519	DSE	0.0289048831318155
IFNg	4520	GALNT10	0.0278721019301324
IFNg	4521	MEF2A	0.0268196016019631
IFNg	4522	GRAP2	0.0267689940249825
IFNg	4523	AZI2	0.0266646487234232
IFNg	4524	PKD2	0.026192526433047
IFNg	4525	MTA3	0.026134280967397
IFNg	4526	SLC43A2	0.0258486215745434
IFNg	4527	DNM1L	0.0254585631214992
IFNg	4528	MAX	0.0245964431504896
IFNg	4529	GABPB1	0.0240905117624241
IFNg	4530	JARID2	0.0237718548855173
IFNg	4531	NR1D2	0.023668139503901
IFNg	4532	DUSP3	0.0235560063282022
IFNg	4533	MICOS10	0.0235519729214392
IFNg	4534	ENSG00000267787	0.0235229469746222
IFNg	4535	WBP4	0.0234901587398884
IFNg	4536	TAPT1	0.0233421841166313
IFNg	4537	CAPG	0.0230579425131055
IFNg	4538	CASK	0.0224499262257752
IFNg	4539	TTC39C	0.0223961462592012
IFNg	4540	SLC25A25	0.0221659799578247
IFNg	4541	PTK2	0.0218539080939604
IFNg	4542	ENSG00000235007	0.0217591742232337
IFNg	4543	IDI1	0.0213066903761715
IFNg	4544	TMED10	0.0212653592742016
IFNg	4545	STX6	0.0207383548762753
IFNg	4546	ENSG00000240963	0.0202196932940694
IFNg	4547	SLFN11	0.0199672143935282
IFNg	4548	MNDA	0.0197776886233458
IFNg	4549	HS1BP3	0.0197470854034907
IFNg	4550	GPR160	0.0196422722320769
IFNg	4551	KRAS	0.0191698960353284
IFNg	4552	ARHGAP1	0.0190124952330455
IFNg	4553	KCTD9	0.0189655467316454
IFNg	4554	SMARCD2	0.0188533547427581
IFNg	4555	SCAMP3	0.0187494476188501
IFNg	4556	PNPLA6	0.0186927089117627
IFNg	4557	IL10RA	0.0184234398340353
IFNg	4558	LRRC69	0.0181965362705811
IFNg	4559	ATP1B1	0.0170661046923461
IFNg	4560	SLX4	0.0165794010146088
IFNg	4561	SSBP3	0.0164580105006822
IFNg	4562	ANP32B	0.01580810790775
IFNg	4563	PICALM	0.0157516227354733
IFNg	4564	NPHP4	0.0156821663880847
IFNg	4565	CDC25B	0.0155669357859636
IFNg	4566	MIRLET7BHG	0.0148453231267044
IFNg	4567	SLC25A26	0.0142726828904216
IFNg	4568	TNIK	0.0141597376214204
IFNg	4569	KLC1	0.0134642404377626
IFNg	4570	STK40	0.0132857224367083
IFNg	4571	ALOX5AP	0.0121081014486384
IFNg	4572	CAP1	0.0108040562188375
IFNg	4573	KIF3B	0.0103003147400815
IFNg	4574	LEPR	0.0100654387706392
IFNg	4575	METTL25	0.00946993008079547
IFNg	4576	DAB1	0.00922262263013791
IFNg	4577	CMTM6	0.00849858747819614
IFNg	4578	TMEM38B	0.00800787871232756
IFNg	4579	CGGBP1	0.00741250852410876
IFNg	4580	FBXW7	0.00715046559022691
IFNg	4581	PRKAR1A	0.00636572634550945
IFNg	4582	PIAS2	0.00498687396844021
IFNg	4583	EFCAB14	0.00494332203281694
IFNg	4584	RRAGB	0.00486528266178515
IFNg	4585	KLHL2	0.00483508532529767
IFNg	4586	ARHGEF1	0.0044150377519634
IFNg	4587	ARHGEF7	0.00435778712554774
IFNg	4588	GTF2H3	0.00382282689600932
IFNg	4589	PARVG	0.00301017893735178
IFNg	4590	TBCA	0.00291743318346522
IFNg	4591	LMO7	0.00186301301785051
IFNg	4592	PTMA	0.0017536604969062
IFNg	4593	DIPK2A	0.00139285878832138
IFNg	4594	SIAH1	0.000789346997998402
IFNg	4595	RPS27L	8.28686999110229e-05
IFNg	4596	CTDSP2	-8.99226426781183e-05
IFNg	4597	CYBB	-0.000254851922026053
IFNg	4598	CLTC	-0.000561462229665528
IFNg	4599	USP49	-0.000615601224007648
IFNg	4600	EXOC6	-0.000691195157427776
IFNg	4601	NT5C2	-0.000916389900761932
IFNg	4602	PCMTD1	-0.00104021055925817
IFNg	4603	PIGB	-0.0017373116010148
IFNg	4604	RPL36AL	-0.00212714519499663
IFNg	4605	STX7	-0.00216245700870696
IFNg	4606	SH3BGRL	-0.00284887911068351
IFNg	4607	INTS6	-0.00295689048114518
IFNg	4608	TAF1B	-0.00342904696845406
IFNg	4609	ZBTB34	-0.00388504971330069
IFNg	4610	TRAT1	-0.00394396372247485
IFNg	4611	ZBTB7B	-0.00426373829366086
IFNg	4612	USP36	-0.00464707341993729
IFNg	4613	PALS1	-0.00466543898175167
IFNg	4614	ENSG00000284697	-0.00501050803514576
IFNg	4615	MARCHF1	-0.00539069712593804
IFNg	4616	TEX2	-0.00543586320183817
IFNg	4617	MBTPS2	-0.00578562440240379
IFNg	4618	DDI2	-0.00655899502107122
IFNg	4619	ENSG00000250349	-0.00669872488370339
IFNg	4620	AP3B1	-0.00723312810671214
IFNg	4621	FBXO11	-0.00764850640544477
IFNg	4622	DAP3	-0.00792967399837894
IFNg	4623	LMF1	-0.00809248386065132
IFNg	4624	MARS1	-0.00831345971569968
IFNg	4625	CHD7	-0.00845537394525821
IFNg	4626	FBL	-0.00864594196354159
IFNg	4627	B3GLCT	-0.00875891797511618
IFNg	4628	RPL18	-0.008904288908137
IFNg	4629	ACER3	-0.00898207736164357
IFNg	4630	ZNF710	-0.00901655885505913
IFNg	4631	RSRC1	-0.00916369378704698
IFNg	4632	MED12	-0.0094469857194341
IFNg	4633	VPS39	-0.00951020190898742
IFNg	4634	ATP1B3	-0.0101309068560304
IFNg	4635	AGAP2	-0.0104695116782856
IFNg	4636	PPAN	-0.0114079524520174
IFNg	4637	ACTR2	-0.0115931857703793
IFNg	4638	RPL10	-0.0118626624923636
IFNg	4639	CRYBG1	-0.0122281851836274
IFNg	4640	ABCA5	-0.0123303343435539
IFNg	4641	IQCE	-0.0127288447407662
IFNg	4642	RBM26	-0.0131074739927213
IFNg	4643	TBC1D32	-0.0141070413666364
IFNg	4644	MAP4K4	-0.0146351896969704
IFNg	4645	KDELR1	-0.0148107347323906
IFNg	4646	VDAC1	-0.0151937082315876
IFNg	4647	NEK7	-0.0157155681237782
IFNg	4648	SNX4	-0.0157837017584063
IFNg	4649	AK5	-0.0167125132218623
IFNg	4650	WDR43	-0.0169659784243988
IFNg	4651	ENSG00000257759	-0.0170334788003108
IFNg	4652	XRCC5	-0.0170994281395389
IFNg	4653	MFAP1	-0.0176888639719826
IFNg	4654	DGKA	-0.0179946144822627
IFNg	4655	ARL4C	-0.0180811968033139
IFNg	4656	ENSG00000269514	-0.0184899835251923
IFNg	4657	ENSG00000198106	-0.0186565566268318
IFNg	4658	TBC1D5	-0.0192449306754322
IFNg	4659	WAKMAR2	-0.019318578512061
IFNg	4660	SLC2A13	-0.0194803392167009
IFNg	4661	ENSG00000288674	-0.0197710680832036
IFNg	4662	TTC38	-0.0198737829365151
IFNg	4663	COPA	-0.020386816820469
IFNg	4664	CLCN3	-0.0207111878287278
IFNg	4665	LRRFIP2	-0.021464010052279
IFNg	4666	ENSG00000226640	-0.0216093669719762
IFNg	4667	MRPS25	-0.0219449738729225
IFNg	4668	CYFIP2	-0.0219727196120317
IFNg	4669	FBXL5	-0.0220269438358548
IFNg	4670	LINC01473	-0.022137595944214
IFNg	4671	KIAA1217	-0.02217379477596
IFNg	4672	ZNF467	-0.0221738625827561
IFNg	4673	RO60	-0.0227486016495448
IFNg	4674	CALCOCO1	-0.0229718618679563
IFNg	4675	ELL2	-0.0239033677239309
IFNg	4676	BRWD3	-0.0244726511673033
IFNg	4677	PPP6C	-0.0249915850254866
IFNg	4678	HEXA	-0.0250588586257099
IFNg	4679	GNAS	-0.0254297217224371
IFNg	4680	WDR55	-0.0260358912545577
IFNg	4681	ENSG00000290149	-0.0261058852984802
IFNg	4682	YBX3	-0.0268143256126342
IFNg	4683	FLOT1	-0.0269707415821725
IFNg	4684	PHF21A	-0.0272893364707815
IFNg	4685	RAB5C	-0.0274397187589947
IFNg	4686	MDFIC	-0.0280473212059061
IFNg	4687	TRBC2	-0.0280706580702305
IFNg	4688	SGK1	-0.0283141596955887
IFNg	4689	CDR2	-0.0285569357255755
IFNg	4690	CHD9	-0.0290663684963612
IFNg	4691	ANXA7	-0.0293099401345657
IFNg	4692	LINC02422	-0.0299165877935977
IFNg	4693	NEPRO-AS1	-0.0303669275401325
IFNg	4694	PSMD6-AS2	-0.0303969788050204
IFNg	4695	LRMDA	-0.0306379778410929
IFNg	4696	LAT2	-0.0307681892078165
IFNg	4697	ADGRG5	-0.0308552346615205
IFNg	4698	DTD1	-0.0311668667609762
IFNg	4699	LAT	-0.0316550355213749
IFNg	4700	SERBP1	-0.0318190291739117
IFNg	4701	SUMO3	-0.0318208624860636
IFNg	4702	UAP1	-0.0322598955370007
IFNg	4703	ENTPD6	-0.0327089560037636
IFNg	4704	DIP2B	-0.0329286601996949
IFNg	4705	CLIP4	-0.0331594438354302
IFNg	4706	PNKD	-0.0332743769441227
IFNg	4707	TGFB1	-0.0339563414147289
IFNg	4708	GATAD2B	-0.0342605662152508
IFNg	4709	RALGDS	-0.0348464034835731
IFNg	4710	POU2F1	-0.0351047615471311
IFNg	4711	ENSG00000291178	-0.0351579556248832
IFNg	4712	CMTM8	-0.0352201122374253
IFNg	4713	CORO1B	-0.0354296882178998
IFNg	4714	UTP4	-0.0355324335391527
IFNg	4715	ATP6V0A1	-0.0359373237166906
IFNg	4716	RAC1	-0.0360728330098275
IFNg	4717	PPP1R10	-0.0368681651061802
IFNg	4718	CDKL5	-0.0369969481883637
IFNg	4719	HECA	-0.037104032840568
IFNg	4720	COTL1	-0.0372400787160837
IFNg	4721	CARS2	-0.03729797743323
IFNg	4722	MLH3	-0.0374972452221359
IFNg	4723	MAP7D1	-0.0381899111409428
IFNg	4724	SUSD3	-0.0382354447838747
IFNg	4725	NCOA6	-0.0394268152795906
IFNg	4726	DCAF8	-0.0395069202484554
IFNg	4727	ENSG00000279838	-0.0399699600374522
IFNg	4728	STARD4	-0.0408085632552741
IFNg	4729	PCNX2	-0.0410340801089586
IFNg	4730	RHOXF1	-0.0426280237822958
IFNg	4731	LUC7L3	-0.0427951423376851
IFNg	4732	OMA1	-0.0428080289189115
IFNg	4733	KAT6A	-0.0430816064511377
IFNg	4734	ENSG00000291214	-0.0434244264646474
IFNg	4735	ANKMY2	-0.0447229179841704
IFNg	4736	PLD1	-0.0453518302175042
IFNg	4737	ARHGAP31	-0.0453550914310865
IFNg	4738	NPC2	-0.0457328309729875
IFNg	4739	SH2D2A	-0.045858713811892
IFNg	4740	SCLY	-0.0459522062785409
IFNg	4741	LINC00513	-0.0459593665460538
IFNg	4742	FAM3C	-0.0459681555320592
IFNg	4743	TRAPPC9	-0.0460555389445166
IFNg	4744	IMMP2L	-0.0461402766883952
IFNg	4745	DLEU2	-0.0462053036845336
IFNg	4746	TTC19	-0.0464919826666998
IFNg	4747	RYK	-0.0465257100392239
IFNg	4748	GNPTAB	-0.0473999497102543
IFNg	4749	TMEM127	-0.0474531951113725
IFNg	4750	ZYX	-0.0474786268627151
IFNg	4751	RUFY1	-0.0478612872530382
IFNg	4752	FCRL3	-0.0479702284012285
IFNg	4753	DNHD1	-0.0482183187796637
IFNg	4754	TNRC6B	-0.0482626619597457
IFNg	4755	UBE2O	-0.0482766966187386
IFNg	4756	DENND2D	-0.0483739991047513
IFNg	4757	ATG16L1	-0.0487142471102931
IFNg	4758	GMPS	-0.0488330123806665
IFNg	4759	TMA16	-0.0493116532787097
IFNg	4760	FAM76B	-0.049655859637725
IFNg	4761	SLC10A7	-0.0502785707121504
IFNg	4762	NFU1	-0.0504055902621226
IFNg	4763	TFRC	-0.0504202663726116
IFNg	4764	SATB1	-0.0506383030975933
IFNg	4765	C6orf89	-0.0512501293245374
IFNg	4766	DDOST	-0.0513054336604727
IFNg	4767	DGKG	-0.0520552329318663
IFNg	4768	ZFAND4	-0.0522347762043758
IFNg	4769	CD33	-0.052441905594035
IFNg	4770	MAPRE2	-0.0524999914390671
IFNg	4771	HELZ	-0.0530920637572388
IFNg	4772	LITAF	-0.0532292045091146
IFNg	4773	ZC3H13	-0.0533839802424211
IFNg	4774	PBRM1	-0.0534036175490135
IFNg	4775	PRRC2B	-0.0534206361347321
IFNg	4776	C9orf72	-0.0534373659124977
IFNg	4777	RAB1A	-0.0535441512197506
IFNg	4778	GRIK4	-0.053576500123745
IFNg	4779	TRIB1	-0.0538372131702381
IFNg	4780	CRTC1	-0.0541336190467793
IFNg	4781	CEACAM21	-0.0541904619384491
IFNg	4782	ATP11A	-0.0545042284587294
IFNg	4783	DYM	-0.0547802324017003
IFNg	4784	ZNRF2P2	-0.0550099039455975
IFNg	4785	CAPN2	-0.056067117710037
IFNg	4786	UBXN2B	-0.0564654271712717
IFNg	4787	ANKRD17-DT	-0.0565178342450913
IFNg	4788	ACOT13	-0.0566453081889668
IFNg	4789	R3HDM2	-0.0567496247821031
IFNg	4790	LINC00310	-0.0567630825088879
IFNg	4791	LRP10	-0.056967608893611
IFNg	4792	CELF2	-0.0575904381172664
IFNg	4793	MFSD12	-0.0579989973262145
IFNg	4794	ATP9B	-0.0580945513958181
IFNg	4795	CEP350	-0.0586604274852289
IFNg	4796	GVINP1	-0.0590529927665279
IFNg	4797	TUBD1	-0.0591580061244798
IFNg	4798	U2SURP	-0.0593356840750496
IFNg	4799	APAF1	-0.059515770209209
IFNg	4800	VPS13A	-0.0595355092108268
IFNg	4801	SRBD1	-0.0596112143211938
IFNg	4802	BMT2	-0.0597212968887082
IFNg	4803	FCGR3A	-0.059997974973352
IFNg	4804	MROH1	-0.060317125548246
IFNg	4805	UBTD2	-0.0603277867223557
IFNg	4806	UNC13B	-0.0607356741954215
IFNg	4807	TMC6	-0.062848099540983
IFNg	4808	PSAP	-0.0629014210039055
IFNg	4809	USP24	-0.063344549499408
IFNg	4810	ACBD6	-0.0635944170485776
IFNg	4811	CUL4A	-0.0637330464544597
IFNg	4812	PREP	-0.0639521543072338
IFNg	4813	RWDD1	-0.064420569486184
IFNg	4814	ENSG00000273398	-0.0651432980541435
IFNg	4815	ERAP1	-0.0652235319137928
IFNg	4816	ABCC1	-0.0654855141341793
IFNg	4817	NCKAP1L	-0.0660103577459021
IFNg	4818	ERO1B	-0.0662440037480394
IFNg	4819	TMCO1	-0.0663405381840267
IFNg	4820	ANKRD13C	-0.0664693386689299
IFNg	4821	SLC4A4	-0.0665323136985889
IFNg	4822	ZFAT	-0.0670614040753644
IFNg	4823	STK17A	-0.067433361209391
IFNg	4824	NKTR	-0.0674386444835973
IFNg	4825	AKAP11	-0.0676360740880814
IFNg	4826	LMAN1	-0.0679190018723771
IFNg	4827	ENSG00000289156	-0.0682051969079864
IFNg	4828	ENSG00000290890	-0.068554168327549
IFNg	4829	LIG1	-0.0685874581344534
IFNg	4830	EXT2	-0.0689809246213375
IFNg	4831	RNF13	-0.0690085450384192
IFNg	4832	AGPAT5	-0.0690398078909267
IFNg	4833	JOSD1	-0.0691193154920497
IFNg	4834	TAOK3	-0.0692711257454836
IFNg	4835	AFDN	-0.0697676877068211
IFNg	4836	CPOX	-0.0699947274547155
IFNg	4837	TNPO1	-0.0701040962122695
IFNg	4838	KMT2A	-0.0705138954754739
IFNg	4839	DTX4	-0.0714332118590137
IFNg	4840	B4GALT1	-0.0715278018154795
IFNg	4841	STK38L	-0.0720668733794445
IFNg	4842	PSMA1	-0.0721208212201075
IFNg	4843	MRPS9	-0.0725628980656647
IFNg	4844	LRPPRC	-0.072616802317674
IFNg	4845	MTCH2	-0.0726939129767499
IFNg	4846	EFHD2	-0.0728254513408961
IFNg	4847	MFSD11	-0.0730274897392252
IFNg	4848	SRP68	-0.0731857660746575
IFNg	4849	REEP5	-0.0732465968029729
IFNg	4850	GSTO1	-0.0733661836064441
IFNg	4851	STIM2	-0.0734143216358845
IFNg	4852	PTAR1	-0.0739271501999252
IFNg	4853	EIF3M	-0.0742844944790178
IFNg	4854	SPATA5	-0.0743020048264654
IFNg	4855	IQCB1	-0.0744101762354368
IFNg	4856	JPT2	-0.0753509801485791
IFNg	4857	GFOD1	-0.0754269904041961
IFNg	4858	DIDO1	-0.0758467524896425
IFNg	4859	SLC39A9	-0.0758673203752475
IFNg	4860	PLEKHG1	-0.0759711382864975
IFNg	4861	EML4	-0.0760077454081755
IFNg	4862	ZNF621	-0.0767730849542281
IFNg	4863	BACH2	-0.0768053162488259
IFNg	4864	TALAM1	-0.0768543728046227
IFNg	4865	HLCS	-0.0770984004104024
IFNg	4866	RAP1A	-0.078414111686246
IFNg	4867	ZNF816-ZNF321P	-0.078656934720907
IFNg	4868	INVS	-0.0788409772633907
IFNg	4869	ZRANB2	-0.0789336010231716
IFNg	4870	SYVN1	-0.0792248378196696
IFNg	4871	MED14	-0.0792739826291629
IFNg	4872	NAPG	-0.0793883151325332
IFNg	4873	ST3GAL1	-0.0794960892737876
IFNg	4874	PDE7A	-0.0796582250909114
IFNg	4875	PPM1B	-0.0797995505541495
IFNg	4876	ZDHHC3	-0.0798232001622997
IFNg	4877	RSL1D1-DT	-0.080184182744813
IFNg	4878	DDX42	-0.0807140684422332
IFNg	4879	XRCC4	-0.0810045462624398
IFNg	4880	CTR9	-0.0811096563445419
IFNg	4881	SP1	-0.0813099913687836
IFNg	4882	ARHGEF2	-0.0813492750391364
IFNg	4883	TMEM120A	-0.0813856575895048
IFNg	4884	TMEM156	-0.0821183066041035
IFNg	4885	RPS3A	-0.0823170075926155
IFNg	4886	GSTP1	-0.0828189521045129
IFNg	4887	CDK5RAP1	-0.0828279382516803
IFNg	4888	NEMF	-0.0829215102477484
IFNg	4889	EIF3F	-0.0829430615578274
IFNg	4890	VDR	-0.0832846883541039
IFNg	4891	NFATC1	-0.0833401404585458
IFNg	4892	KHDRBS1	-0.0838085052139822
IFNg	4893	DNTTIP2	-0.0839278245197624
IFNg	4894	MAPKAPK2	-0.0840277961331625
IFNg	4895	NUP85	-0.0841089543376845
IFNg	4896	MYO9A	-0.0842629366254354
IFNg	4897	HEATR3	-0.0843025182809037
IFNg	4898	SMAD6	-0.0845327572579879
IFNg	4899	PPP4R1	-0.084579254189364
IFNg	4900	PCMTD2	-0.0850968147804797
IFNg	4901	SNX29	-0.0857503203455603
IFNg	4902	THAP12	-0.0857637683912526
IFNg	4903	CPLANE1	-0.086307476765839
IFNg	4904	TTBK2	-0.0864233192353724
IFNg	4905	IRAK2	-0.0866039640307976
IFNg	4906	MAP4K3-DT	-0.0870143741557038
IFNg	4907	KNOP1	-0.087250032670849
IFNg	4908	SPIRE1	-0.0873462584040762
IFNg	4909	HSP90B1	-0.0873472436491815
IFNg	4910	ING5	-0.0873848744688802
IFNg	4911	PTPN11	-0.08746032093323
IFNg	4912	USP32	-0.087513643265023
IFNg	4913	COX4I1	-0.087527273147543
IFNg	4914	ACLY	-0.0875759856053289
IFNg	4915	SYMPK	-0.0876489741684349
IFNg	4916	MPP7	-0.0877269076916584
IFNg	4917	PRKDC	-0.0877726238077677
IFNg	4918	RABL6	-0.0882809015239488
IFNg	4919	VASP	-0.0884338831272047
IFNg	4920	IKZF2	-0.0887706925904065
IFNg	4921	EIF4A1	-0.0887795196758659
IFNg	4922	GATB	-0.0887816943148888
IFNg	4923	WDR48	-0.0890206642724543
IFNg	4924	CPSF2	-0.0890274422976869
IFNg	4925	IPO9	-0.0891665719373601
IFNg	4926	RAD21	-0.089287756136838
IFNg	4927	MBNL3	-0.0893238840044119
IFNg	4928	NOPCHAP1	-0.0894002630184261
IFNg	4929	TTI1	-0.0894722779892076
IFNg	4930	PVR	-0.0896056927926902
IFNg	4931	ITCH	-0.0896297881711913
IFNg	4932	WDR82	-0.0896758117800303
IFNg	4933	VRK3	-0.0900034186066449
IFNg	4934	NME6	-0.0902415125936882
IFNg	4935	ATF6B	-0.0906503074956596
IFNg	4936	RAB6A	-0.0907758308755531
IFNg	4937	ZMIZ2	-0.0908216489136711
IFNg	4938	ZC3H8	-0.0910376642019641
IFNg	4939	HIF1A-AS3	-0.0912251069737325
IFNg	4940	PMPCB	-0.0913419298999145
IFNg	4941	ACTN4	-0.0913527685332661
IFNg	4942	UQCRC2	-0.0918707320853781
IFNg	4943	GOLGA1	-0.0920836354612755
IFNg	4944	C1orf159	-0.0924154357482662
IFNg	4945	OSCAR	-0.0926363472432066
IFNg	4946	FMN1	-0.0928074254815614
IFNg	4947	TMEM33	-0.0939243409301545
IFNg	4948	GSPT1	-0.0939327681473998
IFNg	4949	DCTN1	-0.0940768801667032
IFNg	4950	GOLPH3L	-0.0943071616080483
IFNg	4951	CXXC5	-0.0945583996677293
IFNg	4952	SPCS3	-0.0949420397876044
IFNg	4953	C19orf25	-0.0949740102714713
IFNg	4954	TTC7A	-0.0951056858054823
IFNg	4955	UBE2D2	-0.0955299217882812
IFNg	4956	RHOQ	-0.0959543747832138
IFNg	4957	CHERP	-0.0959989229296709
IFNg	4958	INTS4	-0.0960374513393328
IFNg	4959	LINC02397	-0.0960506709991069
IFNg	4960	ZNF592	-0.0964250832495428
IFNg	4961	SHQ1	-0.0965876285632589
IFNg	4962	FBXW8	-0.0973326913637675
IFNg	4963	ZNF317	-0.0973562363437439
IFNg	4964	RPL31	-0.0978113388538224
IFNg	4965	FAM50A	-0.0978963577827144
IFNg	4966	CCDC14	-0.0980833165716421
IFNg	4967	PDXK	-0.0980851641757004
IFNg	4968	ZKSCAN8	-0.0981575499601552
IFNg	4969	TRIOBP	-0.0982572592536507
IFNg	4970	PPWD1	-0.0983574330738103
IFNg	4971	PTBP1	-0.0984546680463047
IFNg	4972	LCK	-0.0986147290205594
IFNg	4973	ITGB3BP	-0.0987003379808778
IFNg	4974	HNRNPUL1	-0.0987831603080529
IFNg	4975	SGMS1	-0.0989000256126256
IFNg	4976	APTX	-0.0989594032968805
IFNg	4977	RLIM	-0.098975575323072
IFNg	4978	CPSF7	-0.0989865106468675
IFNg	4979	TAF15	-0.0990127008080561
IFNg	4980	SEC31A	-0.100016082145962
IFNg	4981	UBE3B	-0.100076939783859
IFNg	4982	P2RY8	-0.100141403720212
IFNg	4983	UBTF	-0.100150439685512
IFNg	4984	FKTN	-0.10015982162141
IFNg	4985	CAPN7	-0.100263499502068
IFNg	4986	LCP1	-0.100322911565388
IFNg	4987	HIPK1	-0.100541204079553
IFNg	4988	LSM14A	-0.100619159493822
IFNg	4989	WARS2-AS1	-0.100770306908546
IFNg	4990	ANKHD1	-0.100779765742709
IFNg	4991	FAM172A	-0.100809274925115
IFNg	4992	SAMM50	-0.100975866858721
IFNg	4993	MIGA2	-0.101088858296198
IFNg	4994	ZNF92	-0.10116820914159
IFNg	4995	NDC1	-0.101254632424964
IFNg	4996	NDFIP1	-0.101952771901887
IFNg	4997	ICE2	-0.102036577002523
IFNg	4998	UBE2V2	-0.102108093156691
IFNg	4999	SKAP1	-0.102333567052834
IFNg	5000	ROCK1	-0.102485047273888
IFNg	5001	PGM1	-0.102595968781414
IFNg	5002	CNOT2	-0.10264491501537
IFNg	5003	KDM7A	-0.102827615748457
IFNg	5004	RAP1GAP2	-0.103347362679821
IFNg	5005	SLAIN2	-0.103616392909827
IFNg	5006	NUP188	-0.103669166076578
IFNg	5007	ANKAR	-0.103940720103858
IFNg	5008	NUTM2A-AS1	-0.104067381488458
IFNg	5009	CNST	-0.104236956868319
IFNg	5010	SYNE3	-0.104244981817888
IFNg	5011	SYNRG	-0.104281003126656
IFNg	5012	PDIK1L	-0.104335411425906
IFNg	5013	YLPM1	-0.104774497012041
IFNg	5014	TXK	-0.105220230730672
IFNg	5015	KMT2E	-0.105336473200331
IFNg	5016	SFSWAP	-0.105408386450472
IFNg	5017	APLF	-0.10570843906622
IFNg	5018	KDM4B	-0.105783416984683
IFNg	5019	WDR81	-0.106001227850201
IFNg	5020	DDX27	-0.106321291420956
IFNg	5021	SPOP	-0.106366476596641
IFNg	5022	GRPEL2	-0.106374746251668
IFNg	5023	HBS1L	-0.106428257706608
IFNg	5024	ENSG00000285245	-0.106470521450976
IFNg	5025	TRIP11	-0.106513283469263
IFNg	5026	ZFR	-0.106537622101894
IFNg	5027	SCAMP2	-0.106640753908546
IFNg	5028	RNF169	-0.106654890904244
IFNg	5029	VAMP7	-0.106823239088065
IFNg	5030	TIAM2	-0.106871529456676
IFNg	5031	TCF12	-0.107072703826996
IFNg	5032	RAE1	-0.107186946341638
IFNg	5033	ZNF736	-0.107261145780343
IFNg	5034	RASGRF2	-0.107343960170555
IFNg	5035	FUBP3	-0.107438911629155
IFNg	5036	BABAM1	-0.107587993804826
IFNg	5037	ARHGEF40	-0.107676822723392
IFNg	5038	HNRNPL	-0.107686891783926
IFNg	5039	ABHD17B	-0.1077555017534
IFNg	5040	PRPF18	-0.107868318696381
IFNg	5041	VGLL4	-0.107934543345744
IFNg	5042	ELMOD2	-0.108030877253275
IFNg	5043	CCDC18	-0.108036990074677
IFNg	5044	MCM9	-0.108119252620048
IFNg	5045	GPATCH2L	-0.108152642557018
IFNg	5046	HP1BP3	-0.108247436106405
IFNg	5047	SLC36A4	-0.108450028778436
IFNg	5048	APPBP2	-0.108595479693332
IFNg	5049	TOPBP1	-0.10868052668269
IFNg	5050	ENSG00000284707	-0.10884997743538
IFNg	5051	ATG12	-0.108990677806151
IFNg	5052	PTTG1IP	-0.10902788528242
IFNg	5053	CEP43	-0.109223050168003
IFNg	5054	STAG1	-0.109394166336183
IFNg	5055	ZNF765	-0.109501406326727
IFNg	5056	C1QTNF7-AS1	-0.109664198825956
IFNg	5057	F11R	-0.109933814584462
IFNg	5058	SUGP2	-0.110056817410235
IFNg	5059	CD96	-0.110107103015612
IFNg	5060	MMS19	-0.110327804688084
IFNg	5061	SNX13	-0.110786747983828
IFNg	5062	ZNF785	-0.110910662298962
IFNg	5063	MKLN1	-0.11103850988697
IFNg	5064	PABPN1	-0.11105070975882
IFNg	5065	ERCC6L2	-0.111053019466754
IFNg	5066	CWC22	-0.111338735420123
IFNg	5067	MYNN	-0.111498650872362
IFNg	5068	YY1	-0.111515664244829
IFNg	5069	ZNF700	-0.111549811457542
IFNg	5070	SLC35B3	-0.111611430708269
IFNg	5071	RILPL2	-0.111761999871971
IFNg	5072	SLC25A51	-0.111837867973404
IFNg	5073	AXIN1	-0.111987858617955
IFNg	5074	ATG7	-0.112157544005522
IFNg	5075	ECD	-0.112432796302636
IFNg	5076	CDK19	-0.112485938819483
IFNg	5077	EPN1	-0.112508345699241
IFNg	5078	TLR2	-0.112537413071139
IFNg	5079	FBXO28	-0.11268164881256
IFNg	5080	MAP3K7	-0.112739374236386
IFNg	5081	PHIP	-0.112765277263978
IFNg	5082	DNAJC24	-0.113747720617092
IFNg	5083	PDS5A	-0.113754291710732
IFNg	5084	SHPRH	-0.113757692021924
IFNg	5085	RAB5A	-0.113976263912921
IFNg	5086	ECHDC1	-0.114007689783179
IFNg	5087	SF3B3	-0.114075061587362
IFNg	5088	ARHGAP10	-0.11412890043973
IFNg	5089	NSMAF	-0.114192895978236
IFNg	5090	CPSF3	-0.1142192700347
IFNg	5091	HIBCH	-0.114401655707139
IFNg	5092	RNMT	-0.114473761975995
IFNg	5093	MON2	-0.114506543962892
IFNg	5094	NCOR1	-0.11452167909261
IFNg	5095	MYSM1	-0.114697167429219
IFNg	5096	ASXL2	-0.115151414061784
IFNg	5097	TCF20	-0.115370987683409
IFNg	5098	ICAM2	-0.115524324325224
IFNg	5099	CRY1	-0.115575242237325
IFNg	5100	NSD1	-0.115578464780806
IFNg	5101	NOL11	-0.115638709335473
IFNg	5102	CRNKL1	-0.115655854059444
IFNg	5103	ZXDC	-0.115728918192886
IFNg	5104	TAB2	-0.115777290932015
IFNg	5105	HAT1	-0.115836571727425
IFNg	5106	MED1	-0.11590843821316
IFNg	5107	SPIDR	-0.115982279380422
IFNg	5108	TIMM23B	-0.116144344622735
IFNg	5109	TTF1	-0.116271689407616
IFNg	5110	NCEH1	-0.116276030674775
IFNg	5111	GFPT1	-0.116288917116591
IFNg	5112	TTC17	-0.1163505435261
IFNg	5113	DYNC1I2	-0.116728550271443
IFNg	5114	WDR3	-0.116865650721281
IFNg	5115	RBSN	-0.116933004928622
IFNg	5116	CCAR1	-0.11708477754575
IFNg	5117	SPTY2D1	-0.117299901284026
IFNg	5118	LNPK	-0.117304974846878
IFNg	5119	MARK3	-0.117345753530194
IFNg	5120	IDS	-0.117592433331218
IFNg	5121	CRYZL1	-0.117607310167847
IFNg	5122	ATP11B	-0.117664444588509
IFNg	5123	TOP3A	-0.117709990868902
IFNg	5124	UFD1	-0.117917617992326
IFNg	5125	RPSA	-0.11810262896636
IFNg	5126	PCBP1-AS1	-0.118221822423489
IFNg	5127	TMEM209	-0.118226863996649
IFNg	5128	CENPP	-0.118344548655249
IFNg	5129	HLA-DRA	-0.118354401787556
IFNg	5130	OTUD3	-0.118468147796265
IFNg	5131	PPP2R3C	-0.118538298323907
IFNg	5132	AMMECR1	-0.118620396649108
IFNg	5133	ITSN2	-0.118665715103088
IFNg	5134	NUP155	-0.118724673256503
IFNg	5135	NUCKS1	-0.118739049411447
IFNg	5136	REPS1	-0.118748248416106
IFNg	5137	MRPL33	-0.118857351595495
IFNg	5138	ENSG00000272368	-0.11900244783235
IFNg	5139	ZNF236	-0.11902375830025
IFNg	5140	GTPBP10	-0.119108265475469
IFNg	5141	CEP250	-0.119228314155456
IFNg	5142	ZNF12	-0.119297064769591
IFNg	5143	SORBS3	-0.119377765242847
IFNg	5144	NEDD8	-0.119478656120571
IFNg	5145	PPIL4	-0.119714990008997
IFNg	5146	MAPKAPK5	-0.119881084468443
IFNg	5147	HCG18	-0.119991885423668
IFNg	5148	CORO1A	-0.120073509621823
IFNg	5149	AGO3	-0.120099849239097
IFNg	5150	DDX6	-0.120265647279845
IFNg	5151	PIBF1	-0.120276773426106
IFNg	5152	METTL2B	-0.120544549479168
IFNg	5153	UBE2B	-0.120679984473065
IFNg	5154	ZNF235	-0.120775912748931
IFNg	5155	SEC16A	-0.120900099300741
IFNg	5156	PPP6R2	-0.120973737042503
IFNg	5157	MRTFA	-0.120992019573938
IFNg	5158	NAP1L1	-0.121006002435956
IFNg	5159	UFL1	-0.121141405259774
IFNg	5160	MAILR	-0.121170414949173
IFNg	5161	PDE12	-0.121810229603931
IFNg	5162	MIER3	-0.122124889742313
IFNg	5163	TBCEL	-0.122232566028798
IFNg	5164	BCCIP	-0.122253758236175
IFNg	5165	SPTAN1	-0.122319118923772
IFNg	5166	ATMIN	-0.122403863502431
IFNg	5167	METTL8	-0.122404232983372
IFNg	5168	MRPL3	-0.122420913909573
IFNg	5169	SMARCB1	-0.122560415885561
IFNg	5170	NCOA5	-0.122707282708214
IFNg	5171	LAS1L	-0.122970598906458
IFNg	5172	TTC9C	-0.123354611733206
IFNg	5173	ENSG00000228655	-0.123357166883876
IFNg	5174	RTF2	-0.123558321908776
IFNg	5175	METTL14	-0.123655627110104
IFNg	5176	RSRP1	-0.12389549506758
IFNg	5177	USP31	-0.124005510427994
IFNg	5178	AFTPH	-0.124303425894846
IFNg	5179	MTX2	-0.124500516108948
IFNg	5180	EEFSEC	-0.124500949538313
IFNg	5181	RAB9A	-0.124571500741657
IFNg	5182	KCTD2	-0.124640225589653
IFNg	5183	ABCB7	-0.124766676489958
IFNg	5184	DDX31	-0.124880257191749
IFNg	5185	MTDH	-0.12494732085007
IFNg	5186	NONO	-0.124952145429312
IFNg	5187	ENSG00000265987	-0.125064751684017
IFNg	5188	RBMX	-0.125112365079744
IFNg	5189	GPATCH8	-0.12511700493836
IFNg	5190	PARK7	-0.125149479885735
IFNg	5191	DCUN1D1	-0.125292172220956
IFNg	5192	SSR2	-0.125300653556041
IFNg	5193	EEA1	-0.125492056130256
IFNg	5194	SAP18	-0.125878679771662
IFNg	5195	LMAN2	-0.126155594304074
IFNg	5196	RPAIN	-0.126387781937475
IFNg	5197	RPF2	-0.126463808708526
IFNg	5198	ARF1	-0.126666315482928
IFNg	5199	ZBTB7A	-0.126746010005292
IFNg	5200	CDC14A	-0.12688861068984
IFNg	5201	NUMA1	-0.126939420876992
IFNg	5202	DUT	-0.12695488196061
IFNg	5203	TAS2R14	-0.127006776602888
IFNg	5204	ZNF397	-0.127049548075866
IFNg	5205	MORF4L1	-0.127055873582187
IFNg	5206	BTRC	-0.127090311699162
IFNg	5207	NUP214	-0.127122623533708
IFNg	5208	TRAPPC12	-0.127150744248084
IFNg	5209	KPNA1	-0.127245193353994
IFNg	5210	RIC8B	-0.127306140609689
IFNg	5211	BOD1L1	-0.127367664868051
IFNg	5212	SPDYA	-0.127376886185798
IFNg	5213	RHOG	-0.127453044127254
IFNg	5214	ALMS1	-0.127484036021335
IFNg	5215	R3HDM1	-0.12750990360092
IFNg	5216	TCF25	-0.127526346293918
IFNg	5217	RRP1B	-0.127575153662723
IFNg	5218	CREBBP	-0.127639885942393
IFNg	5219	PRDM2	-0.127795266471554
IFNg	5220	EPC1	-0.127886585615169
IFNg	5221	PDIA4	-0.127948386411624
IFNg	5222	DCUN1D5	-0.128087742935531
IFNg	5223	ENSG00000285280	-0.128113418349677
IFNg	5224	PRKRIP1	-0.12815136489826
IFNg	5225	CEP152	-0.128181583293309
IFNg	5226	RNF8	-0.128375187865628
IFNg	5227	TCEANC	-0.128541864325743
IFNg	5228	ING3	-0.128564834548467
IFNg	5229	GPBP1L1	-0.12883999475546
IFNg	5230	TMEM106B	-0.128847498511124
IFNg	5231	ZBTB37	-0.128860218444273
IFNg	5232	ASH1L	-0.128877891537329
IFNg	5233	RAP1B	-0.128939902768622
IFNg	5234	SRSF11	-0.128999913802921
IFNg	5235	CD58	-0.129023737124302
IFNg	5236	MDN1	-0.129045162983972
IFNg	5237	DCTN5	-0.129096350603331
IFNg	5238	RPL31P46	-0.129110021904295
IFNg	5239	COPG2	-0.129223690202248
IFNg	5240	ENSG00000196826	-0.12927608888743
IFNg	5241	AAR2	-0.12946178687996
IFNg	5242	TCERG1	-0.129649163751807
IFNg	5243	PPP2R5A	-0.129710857299565
IFNg	5244	MON1B	-0.129751865591701
IFNg	5245	MIS12	-0.130141884863818
IFNg	5246	RABGEF1	-0.130174824522284
IFNg	5247	NUP107	-0.130794675990943
IFNg	5248	PRR14L	-0.130902172002401
IFNg	5249	ALG5	-0.131002566853543
IFNg	5250	CCDC102B	-0.131032092756966
IFNg	5251	SMC5	-0.131100167632738
IFNg	5252	FAF1	-0.131196493113816
IFNg	5253	KPNA3	-0.131462352575551
IFNg	5254	PAPOLA	-0.131498968099674
IFNg	5255	HDHD2	-0.131580245632657
IFNg	5256	PDCD10	-0.131585360444285
IFNg	5257	GUSBP11	-0.131803318495839
IFNg	5258	DENND4A	-0.131848824468282
IFNg	5259	AP3S2	-0.131910689057412
IFNg	5260	PDCD4	-0.132020595625976
IFNg	5261	ATG13	-0.132259676194378
IFNg	5262	ZCCHC7	-0.132439588197348
IFNg	5263	COG7	-0.132694736218231
IFNg	5264	TSR1	-0.132753772984805
IFNg	5265	RDH11	-0.132755621816074
IFNg	5266	MTG2	-0.132956592686721
IFNg	5267	CDADC1	-0.132981297086505
IFNg	5268	WASHC3	-0.133061421590832
IFNg	5269	CLK4	-0.133161314871288
IFNg	5270	TAF12	-0.133329023048553
IFNg	5271	NOC2L	-0.133453593259996
IFNg	5272	DENND6A	-0.133502207180391
IFNg	5273	EIF3I	-0.13360228740006
IFNg	5274	PNISR	-0.133626761221948
IFNg	5275	BRCC3	-0.133664817092721
IFNg	5276	MIB1	-0.133832097191249
IFNg	5277	CCNT1	-0.134011851415564
IFNg	5278	PDZD8	-0.134079888099749
IFNg	5279	CRK	-0.134177525737646
IFNg	5280	APC	-0.134236063522503
IFNg	5281	PCF11	-0.134564896877643
IFNg	5282	CCNDBP1	-0.134581869377561
IFNg	5283	ZNF76	-0.134689663358445
IFNg	5284	SNRNP40	-0.134740447407431
IFNg	5285	ADAMTS14	-0.134760804990956
IFNg	5286	MBTPS1	-0.13479731261707
IFNg	5287	BNIP2	-0.135057439442094
IFNg	5288	ZNF346	-0.135160116969224
IFNg	5289	ERBIN	-0.135265340736801
IFNg	5290	NPEPPS	-0.13532592039427
IFNg	5291	MIRLET7A1HG	-0.135396874455707
IFNg	5292	FUT11	-0.135515131874754
IFNg	5293	TERF1	-0.135717731198687
IFNg	5294	DGKD	-0.135750261085592
IFNg	5295	LIN54	-0.135953437818793
IFNg	5296	ACOX1	-0.135961086655558
IFNg	5297	PAK2	-0.136082884039868
IFNg	5298	DUSP11	-0.136264088681091
IFNg	5299	BANK1	-0.136365289077413
IFNg	5300	TEX261	-0.136391392142538
IFNg	5301	SEPTIN2	-0.136478462944085
IFNg	5302	AP2B1	-0.136628458711335
IFNg	5303	DDX19B	-0.136794254149968
IFNg	5304	TSC22D2	-0.136921204278168
IFNg	5305	USP47	-0.136971520824313
IFNg	5306	C2CD5	-0.137150105139463
IFNg	5307	MTRF1	-0.137252182484519
IFNg	5308	DDX18	-0.137649095199079
IFNg	5309	ACAP1	-0.137662450266638
IFNg	5310	PTBP2	-0.137679839399274
IFNg	5311	INTS14	-0.13780110075366
IFNg	5312	NUTM2B-AS1	-0.137927370107899
IFNg	5313	FOXK2	-0.137949342009843
IFNg	5314	OGFOD1	-0.138076023590514
IFNg	5315	DZIP3	-0.138248801452586
IFNg	5316	TDRD3	-0.138386899238246
IFNg	5317	COIL	-0.138437701884732
IFNg	5318	HIPK3	-0.138473692653026
IFNg	5319	RHOA	-0.138556560384324
IFNg	5320	HSD17B12	-0.13863068218404
IFNg	5321	USP1	-0.138691638026684
IFNg	5322	MED30	-0.13873958345269
IFNg	5323	SRP72	-0.138812924485002
IFNg	5324	DCAF10	-0.139178162994051
IFNg	5325	MGRN1	-0.139191653838255
IFNg	5326	ZNF655	-0.139325026674322
IFNg	5327	CENPC	-0.139375951750951
IFNg	5328	MTMR4	-0.13970341395033
IFNg	5329	LEPROTL1	-0.139703815780282
IFNg	5330	THAP5	-0.139735965242738
IFNg	5331	PRPF38A	-0.139743685951648
IFNg	5332	SPAST	-0.13981293580523
IFNg	5333	BMS1	-0.139894192187229
IFNg	5334	ZBTB8OS	-0.140039677731367
IFNg	5335	PRDX6	-0.140270824226375
IFNg	5336	TMEM181	-0.140290621519205
IFNg	5337	NUP58	-0.140304755956266
IFNg	5338	TRIM13	-0.140652099330275
IFNg	5339	JUND	-0.1406958752902
IFNg	5340	MRPS31	-0.141000891172469
IFNg	5341	EMC3	-0.141078191332791
IFNg	5342	STX2	-0.141109552286189
IFNg	5343	ZNF814	-0.141228542725173
IFNg	5344	BMP2K	-0.141290169253191
IFNg	5345	SPSB3	-0.141319170123712
IFNg	5346	S1PR4	-0.141391746712203
IFNg	5347	HDAC8	-0.14142142281807
IFNg	5348	LUC7L2	-0.141447773186628
IFNg	5349	TP53	-0.14171763433816
IFNg	5350	UFM1	-0.141807661974372
IFNg	5351	ANAPC7	-0.141944590931705
IFNg	5352	SDHAF3	-0.142028928861244
IFNg	5353	PGGT1B	-0.14207636731222
IFNg	5354	EMC8	-0.142162628096373
IFNg	5355	ENSA	-0.142307548025665
IFNg	5356	ERN1	-0.142342076015518
IFNg	5357	GPALPP1	-0.142463421617052
IFNg	5358	PMS1	-0.142477979337924
IFNg	5359	PPP1R12B	-0.142583549680773
IFNg	5360	IPO11	-0.142604335300046
IFNg	5361	SLC25A43	-0.142713165024851
IFNg	5362	GID8	-0.142866695697154
IFNg	5363	ADD1	-0.142886607054868
IFNg	5364	EOLA2-DT	-0.142896373863116
IFNg	5365	ADAM10	-0.142990193696375
IFNg	5366	CNOT9	-0.143009159350911
IFNg	5367	MICAL3	-0.143075199190146
IFNg	5368	GPATCH1	-0.143203640337837
IFNg	5369	FAM117B	-0.143234020212243
IFNg	5370	SLC38A9	-0.143372182622034
IFNg	5371	ENSG00000253636	-0.143539035133112
IFNg	5372	SLF2	-0.143711476846323
IFNg	5373	FAM193A	-0.143714112056892
IFNg	5374	TOMM70	-0.1439023777812
IFNg	5375	RABEP1	-0.144032335567175
IFNg	5376	BCAS4	-0.144135331227838
IFNg	5377	EXOC1	-0.144192619130324
IFNg	5378	RRP7A	-0.144309347710921
IFNg	5379	NR2C1	-0.144348948886993
IFNg	5380	AP1M1	-0.144369182938436
IFNg	5381	ATE1	-0.144488030220617
IFNg	5382	LONRF3	-0.144618076741521
IFNg	5383	GORASP2	-0.144646711158015
IFNg	5384	PDCD7	-0.144693282161675
IFNg	5385	SPECC1L	-0.144979572785886
IFNg	5386	RPL21	-0.145091263996834
IFNg	5387	SNUPN	-0.145126200360767
IFNg	5388	MBP	-0.14513079920837
IFNg	5389	DET1	-0.145264032831647
IFNg	5390	SMC2	-0.145270050277697
IFNg	5391	RALGAPA2	-0.145325540599318
IFNg	5392	GDAP2	-0.145326232558113
IFNg	5393	ARL1	-0.145337682394749
IFNg	5394	ZNF91	-0.145346995996834
IFNg	5395	NHLRC2	-0.145365810738339
IFNg	5396	HNRNPM	-0.145537557667786
IFNg	5397	RBFOX2	-0.145605166070104
IFNg	5398	RBM12B	-0.145792264734741
IFNg	5399	RORA	-0.14584639016715
IFNg	5400	EIF2B1	-0.145851763003157
IFNg	5401	SNAP29	-0.145858488440513
IFNg	5402	ZMAT1	-0.145980552891553
IFNg	5403	SARM1	-0.146182231930418
IFNg	5404	PDSS2	-0.146294212741767
IFNg	5405	ENSG00000267581	-0.146306942358806
IFNg	5406	RABL3	-0.14632782695396
IFNg	5407	NOL9	-0.146416089690177
IFNg	5408	CTNS	-0.146437997696039
IFNg	5409	ZCCHC8	-0.146531472168515
IFNg	5410	GOLGB1	-0.14658193559934
IFNg	5411	DCAF17	-0.146693089835015
IFNg	5412	RNF216	-0.146764325109144
IFNg	5413	LIG3	-0.14682600298602
IFNg	5414	FHIP2A	-0.146932588171613
IFNg	5415	PSMD5	-0.146980759285145
IFNg	5416	NRF1	-0.147035549407039
IFNg	5417	MCM6	-0.147101386817512
IFNg	5418	AP2S1	-0.14712206006332
IFNg	5419	CDC37L1	-0.147146038275108
IFNg	5420	CNOT6	-0.14715252582515
IFNg	5421	FRG1HP	-0.147181713987863
IFNg	5422	SGMS2	-0.147214443975573
IFNg	5423	UBE2V1	-0.147245430831716
IFNg	5424	ILRUN	-0.147333403957411
IFNg	5425	SLC39A7	-0.147339420510491
IFNg	5426	SMARCC1	-0.14735744720832
IFNg	5427	ZBTB40	-0.147452430299002
IFNg	5428	PPP2R5C	-0.147670832879068
IFNg	5429	ACBD3	-0.147679493336297
IFNg	5430	CMIP	-0.147728518800738
IFNg	5431	BCAS3	-0.147778451699392
IFNg	5432	TATDN1	-0.14781500340677
IFNg	5433	SELENOF	-0.147848112978523
IFNg	5434	DNAJC16	-0.147868778887589
IFNg	5435	C3orf62	-0.14787458327876
IFNg	5436	COPB2	-0.147907644324378
IFNg	5437	NARS2	-0.147932270377609
IFNg	5438	CLASP2	-0.147968434620663
IFNg	5439	UTP23	-0.148081051529622
IFNg	5440	CBFA2T2	-0.148130372930035
IFNg	5441	KDM3B	-0.148145578541465
IFNg	5442	SLAIN1	-0.148208495547919
IFNg	5443	POLR3F	-0.148322149246366
IFNg	5444	IMP3	-0.148334993600572
IFNg	5445	MMGT1	-0.148362884408882
IFNg	5446	SLC25A3	-0.148388362704173
IFNg	5447	FLOT2	-0.14839365799586
IFNg	5448	SEMA4D	-0.148405764179254
IFNg	5449	ZBTB38	-0.148437935304687
IFNg	5450	SLC9A6	-0.148581409549229
IFNg	5451	ZBTB5	-0.148643275228422
IFNg	5452	ZNF721	-0.148657175893673
IFNg	5453	HHAT	-0.148703245398413
IFNg	5454	ST7	-0.148842880218328
IFNg	5455	CDC42	-0.148879288243502
IFNg	5456	NKAP	-0.149005189784564
IFNg	5457	AHCYL2	-0.149078600439277
IFNg	5458	ZNF394	-0.149278387166502
IFNg	5459	ADAT1	-0.149346150192767
IFNg	5460	GLCCI1	-0.14935246999502
IFNg	5461	RNF145	-0.149420443081583
IFNg	5462	MAPK8	-0.149532556093291
IFNg	5463	POLR1C	-0.149723367493834
IFNg	5464	LCORL	-0.149789895474185
IFNg	5465	ZNF133	-0.149814017719539
IFNg	5466	MGAT4A	-0.149875774789743
IFNg	5467	ENSG00000259992	-0.150078366925952
IFNg	5468	NDUFB8	-0.150133578811516
IFNg	5469	OTULINL	-0.150186477908829
IFNg	5470	ITGB1BP1	-0.15038350223172
IFNg	5471	EDRF1	-0.150471235342884
IFNg	5472	TRIM66	-0.150527807465361
IFNg	5473	TERF2	-0.150548408598381
IFNg	5474	DTX2P1-UPK3BP1-PMS2P11	-0.150604479262229
IFNg	5475	TCOF1	-0.150686767313379
IFNg	5476	CAD	-0.150736145876629
IFNg	5477	KATNBL1	-0.150919718472833
IFNg	5478	USP38-DT	-0.151197069903805
IFNg	5479	HMGA1P4	-0.151203737431609
IFNg	5480	TAF13	-0.151283280162241
IFNg	5481	VPS37A	-0.151319373654821
IFNg	5482	ZC3H12B	-0.15138727728962
IFNg	5483	CMC1	-0.151428683356564
IFNg	5484	CERT1	-0.151609806923718
IFNg	5485	LRIG1	-0.152015195737549
IFNg	5486	GCDH	-0.15213435809271
IFNg	5487	CDC5L	-0.152174175901151
IFNg	5488	TIMD4	-0.152230082242128
IFNg	5489	GRK3	-0.152288158863106
IFNg	5490	GOPC	-0.152312214625321
IFNg	5491	RPS14	-0.152323629599566
IFNg	5492	POM121C	-0.152335404579972
IFNg	5493	ZZEF1	-0.152436365946255
IFNg	5494	SRRM2	-0.152460442132207
IFNg	5495	FRA10AC1	-0.152475276094297
IFNg	5496	VPS51	-0.152487637271259
IFNg	5497	HADHB	-0.152732948667305
IFNg	5498	LINC03009-1	-0.152825777723973
IFNg	5499	ARID3B	-0.152830555753227
IFNg	5500	ZNF274	-0.152862885041995
IFNg	5501	ESYT2	-0.15287786558374
IFNg	5502	ENSG00000290928	-0.152971664145301
IFNg	5503	CDIPT	-0.15307679450711
IFNg	5504	PXK	-0.153078955248331
IFNg	5505	EXOSC2	-0.15312767938169
IFNg	5506	RAD52	-0.153203224438419
IFNg	5507	AP3M2	-0.153612431899167
IFNg	5508	MACROH2A1	-0.153720879929994
IFNg	5509	ASPSCR1	-0.153778613848729
IFNg	5510	USP48	-0.153837379200162
IFNg	5511	HNRNPH1	-0.153979729850706
IFNg	5512	RANBP10	-0.154123786814885
IFNg	5513	ENSG00000285953	-0.154195047426335
IFNg	5514	MTO1	-0.154226673123033
IFNg	5515	LTN1	-0.154228089300541
IFNg	5516	COPS4	-0.154324269279183
IFNg	5517	SNX11	-0.154402514394379
IFNg	5518	ZBTB47-AS1	-0.154434276825791
IFNg	5519	TTC1	-0.154539181581422
IFNg	5520	CNOT10	-0.154610237325317
IFNg	5521	UBR3	-0.154614629659278
IFNg	5522	MORC2	-0.154735786223476
IFNg	5523	SEMA6A-AS1	-0.154738781274101
IFNg	5524	PHF3	-0.154838176383077
IFNg	5525	STK25	-0.154853311514982
IFNg	5526	TRRAP	-0.15499354595044
IFNg	5527	ECHDC2	-0.155001048996751
IFNg	5528	RGS5	-0.155065821893776
IFNg	5529	LONP2	-0.155537446980365
IFNg	5530	RALBP1	-0.155543219969627
IFNg	5531	MAPK6	-0.155599401240246
IFNg	5532	COQ2	-0.15565287318115
IFNg	5533	TRIM23	-0.155682191476128
IFNg	5534	WDR36	-0.15580074775449
IFNg	5535	CACYBP	-0.1561030938451
IFNg	5536	UBE4A	-0.156180173221075
IFNg	5537	ACAD10	-0.156244587719797
IFNg	5538	ZNF518A	-0.156257822832088
IFNg	5539	EPS15L1	-0.156283889677799
IFNg	5540	TCAIM	-0.156530470659149
IFNg	5541	GNL3	-0.15666829686285
IFNg	5542	SLC4A1AP	-0.156701742964515
IFNg	5543	PARG	-0.156924190448984
IFNg	5544	HERC1	-0.15722780594777
IFNg	5545	CABIN1	-0.157315346016903
IFNg	5546	KIN	-0.157396573717075
IFNg	5547	YPEL5	-0.157486048426437
IFNg	5548	TMED7	-0.157518856588307
IFNg	5549	TENM4	-0.157530450353223
IFNg	5550	CHD2	-0.157547768869552
IFNg	5551	RUFY2	-0.157586945889144
IFNg	5552	RAD23B	-0.157742501629623
IFNg	5553	LINC01588	-0.158045985692778
IFNg	5554	PPP3R1	-0.158129308788064
IFNg	5555	ITFG1	-0.158136257642581
IFNg	5556	APIP	-0.158226474099481
IFNg	5557	EMP3	-0.15844013976661
IFNg	5558	VPS36	-0.158446767653959
IFNg	5559	CINP	-0.158455096093072
IFNg	5560	NDUFA3	-0.158608061242721
IFNg	5561	LIMS1	-0.158666505337968
IFNg	5562	AGA	-0.158837231635652
IFNg	5563	MED29	-0.159157518772838
IFNg	5564	PHF14	-0.159204487151201
IFNg	5565	SPEN	-0.159232426908332
IFNg	5566	RBAK	-0.159250069797419
IFNg	5567	RPP38	-0.159395328970853
IFNg	5568	EXOSC8	-0.159433847800959
IFNg	5569	RPP30	-0.159434960837551
IFNg	5570	ZNF600	-0.159450265572163
IFNg	5571	MAU2	-0.159540450245101
IFNg	5572	ACAD9	-0.159574545170966
IFNg	5573	CRLF3	-0.159719494569713
IFNg	5574	HSF1	-0.15984190181324
IFNg	5575	TACC1	-0.159858172679973
IFNg	5576	TTC28	-0.159929363645989
IFNg	5577	GNG7	-0.15994833184977
IFNg	5578	ARNT	-0.159981276081796
IFNg	5579	SNHG6	-0.160093470311343
IFNg	5580	MSH2	-0.16010502828688
IFNg	5581	RHEX	-0.160401611847613
IFNg	5582	COPS6	-0.160431302464274
IFNg	5583	LGALS3	-0.160473572570446
IFNg	5584	APBB1	-0.16047793830047
IFNg	5585	ENSG00000271893	-0.160507128339975
IFNg	5586	CDK14	-0.160520130918061
IFNg	5587	IGHM	-0.160569001172652
IFNg	5588	GBGT1	-0.160636152051276
IFNg	5589	PEX6	-0.160672174041447
IFNg	5590	BANP	-0.160774096840963
IFNg	5591	TRAPPC13	-0.160839668566832
IFNg	5592	FARS2	-0.160908694285887
IFNg	5593	BRD3	-0.160957339796953
IFNg	5594	SIGLEC5-1	-0.160973029428054
IFNg	5595	ZNF557	-0.161158019676341
IFNg	5596	SIRT1	-0.16133053355952
IFNg	5597	MPHOSPH8	-0.161375295032072
IFNg	5598	KIAA2026	-0.161399789258337
IFNg	5599	FBXL17	-0.161514743786515
IFNg	5600	TRAPPC6B	-0.161545377767624
IFNg	5601	FAM149B1	-0.161702868648574
IFNg	5602	WDSUB1	-0.161763096860274
IFNg	5603	WDR37	-0.161895790184179
IFNg	5604	VPS52	-0.162181331854385
IFNg	5605	EXOSC10	-0.162308586621667
IFNg	5606	FTO	-0.162412984372158
IFNg	5607	NORAD	-0.162472731160905
IFNg	5608	ENSG00000237188	-0.162518436268156
IFNg	5609	PCNX4	-0.162552632580815
IFNg	5610	ARL10	-0.162556459206367
IFNg	5611	MRPL30	-0.162560074123944
IFNg	5612	NCAPD3	-0.162812647207832
IFNg	5613	CDK8	-0.163031270682741
IFNg	5614	URM1	-0.163220243092364
IFNg	5615	DPYSL2	-0.163322779722931
IFNg	5616	ARL6IP4	-0.1633413455922
IFNg	5617	TFB1M	-0.163384308614965
IFNg	5618	CRKL	-0.163474782762071
IFNg	5619	GEMIN5	-0.163562684856649
IFNg	5620	RAB14	-0.163634560922794
IFNg	5621	NPRL3	-0.163672019335774
IFNg	5622	DNAAF10	-0.163786312020106
IFNg	5623	GSTCD	-0.163818470253557
IFNg	5624	XRRA1	-0.163824368463376
IFNg	5625	MAVS	-0.164122491617042
IFNg	5626	RETREG3	-0.164125645261637
IFNg	5627	AP3M1	-0.164217543341269
IFNg	5628	HECTD1	-0.164253726300366
IFNg	5629	TRMO	-0.164264885988667
IFNg	5630	BTF3	-0.164312445910009
IFNg	5631	RNF135	-0.164399767140896
IFNg	5632	ZFAND1	-0.164478188963356
IFNg	5633	VBP1	-0.164517226502309
IFNg	5634	HECTD4	-0.164598384428898
IFNg	5635	PIP5K1C	-0.16467877369687
IFNg	5636	ENSG00000262879	-0.164808819084503
IFNg	5637	TSC1	-0.164931275352267
IFNg	5638	LRRC58	-0.16507666066804
IFNg	5639	RNF214	-0.165120017270866
IFNg	5640	METTL22	-0.165130885858838
IFNg	5641	UBN1	-0.165302751509262
IFNg	5642	MED23	-0.165332475642244
IFNg	5643	RHOF	-0.165368362900041
IFNg	5644	BRAP	-0.165457712592653
IFNg	5645	ARL14EP	-0.165588552638591
IFNg	5646	EP300	-0.165631147885641
IFNg	5647	PEX7	-0.165711460371445
IFNg	5648	SREK1IP1	-0.165844895174758
IFNg	5649	ESD	-0.165939000075163
IFNg	5650	WBP1L	-0.165957313022388
IFNg	5651	ZMYM1	-0.166075990723576
IFNg	5652	ATP5MC2	-0.166103110181016
IFNg	5653	VPS29	-0.166210492992803
IFNg	5654	KIF3A	-0.166271468634276
IFNg	5655	TRABD	-0.16635504350175
IFNg	5656	GMEB2	-0.166537917340225
IFNg	5657	MRPS35	-0.166544904834342
IFNg	5658	SNU13	-0.166606910137864
IFNg	5659	LSM4	-0.166904137482967
IFNg	5660	MFSD8	-0.166924625099349
IFNg	5661	ACYP2	-0.166963527437514
IFNg	5662	PIP4P2	-0.166984608790705
IFNg	5663	NAA50	-0.167114998468176
IFNg	5664	NOP56	-0.167185034424229
IFNg	5665	PRH1	-0.167847315047919
IFNg	5666	THUMPD2	-0.167856146474868
IFNg	5667	ARHGAP15	-0.168002651039551
IFNg	5668	LBH	-0.168207615971245
IFNg	5669	THOC1	-0.168374744351048
IFNg	5670	PWWP2A	-0.168636328454534
IFNg	5671	PALD1	-0.168659101889431
IFNg	5672	ATG4B	-0.168792844762791
IFNg	5673	RPS6KA1	-0.168815963067267
IFNg	5674	DHX29	-0.168856271914727
IFNg	5675	C8orf33	-0.168892988195253
IFNg	5676	GTF3C1	-0.169051101548876
IFNg	5677	GUSBP1	-0.1691973437282
IFNg	5678	NBL1	-0.169304162134124
IFNg	5679	NCOA7	-0.169322968182078
IFNg	5680	ARPP19	-0.169384315410262
IFNg	5681	TSG101	-0.169386479608056
IFNg	5682	TBC1D4	-0.169407465894353
IFNg	5683	ENSG00000285454	-0.169419049070508
IFNg	5684	SMARCE1	-0.169523792885142
IFNg	5685	CSPP1	-0.169742924907122
IFNg	5686	MSL1	-0.169783773686991
IFNg	5687	MTHFD2L	-0.169978018675441
IFNg	5688	KANSL1L-AS1	-0.170191322163924
IFNg	5689	DNAAF5	-0.170203004506748
IFNg	5690	ENSG00000227388	-0.170229572789273
IFNg	5691	MOSPD2	-0.170328837539597
IFNg	5692	RBIS	-0.170458608253698
IFNg	5693	PPP1R2	-0.170510162410381
IFNg	5694	ARV1	-0.170520045411377
IFNg	5695	ZNF546	-0.170532131972917
IFNg	5696	MAPK9	-0.170533360961522
IFNg	5697	FAM120B	-0.1705715291782
IFNg	5698	INTS2	-0.170621166044479
IFNg	5699	ANKHD1-EIF4EBP3	-0.170675656250725
IFNg	5700	GSK3A	-0.170880183452932
IFNg	5701	AKIRIN1	-0.171009676088126
IFNg	5702	NDUFA4	-0.17103186444171
IFNg	5703	SMCR8	-0.171063806130147
IFNg	5704	SYF2	-0.17117889066966
IFNg	5705	GGA2	-0.171220823374662
IFNg	5706	ST20-MTHFS	-0.171254767489926
IFNg	5707	COPS7B	-0.17139146628457
IFNg	5708	HMG20A	-0.171396673960487
IFNg	5709	KMT2C	-0.171440995834333
IFNg	5710	ZNF234	-0.171457771552378
IFNg	5711	UBQLN2	-0.171471622914553
IFNg	5712	SIMC1	-0.171520205113179
IFNg	5713	FBXO34	-0.171585131085262
IFNg	5714	ZNF746	-0.171627607019632
IFNg	5715	CKAP5	-0.171645240989894
IFNg	5716	ZNF3	-0.171689528245259
IFNg	5717	ZNF33A	-0.171715270961761
IFNg	5718	ZCCHC14	-0.17185696825938
IFNg	5719	GUSBP2-1	-0.171888251017202
IFNg	5720	CCT6P3-1	-0.171927017909108
IFNg	5721	HDDC2	-0.172232143487246
IFNg	5722	TANGO6	-0.172285130292555
IFNg	5723	SUN2	-0.172393984637104
IFNg	5724	FPGS	-0.172453343588423
IFNg	5725	EIF2AK1	-0.172472417248993
IFNg	5726	FAM32A	-0.172740651786035
IFNg	5727	MBTD1	-0.172771408447406
IFNg	5728	SLC39A13	-0.172827361514283
IFNg	5729	LYPLA1	-0.172867707141086
IFNg	5730	RAB11A	-0.172995551522385
IFNg	5731	SEPHS1	-0.173045095852774
IFNg	5732	CDC42SE1	-0.173084141830574
IFNg	5733	PLCD1	-0.173285154267109
IFNg	5734	SIRT6	-0.173327647972266
IFNg	5735	NDUFB1	-0.173342633348516
IFNg	5736	WIPI2	-0.173351512384191
IFNg	5737	ACSS2	-0.173515820156268
IFNg	5738	PRKAR1B	-0.173562282557722
IFNg	5739	ATP5PF	-0.173667164766592
IFNg	5740	PRKAG1	-0.173721045373464
IFNg	5741	AHRR	-0.173942008678942
IFNg	5742	AAK1	-0.173976166078298
IFNg	5743	CIAO2A	-0.174021287894468
IFNg	5744	EIF1B	-0.174113069158397
IFNg	5745	ENSG00000254459	-0.174157583566583
IFNg	5746	EIF4B	-0.174351333039801
IFNg	5747	RSL24D1	-0.174472633110896
IFNg	5748	CC2D1A	-0.17448737678833
IFNg	5749	E2F4	-0.174552009890067
IFNg	5750	SLC25A16	-0.174611570075551
IFNg	5751	TM7SF3	-0.174693649908139
IFNg	5752	TOP2B	-0.174887502684515
IFNg	5753	MAMLD1	-0.174981422422846
IFNg	5754	ZNF480	-0.174997517318936
IFNg	5755	ENSG00000285942	-0.175007672482946
IFNg	5756	CCNL2	-0.175080020879158
IFNg	5757	RFC2	-0.175115695389853
IFNg	5758	PURB	-0.175289736652265
IFNg	5759	ENSG00000286162	-0.175535408507702
IFNg	5760	ZNF770	-0.175639411298812
IFNg	5761	MXD1	-0.175868041091239
IFNg	5762	ZNF169	-0.175922472789509
IFNg	5763	AUH	-0.176165663823659
IFNg	5764	UTP11	-0.176240482942356
IFNg	5765	C1QBP	-0.176256034592305
IFNg	5766	ZNF37BP	-0.176277291636736
IFNg	5767	XPR1	-0.17638021677446
IFNg	5768	PLBD1-AS1	-0.176417515041154
IFNg	5769	CLK2	-0.176494691056552
IFNg	5770	BICD2	-0.176773068318458
IFNg	5771	CCT4	-0.176790942833523
IFNg	5772	PTER	-0.176874474555786
IFNg	5773	TMCC1	-0.176900494963116
IFNg	5774	NBPF12	-0.176900768275216
IFNg	5775	ZNF565	-0.176989570163694
IFNg	5776	NIPBL	-0.177086880986508
IFNg	5777	SLC44A1	-0.177101810996268
IFNg	5778	MLYCD	-0.177186829872233
IFNg	5779	MTRFR	-0.177303573091466
IFNg	5780	CMSS1	-0.177318115286393
IFNg	5781	TIMMDC1	-0.177440042023327
IFNg	5782	GTF2A2	-0.177446380047707
IFNg	5783	DDX46	-0.17775041059972
IFNg	5784	EIF2AK3	-0.177801002231524
IFNg	5785	ZNF718	-0.177897601105952
IFNg	5786	ZNF207	-0.177960498772836
IFNg	5787	ENSG00000285851	-0.178140245766554
IFNg	5788	ZNF708	-0.178163773701742
IFNg	5789	DENND3	-0.178338470412818
IFNg	5790	MAN1A2	-0.178463042349328
IFNg	5791	TFAM	-0.178679594612052
IFNg	5792	SGPP2	-0.178729590992688
IFNg	5793	TMEM51	-0.178819716880397
IFNg	5794	NSD2	-0.178870416314035
IFNg	5795	RHOT1	-0.179011022811175
IFNg	5796	SRF	-0.179152338304402
IFNg	5797	PAN3	-0.179250470026877
IFNg	5798	ENSG00000259363	-0.179285462772068
IFNg	5799	ZNF224	-0.179296418495626
IFNg	5800	PCNP	-0.179321901500338
IFNg	5801	ABHD3	-0.179482129883846
IFNg	5802	GLG1	-0.179518847136236
IFNg	5803	TMX3	-0.17959100237108
IFNg	5804	SERINC3	-0.179613844833465
IFNg	5805	ENSG00000285329	-0.179754584851068
IFNg	5806	THBS4-AS1	-0.179788676751692
IFNg	5807	LSM14B	-0.179811519620868
IFNg	5808	CSGALNACT2	-0.179836837557041
IFNg	5809	SLX4IP	-0.17995719324814
IFNg	5810	CUTC	-0.180021923719765
IFNg	5811	RPRD2	-0.180169998994892
IFNg	5812	FKBP3	-0.180228779505522
IFNg	5813	THAP6	-0.18028624599402
IFNg	5814	DPF2	-0.180290747016929
IFNg	5815	SLC33A1	-0.180357631118641
IFNg	5816	ZNF484	-0.180429988592323
IFNg	5817	NELFCD	-0.180473925787395
IFNg	5818	GNA15	-0.180629981397689
IFNg	5819	HMBOX1	-0.180795170142159
IFNg	5820	TMBIM4	-0.180864443082929
IFNg	5821	FBXO22	-0.180870383608118
IFNg	5822	RXYLT1	-0.180883922559347
IFNg	5823	TMEM230	-0.180900471728959
IFNg	5824	EDEM3	-0.181038090107877
IFNg	5825	KRR1	-0.181115402454163
IFNg	5826	TMTC3	-0.181134250238522
IFNg	5827	TLK1	-0.181140758699241
IFNg	5828	ALG8	-0.181157214673796
IFNg	5829	ZNF138	-0.181197664108029
IFNg	5830	SENP7	-0.18126581849666
IFNg	5831	MKNK1	-0.18134815445644
IFNg	5832	ARPC1A	-0.181385917966641
IFNg	5833	PIGL	-0.181409451292813
IFNg	5834	UBE2H	-0.181495929482103
IFNg	5835	BLOC1S5	-0.181545805910891
IFNg	5836	DIABLO	-0.181551454187783
IFNg	5837	LRCH3	-0.181721380605374
IFNg	5838	VPS13D	-0.181882767496771
IFNg	5839	PPIE	-0.181929552931144
IFNg	5840	JTB	-0.181941803733199
IFNg	5841	INTS10	-0.181944296134358
IFNg	5842	IMMP1L	-0.181946789920834
IFNg	5843	ZNF131	-0.181968466577317
IFNg	5844	MSL2	-0.18206675912226
IFNg	5845	CARM1	-0.182103432197508
IFNg	5846	CAMLG	-0.182495076836387
IFNg	5847	TRPV2	-0.182499445376763
IFNg	5848	NIF3L1	-0.182598100737913
IFNg	5849	NSA2	-0.182716894800496
IFNg	5850	MBD4	-0.182760013307645
IFNg	5851	GIT2	-0.18279689519479
IFNg	5852	EAPP	-0.182827095837531
IFNg	5853	GLUD1	-0.183021392884756
IFNg	5854	MAP3K4	-0.183068451008489
IFNg	5855	MAP2K7	-0.183158906124377
IFNg	5856	ENSG00000273748	-0.183640281311339
IFNg	5857	LRRFIP1	-0.183712559856531
IFNg	5858	SGSM3	-0.183714556729349
IFNg	5859	G6PD	-0.183788861848079
IFNg	5860	ATP8B2	-0.183805963894539
IFNg	5861	NSF	-0.183809382187678
IFNg	5862	MTRES1	-0.184124585912101
IFNg	5863	ZNF197	-0.184216007854849
IFNg	5864	ETAA1	-0.184270517274872
IFNg	5865	ZBTB44	-0.184284467556863
IFNg	5866	TBC1D9B	-0.184337869906722
IFNg	5867	MRPS21	-0.184385708127864
IFNg	5868	BTF3L4	-0.184408511717562
IFNg	5869	ENSG00000285901	-0.184460733737638
IFNg	5870	ERCC6	-0.184490886209432
IFNg	5871	ODR4	-0.184588939156165
IFNg	5872	GARRE1	-0.184594285753945
IFNg	5873	FLACC1	-0.18464459629903
IFNg	5874	MSANTD2	-0.184729239921576
IFNg	5875	C16orf87	-0.184745066135217
IFNg	5876	POLR3GL	-0.184850971411808
IFNg	5877	IVD	-0.18494323734842
IFNg	5878	NUP42	-0.184976223237311
IFNg	5879	COG6	-0.185047541719539
IFNg	5880	SEC22A	-0.185129587583205
IFNg	5881	BLOC1S5-TXNDC5	-0.185214229232864
IFNg	5882	EPM2AIP1	-0.185243425082401
IFNg	5883	FCF1	-0.185264756116687
IFNg	5884	ENSG00000290073	-0.185289676880628
IFNg	5885	TES	-0.185370917693546
IFNg	5886	ZMAT5	-0.18537156696113
IFNg	5887	SUMF1	-0.185446079765221
IFNg	5888	GTF3C2	-0.185453450534086
IFNg	5889	RBM41	-0.185520188758326
IFNg	5890	KCTD20	-0.185657196127806
IFNg	5891	ASB8	-0.185838975349013
IFNg	5892	BORCS8	-0.185922210116193
IFNg	5893	POLD2	-0.185925613582529
IFNg	5894	SPATA5L1	-0.185937169343702
IFNg	5895	PHF20L1	-0.185991606498114
IFNg	5896	MTIF2	-0.185994893602142
IFNg	5897	ZNF180	-0.186204066371266
IFNg	5898	ARFGAP3	-0.186223542377392
IFNg	5899	RAD18	-0.186367691804695
IFNg	5900	SNRNP48	-0.186382446529232
IFNg	5901	RPS19BP1	-0.186438505697513
IFNg	5902	SLC12A2	-0.18644146361592
IFNg	5903	ATP6V0B	-0.18651655191627
IFNg	5904	SRPK1	-0.186526557500803
IFNg	5905	MYH9	-0.186588092875873
IFNg	5906	ENSG00000217576	-0.186614001438762
IFNg	5907	RFFL	-0.186618576101442
IFNg	5908	KCTD13	-0.186664245057547
IFNg	5909	SDHAP4-1	-0.186710129305784
IFNg	5910	PAFAH1B2	-0.186742668024143
IFNg	5911	SARAF	-0.186757782275947
IFNg	5912	KMT5B	-0.186773965436233
IFNg	5913	ZNF383	-0.186837018286984
IFNg	5914	HDHD5	-0.186875202954247
IFNg	5915	HADHA	-0.187013588629528
IFNg	5916	ATP5PB	-0.187038300001041
IFNg	5917	MRPL19	-0.187072464858006
IFNg	5918	CMPK1	-0.187165630681904
IFNg	5919	EBLN3P	-0.187261007332692
IFNg	5920	PAIP2	-0.18754364176209
IFNg	5921	WASHC4	-0.187556307610898
IFNg	5922	CALM2	-0.187574833811746
IFNg	5923	PGM3	-0.187625282215139
IFNg	5924	ZDHHC20	-0.187646200624707
IFNg	5925	LINC00174	-0.187657367187265
IFNg	5926	PPP1CB	-0.187677231877683
IFNg	5927	CBFB	-0.187746267378085
IFNg	5928	RPAP2	-0.187784988497474
IFNg	5929	ATRN	-0.187888614766242
IFNg	5930	SMURF2	-0.187941166286461
IFNg	5931	ERP29	-0.18811769405854
IFNg	5932	GFOD2	-0.18822961210564
IFNg	5933	DICER1	-0.188247984821498
IFNg	5934	ARL15	-0.188311336374322
IFNg	5935	CEP44	-0.188313041072785
IFNg	5936	VPS35	-0.188329745645308
IFNg	5937	SPCS2	-0.188336014123063
IFNg	5938	ZNF83	-0.188398718792817
IFNg	5939	TUBGCP3	-0.188520446585084
IFNg	5940	DONSON	-0.188644131133096
IFNg	5941	MGMT	-0.188690515629501
IFNg	5942	WRN	-0.18877878296619
IFNg	5943	TOR1B	-0.188853334517363
IFNg	5944	ZNF507	-0.188899931773091
IFNg	5945	YARS2	-0.188916761822766
IFNg	5946	PRORP	-0.18894933918685
IFNg	5947	FLNA	-0.188972773460384
IFNg	5948	PLEKHM3	-0.189143798431749
IFNg	5949	ENSG00000284461	-0.189213253901958
IFNg	5950	PPP2R5D	-0.189254828283211
IFNg	5951	EXOSC7	-0.189454824387307
IFNg	5952	USP3	-0.189478627853909
IFNg	5953	LINC03006-1	-0.189722698349196
IFNg	5954	IFFO1	-0.189790278423486
IFNg	5955	SH3GL1	-0.189919008160928
IFNg	5956	TBC1D15	-0.189979147656129
IFNg	5957	ISY1	-0.189992189099899
IFNg	5958	AREL1	-0.190259501338424
IFNg	5959	MRPS27	-0.190338260384215
IFNg	5960	LINC01004	-0.190410630827352
IFNg	5961	SH2D1B	-0.190443896691406
IFNg	5962	ATXN3	-0.190449458592716
IFNg	5963	STAT5B	-0.190528923469546
IFNg	5964	PDCD11	-0.190834046209134
IFNg	5965	RPS20	-0.190865120664842
IFNg	5966	CSNK1G2	-0.190918951241938
IFNg	5967	STAM	-0.190945406655375
IFNg	5968	CTCF	-0.191047108342251
IFNg	5969	TUBGCP5	-0.191390140186671
IFNg	5970	ENSG00000286098	-0.191471487332505
IFNg	5971	SLC30A5	-0.191517419729645
IFNg	5972	CLCN7	-0.191559272966735
IFNg	5973	MARK4	-0.191609732185434
IFNg	5974	TBC1D23	-0.191611890894998
IFNg	5975	ADAMTS6	-0.191624457929435
IFNg	5976	AIFM1	-0.191626161280451
IFNg	5977	SLC20A1	-0.19163662821616
IFNg	5978	INF2	-0.191674438323672
IFNg	5979	NF2	-0.191705881936009
IFNg	5980	NDUFB9	-0.191860275131989
IFNg	5981	SH3BP1	-0.191944093858578
IFNg	5982	POU2AF1	-0.191961945086605
IFNg	5983	POLD3	-0.191981764562126
IFNg	5984	RPL7L1	-0.191988643021438
IFNg	5985	ALG14	-0.192025842401205
IFNg	5986	ZNF493	-0.192105537970556
IFNg	5987	P4HA1	-0.1922257863799
IFNg	5988	SOCS5	-0.192332793515735
IFNg	5989	TTC28-AS1	-0.192346343260256
IFNg	5990	WNK1	-0.1924407562894
IFNg	5991	SIL1	-0.192459100238599
IFNg	5992	STK10	-0.192493094704056
IFNg	5993	SYK	-0.192523832020215
IFNg	5994	ANXA11	-0.192526952685562
IFNg	5995	SRPRA	-0.192654911552389
IFNg	5996	POLR3C	-0.192672983202601
IFNg	5997	PAXBP1	-0.192722788262972
IFNg	5998	POLM	-0.192822122854478
IFNg	5999	ZNF430	-0.193005464627438
IFNg	6000	ZNF544	-0.193046598319279
IFNg	6001	TMEM245	-0.193157848413138
IFNg	6002	SLC35F6	-0.193201360482741
IFNg	6003	NFYA	-0.193260051463815
IFNg	6004	RPRD1A	-0.193379102182358
IFNg	6005	STAU2	-0.193478582003189
IFNg	6006	ATP8A1	-0.193535513955904
IFNg	6007	BABAM2	-0.193629173314106
IFNg	6008	BCR	-0.19375109114037
IFNg	6009	DLGAP4-AS1	-0.193973680530431
IFNg	6010	RAPGEF1	-0.194007783292472
IFNg	6011	ITFG2	-0.194051123468994
IFNg	6012	TPT1-AS1	-0.194189901408193
IFNg	6013	GTF2IRD2	-0.194234929425563
IFNg	6014	SLC22A23	-0.194402253763561
IFNg	6015	PBX3	-0.194494978914983
IFNg	6016	FOXO3	-0.194678396342631
IFNg	6017	KANSL2	-0.194779543180302
IFNg	6018	THOC3	-0.194913713370297
IFNg	6019	EXOC7	-0.194963753324458
IFNg	6020	ELMOD3	-0.195126070337723
IFNg	6021	MCF2L2	-0.195141481545162
IFNg	6022	JAZF1	-0.195155319762677
IFNg	6023	ENSG00000268797	-0.195218286264132
IFNg	6024	TSPO	-0.195229531773076
IFNg	6025	NBPF8	-0.195551622608438
IFNg	6026	VTI1B	-0.195586679868638
IFNg	6027	PRKAB2	-0.195592571292042
IFNg	6028	FBXL4	-0.195663575684303
IFNg	6029	ATP5F1C	-0.195733846713979
IFNg	6030	TRMT1L	-0.195748857612723
IFNg	6031	AASDHPPT	-0.195783446484268
IFNg	6032	RPS9	-0.195785482699394
IFNg	6033	INTS9	-0.195966507224164
IFNg	6034	SERF2	-0.196045185465249
IFNg	6035	XRCC1	-0.196096996649094
IFNg	6036	SPCS1	-0.196132008751535
IFNg	6037	PSMD8	-0.196267344965317
IFNg	6038	BIN1	-0.196271126858825
IFNg	6039	STX18-AS1	-0.196367815390148
IFNg	6040	SNRPN	-0.196379372814702
IFNg	6041	KCTD7	-0.196392208711637
IFNg	6042	GUSBP18	-0.196492730945815
IFNg	6043	RCOR3	-0.19658862435183
IFNg	6044	CYB5R1	-0.196631382252713
IFNg	6045	ZSCAN30	-0.196717426916817
IFNg	6046	IL17RA	-0.196824575140016
IFNg	6047	MARF1	-0.196874626863392
IFNg	6048	ANAPC5	-0.196918344511747
IFNg	6049	ACTR1B	-0.196934445158431
IFNg	6050	ENSG00000274322	-0.196961906499081
IFNg	6051	AP2A1	-0.19699664287201
IFNg	6052	ORC3	-0.197060576506744
IFNg	6053	ELP1	-0.197066211964756
IFNg	6054	CEP57	-0.197092512457457
IFNg	6055	AP1S2	-0.197116947625373
IFNg	6056	TYW1B	-0.197182973241317
IFNg	6057	TRAK1	-0.197314018381633
IFNg	6058	DLST	-0.197342363166094
IFNg	6059	TUT4	-0.197348924862784
IFNg	6060	ZNF33B	-0.197440753628474
IFNg	6061	SUFU	-0.197556488076729
IFNg	6062	CCNH	-0.197623364448592
IFNg	6063	SLCO3A1	-0.197651107966129
IFNg	6064	FGGY	-0.197735067969093
IFNg	6065	IL4R	-0.197858746203972
IFNg	6066	ZNF836	-0.197907009045422
IFNg	6067	TBC1D31	-0.197932258871407
IFNg	6068	STK35	-0.198059601349123
IFNg	6069	ENSG00000271793	-0.198074901270329
IFNg	6070	MFF	-0.198148560091983
IFNg	6071	TUG1	-0.198218557755603
IFNg	6072	ENSG00000291203	-0.19823506322505
IFNg	6073	PPP1R8	-0.19827251656673
IFNg	6074	LZIC	-0.198288885824188
IFNg	6075	VPS11	-0.198302703935219
IFNg	6076	ARID2	-0.198384839663838
IFNg	6077	GBA2	-0.198389869326063
IFNg	6078	SOCS4	-0.198403653980447
IFNg	6079	TMX2	-0.198498915783544
IFNg	6080	PCBD2	-0.198506185212572
IFNg	6081	SLC8B1	-0.198592899808228
IFNg	6082	ZNF808	-0.198611469251041
IFNg	6083	PPFIA1	-0.198697301167874
IFNg	6084	EIF3K	-0.198749747517254
IFNg	6085	ZNF266	-0.198787465259446
IFNg	6086	TDP2	-0.198834063862208
IFNg	6087	UBE2D1	-0.198864887116954
IFNg	6088	ZNF846	-0.19887360546197
IFNg	6089	TSC2	-0.198927372957867
IFNg	6090	ZNF585B	-0.198953742746704
IFNg	6091	SDHAP3	-0.198998209643845
IFNg	6092	SUZ12	-0.199025007127426
IFNg	6093	COX19	-0.199090815970456
IFNg	6094	GINM1	-0.199291157077557
IFNg	6095	SSU72	-0.199367944078421
IFNg	6096	CYP4V2	-0.19949044173959
IFNg	6097	RACK1	-0.199546313922772
IFNg	6098	SGO1-AS1	-0.199667871405361
IFNg	6099	LINC00649	-0.199705659044359
IFNg	6100	EEF2	-0.199750577796422
IFNg	6101	ORC5	-0.19976104380965
IFNg	6102	PDE6D	-0.199765286961941
IFNg	6103	SCYL1	-0.199810086278011
IFNg	6104	TMEM161B-DT	-0.200001230423641
IFNg	6105	UNC50	-0.200002242860495
IFNg	6106	ZNF510	-0.200244612004853
IFNg	6107	ZNF200	-0.200249732757965
IFNg	6108	ENSG00000259628	-0.200311681570624
IFNg	6109	ZNF141	-0.200537343369091
IFNg	6110	FAM228B	-0.200823213722634
IFNg	6111	FBXO33	-0.200897809162899
IFNg	6112	MAN2B1	-0.201070296908543
IFNg	6113	SLC25A36	-0.201207898727134
IFNg	6114	AGL	-0.201392963130326
IFNg	6115	CKMT2-AS1	-0.201396744703053
IFNg	6116	ENSG00000125695	-0.201414144074367
IFNg	6117	EYA3	-0.201671981912705
IFNg	6118	FOXP3	-0.201686879857763
IFNg	6119	CHRAC1	-0.201711136770718
IFNg	6120	SP3	-0.201831297179102
IFNg	6121	AKR1B1	-0.202055299517023
IFNg	6122	IFNAR2	-0.202057827134565
IFNg	6123	LUC7L	-0.202125770064243
IFNg	6124	ZMYM5	-0.202186702342765
IFNg	6125	WDFY2	-0.202276279505132
IFNg	6126	SMNDC1	-0.202289346395355
IFNg	6127	SIN3B	-0.202392507539888
IFNg	6128	RREB1	-0.20262448383686
IFNg	6129	ENSG00000268205	-0.202648089620128
IFNg	6130	SYPL1	-0.202683059334419
IFNg	6131	SKIL	-0.202815505450202
IFNg	6132	CCDC69	-0.202862537760431
IFNg	6133	CDK11A	-0.20300869766652
IFNg	6134	ENSG00000234915	-0.20313703451156
IFNg	6135	RRP36	-0.203161494601615
IFNg	6136	RNF168	-0.203161588575896
IFNg	6137	PDE1B	-0.203162259039962
IFNg	6138	DNAAF9	-0.203264801619425
IFNg	6139	CHD1-DT	-0.203275829461798
IFNg	6140	PCM1	-0.203345955715848
IFNg	6141	OCIAD1	-0.203497305845678
IFNg	6142	ENSG00000144785	-0.20356163147922
IFNg	6143	LACTB2	-0.203716877409095
IFNg	6144	RRAGA	-0.203721690328309
IFNg	6145	ENSG00000279369	-0.203837359619658
IFNg	6146	LINC02648	-0.203938349599079
IFNg	6147	CPT1A	-0.203955379753618
IFNg	6148	PAAF1	-0.204049012832772
IFNg	6149	MAP2K3	-0.204119154031583
IFNg	6150	AP4E1	-0.204399530944993
IFNg	6151	LANCL1	-0.20449066928935
IFNg	6152	SMAD5	-0.204612413350596
IFNg	6153	YJU2B	-0.20465697660749
IFNg	6154	DEAF1	-0.204658391672867
IFNg	6155	KLC4	-0.204728134912387
IFNg	6156	ENSG00000286787	-0.204810553328327
IFNg	6157	TXNL4A	-0.204849199007299
IFNg	6158	ARPC3	-0.204943641676652
IFNg	6159	ZFP82	-0.204953168276124
IFNg	6160	SBDS	-0.205045674314093
IFNg	6161	ARF4	-0.205063380434329
IFNg	6162	SUMF2	-0.205108285656664
IFNg	6163	ENSG00000111780	-0.205179120546205
IFNg	6164	ARMH4	-0.20527019130232
IFNg	6165	CCDC92	-0.205305047111689
IFNg	6166	ERCC8	-0.205317394545951
IFNg	6167	GPAA1	-0.205389977967858
IFNg	6168	NHLRC3	-0.205396180792904
IFNg	6169	PACSIN2	-0.205426867794256
IFNg	6170	PYROXD1	-0.205446223980698
IFNg	6171	ASAP1	-0.205477916537002
IFNg	6172	YIPF4	-0.205487620423518
IFNg	6173	ANAPC16	-0.20549049300556
IFNg	6174	ATXN2	-0.205495722857719
IFNg	6175	FES	-0.205532100082089
IFNg	6176	ENSG00000281039	-0.205570745083876
IFNg	6177	RNF7	-0.205579133940872
IFNg	6178	DDHD2	-0.205657164363307
IFNg	6179	ZC3H14	-0.205678641793487
IFNg	6180	TSNAX	-0.205863118022739
IFNg	6181	LARS1	-0.205906572759727
IFNg	6182	VKORC1L1	-0.205986557233207
IFNg	6183	HAUS1	-0.206025603185835
IFNg	6184	CAPNS1	-0.206128312291341
IFNg	6185	MFHAS1	-0.206168719883053
IFNg	6186	BIRC2	-0.206186471792335
IFNg	6187	ANO10	-0.206195602986289
IFNg	6188	PIAS4	-0.206207171242077
IFNg	6189	ZEB2	-0.206241224032122
IFNg	6190	CYTH4	-0.206244292498664
IFNg	6191	NAA35	-0.206248044607877
IFNg	6192	MRPS30	-0.206325937286471
IFNg	6193	PMF1	-0.206464442178376
IFNg	6194	AGPAT4	-0.206491544051765
IFNg	6195	PHTF2	-0.20656332809087
IFNg	6196	KRCC1	-0.206607205200855
IFNg	6197	CLPX	-0.206749753720467
IFNg	6198	PRPF38B	-0.206849404775951
IFNg	6199	HERC2	-0.206922506563296
IFNg	6200	ATP5PO	-0.207129817197789
IFNg	6201	GCNA	-0.207130076357825
IFNg	6202	RRP7BP-1	-0.207161701796262
IFNg	6203	NPL	-0.207200658704011
IFNg	6204	CEP170	-0.207349301448453
IFNg	6205	SNX2	-0.207357410016788
IFNg	6206	DCP2	-0.207381912533125
IFNg	6207	UBE2Q2	-0.207499565201962
IFNg	6208	TMEM234	-0.20754500325927
IFNg	6209	DGKZ	-0.207635459457568
IFNg	6210	PHACTR2	-0.207693572149615
IFNg	6211	ZNF354B	-0.207972599975102
IFNg	6212	PPP1R7	-0.208132572582376
IFNg	6213	DDX50	-0.208231621432769
IFNg	6214	ABCD3	-0.208453806467912
IFNg	6215	OGT	-0.208488738544812
IFNg	6216	GAN	-0.208555561595337
IFNg	6217	TBC1D7	-0.208610708165451
IFNg	6218	LINC01278	-0.208646179740851
IFNg	6219	MEAF6	-0.208653878222531
IFNg	6220	MANBA	-0.209157761688982
IFNg	6221	HIPK2	-0.209235670179778
IFNg	6222	PTCD3	-0.209240915112129
IFNg	6223	SFI1	-0.209305146826496
IFNg	6224	LRRC8A	-0.209331945075001
IFNg	6225	ASPH	-0.209382612075327
IFNg	6226	PIK3R4	-0.209500430322131
IFNg	6227	BMS1P4-1	-0.209643897182722
IFNg	6228	EMG1	-0.209672775509878
IFNg	6229	PTPN12	-0.209694002403107
IFNg	6230	OXA1L	-0.209727376415614
IFNg	6231	TMEM41B	-0.209750725097754
IFNg	6232	LDHB	-0.20979477980695
IFNg	6233	INTS3	-0.209839086176626
IFNg	6234	XPO7	-0.209874140931885
IFNg	6235	IDH3B	-0.209954361002293
IFNg	6236	SEC63	-0.210028361663172
IFNg	6237	CNEP1R1	-0.21008123999076
IFNg	6238	ACOT8	-0.210115241181951
IFNg	6239	ENSG00000260269	-0.210116368479797
IFNg	6240	MYEF2	-0.210251973058888
IFNg	6241	EPRS1	-0.21026478018289
IFNg	6242	ZNF75D	-0.210279731760481
IFNg	6243	ZNF550	-0.21036227708279
IFNg	6244	PIK3R5	-0.210416967365783
IFNg	6245	ARL6IP1	-0.210436797388515
IFNg	6246	SACS	-0.210603923506108
IFNg	6247	KLRC4-KLRK1	-0.210617829580336
IFNg	6248	LYAR	-0.210648999039001
IFNg	6249	ZNF649	-0.210762002246849
IFNg	6250	DNAJC17	-0.210785694534156
IFNg	6251	MAPK8IP3	-0.210811952631288
IFNg	6252	MTERF4	-0.21081322585439
IFNg	6253	ZMYND8	-0.210814041925111
IFNg	6254	BCKDHB	-0.211004931320866
IFNg	6255	ENSG00000246596	-0.211044753528253
IFNg	6256	VPS45	-0.21110312977068
IFNg	6257	MRS2	-0.211115194084795
IFNg	6258	ENSG00000250820	-0.211243403507497
IFNg	6259	WDR75	-0.211258743605669
IFNg	6260	LENG8	-0.211266294783327
IFNg	6261	ETFB	-0.211293277500734
IFNg	6262	SDHAF2	-0.21134511295208
IFNg	6263	NAPEPLD	-0.211444459308193
IFNg	6264	PITX1-AS1	-0.21187560804494
IFNg	6265	ALKBH5	-0.211882971508686
IFNg	6266	CREB1	-0.211896762513425
IFNg	6267	PABPC4	-0.211956290039347
IFNg	6268	ZNF398	-0.21196565457407
IFNg	6269	ZNF714	-0.212113562048311
IFNg	6270	RPS19	-0.212211759124858
IFNg	6271	AASS	-0.212232720824528
IFNg	6272	CARD8	-0.212287678287544
IFNg	6273	ATF7IP	-0.212334551530414
IFNg	6274	TCEA1	-0.212361908659842
IFNg	6275	NELFE	-0.212510255160227
IFNg	6276	MNAT1	-0.212572818135651
IFNg	6277	MRPS11	-0.212591838915709
IFNg	6278	ENSG00000291188	-0.212598442272644
IFNg	6279	MKNK2	-0.212599824464537
IFNg	6280	LRRC1	-0.212624803821781
IFNg	6281	UQCRH	-0.212648179182957
IFNg	6282	AGTPBP1	-0.212847889730671
IFNg	6283	INPP5F	-0.212849683032177
IFNg	6284	DDX41	-0.212861223551075
IFNg	6285	RFLNA	-0.212892462124163
IFNg	6286	NOLC1	-0.212938922551475
IFNg	6287	TTC21B	-0.212990201549605
IFNg	6288	CEP68	-0.213013234877433
IFNg	6289	MAP3K2	-0.213119207642584
IFNg	6290	GANAB	-0.213189250949579
IFNg	6291	FKBP8	-0.213244031284244
IFNg	6292	DNAJA3	-0.2132712653087
IFNg	6293	ADNP	-0.213340952206311
IFNg	6294	KLHDC10	-0.213353664529858
IFNg	6295	ENSG00000288891	-0.213460931412318
IFNg	6296	PLA2G12A	-0.213524209273096
IFNg	6297	MBD3	-0.214025208625116
IFNg	6298	COASY	-0.214211136109854
IFNg	6299	ARMC10	-0.214230784390887
IFNg	6300	ZNF264	-0.214250763028398
IFNg	6301	ACACA	-0.214306562193266
IFNg	6302	HSCB	-0.214312161323516
IFNg	6303	MTMR3	-0.214314666624149
IFNg	6304	NPIPB14P	-0.214318647496584
IFNg	6305	PTEN	-0.214374378856556
IFNg	6306	IKZF1	-0.21441550920881
IFNg	6307	COX10-DT	-0.214466553598175
IFNg	6308	BRK1	-0.214568229228162
IFNg	6309	SLC25A6	-0.214647481978699
IFNg	6310	ZNF641	-0.214702418665072
IFNg	6311	FAM204A	-0.214753290846861
IFNg	6312	NME2	-0.214766788524103
IFNg	6313	CREBL2	-0.21481436488133
IFNg	6314	CBX5	-0.214923028605832
IFNg	6315	RAB40C	-0.214962815437276
IFNg	6316	VPS26A	-0.214975509721404
IFNg	6317	ABI3	-0.215062663311251
IFNg	6318	INPP5D	-0.215094908263419
IFNg	6319	PUS7L	-0.215118794584425
IFNg	6320	SH3KBP1	-0.215213121855477
IFNg	6321	VASH1	-0.215400051018245
IFNg	6322	SMS	-0.215497564185791
IFNg	6323	MINDY2	-0.215531492986302
IFNg	6324	HOOK3	-0.215577012580052
IFNg	6325	ENSG00000272305	-0.215584391646631
IFNg	6326	ITM2A	-0.215686695129087
IFNg	6327	KIF20B	-0.215699817555729
IFNg	6328	HPRT1	-0.215734310155151
IFNg	6329	GARS1-DT	-0.215990839668406
IFNg	6330	ALDH9A1	-0.216009032410263
IFNg	6331	TTC13	-0.216106757213651
IFNg	6332	ZFP90	-0.216117204199969
IFNg	6333	BCAP31	-0.21625257257494
IFNg	6334	GAB3	-0.216327619261341
IFNg	6335	TTTY10	-0.216352086691037
IFNg	6336	ENSG00000258017	-0.216401600009602
IFNg	6337	DIS3L2	-0.21659768177148
IFNg	6338	CTNND1	-0.21664865829093
IFNg	6339	NVL	-0.216650806836427
IFNg	6340	KDELR2	-0.216775645375446
IFNg	6341	TRNAU1AP	-0.216840904074971
IFNg	6342	AAMP	-0.21686019258418
IFNg	6343	UMPS	-0.21700629750482
IFNg	6344	UBE4B	-0.217049856082778
IFNg	6345	STRIP1	-0.217068203800273
IFNg	6346	EXOC6B	-0.217069984988503
IFNg	6347	PPIL2	-0.21709696535927
IFNg	6348	SGTA	-0.217284094057605
IFNg	6349	JRK	-0.217295734289297
IFNg	6350	DMXL1	-0.217305756884566
IFNg	6351	DENND4B	-0.217385138532096
IFNg	6352	GCNT4	-0.217412049631541
IFNg	6353	NCAPG2	-0.217559057762755
IFNg	6354	PRPF8	-0.217587062829635
IFNg	6355	USP40	-0.217593415160925
IFNg	6356	ZBTB20-AS1	-0.217683164188495
IFNg	6357	ENSG00000258561	-0.217693637311532
IFNg	6358	PYCR2	-0.217704386240449
IFNg	6359	BAG3	-0.217728219337896
IFNg	6360	PCGF6	-0.217821326321221
IFNg	6361	SLC26A2	-0.217822105951967
IFNg	6362	SMIM7	-0.217846185401432
IFNg	6363	POLE3	-0.217862825405134
IFNg	6364	TBCD	-0.217869806448418
IFNg	6365	NAE1	-0.217902179339229
IFNg	6366	PLCL2	-0.217969462033425
IFNg	6367	GOLM2	-0.218001879791199
IFNg	6368	LEF1	-0.218013477141399
IFNg	6369	ABCB10	-0.2180531550621
IFNg	6370	BZW2	-0.218103811898869
IFNg	6371	MSH3	-0.218199002674249
IFNg	6372	SPPL3	-0.218547211506561
IFNg	6373	RRAS2	-0.218561019383132
IFNg	6374	NUDT3	-0.218571128793777
IFNg	6375	NCKAP1	-0.218649107529296
IFNg	6376	AARSD1	-0.218733313644643
IFNg	6377	ZNF354C	-0.218799873104395
IFNg	6378	BTBD7	-0.218862358139581
IFNg	6379	CNIH1	-0.219087729826851
IFNg	6380	KDM5B	-0.219201548790038
IFNg	6381	ISCA1	-0.219240366561616
IFNg	6382	F2R	-0.219261675423629
IFNg	6383	TNFAIP8L2	-0.219382750207348
IFNg	6384	KIAA1328	-0.219416999041886
IFNg	6385	ENSG00000291099	-0.219663869921132
IFNg	6386	CLYBL	-0.219781249349351
IFNg	6387	ENSG00000226266	-0.219860807671542
IFNg	6388	ENSG00000283128	-0.219954077592859
IFNg	6389	HMGXB4	-0.220060633223456
IFNg	6390	PSMD9	-0.220102752809852
IFNg	6391	AKAP9	-0.220219987912477
IFNg	6392	SCAMP1	-0.220230321022953
IFNg	6393	SDHAF4	-0.220266425913354
IFNg	6394	CSTF1	-0.220272356182602
IFNg	6395	LRRC8D	-0.220303075606136
IFNg	6396	UBA3	-0.220329013951526
IFNg	6397	TRAP1	-0.220371709871602
IFNg	6398	ENSG00000258989	-0.22042689753314
IFNg	6399	STMP1	-0.220454034517335
IFNg	6400	MAP1S	-0.220630519045564
IFNg	6401	CYBA	-0.220663977296882
IFNg	6402	TYROBP	-0.22066400659588
IFNg	6403	DYNLRB1	-0.220692025172199
IFNg	6404	DNTTIP1	-0.220710439366469
IFNg	6405	PACS1	-0.220768220224603
IFNg	6406	SMYD2	-0.220906283721339
IFNg	6407	POLR2J4	-0.220957891170748
IFNg	6408	ADA	-0.220970423590609
IFNg	6409	POC5	-0.221001640603383
IFNg	6410	HMOX2	-0.221019988403485
IFNg	6411	ZNF549	-0.221095603954122
IFNg	6412	SLC12A2-DT	-0.22129955787107
IFNg	6413	CA5B	-0.221299975069764
IFNg	6414	KLRD1	-0.221317266821061
IFNg	6415	GUSBP1-1	-0.221339895328762
IFNg	6416	INTS1	-0.221373376534283
IFNg	6417	CDC37	-0.221462765768976
IFNg	6418	MPPE1	-0.221496315708915
IFNg	6419	IPO8	-0.221610540906174
IFNg	6420	RAD51-AS1	-0.221837600840633
IFNg	6421	NELFB	-0.222112295652737
IFNg	6422	ERMP1	-0.222132938596959
IFNg	6423	NT5DC1	-0.222163559329175
IFNg	6424	NOP10	-0.222250709881519
IFNg	6425	ACO1	-0.222326177553323
IFNg	6426	CHASERR	-0.222338496730842
IFNg	6427	L3MBTL1	-0.222385370285476
IFNg	6428	RPL27	-0.222514773512057
IFNg	6429	ENSG00000291117	-0.222659099550105
IFNg	6430	OTUD6B-AS1	-0.222680027949345
IFNg	6431	TEFM	-0.222778717085349
IFNg	6432	DNAJC10	-0.222780623316815
IFNg	6433	PRPF40B	-0.223013052059646
IFNg	6434	TRAM2	-0.223194488463221
IFNg	6435	CSE1L	-0.223245795189211
IFNg	6436	UBLCP1	-0.223257839796268
IFNg	6437	ATF1	-0.22333267792561
IFNg	6438	NUP43	-0.223340170711835
IFNg	6439	RAB30-DT	-0.223385130753128
IFNg	6440	TBC1D20	-0.223490475834031
IFNg	6441	LRRC40	-0.223555513476958
IFNg	6442	TOGARAM1	-0.223662117431035
IFNg	6443	PURA	-0.223769028368318
IFNg	6444	NUP210	-0.22389313611949
IFNg	6445	MAP2K5	-0.223924270037236
IFNg	6446	EFCAB11	-0.223924888241425
IFNg	6447	ZNF782	-0.223957827765884
IFNg	6448	HACD3	-0.223977473939426
IFNg	6449	NUDT2	-0.224000720290811
IFNg	6450	C11orf54	-0.224166336550259
IFNg	6451	BRAF	-0.224170403542898
IFNg	6452	METTL5	-0.224361119947338
IFNg	6453	UXT	-0.224367612254443
IFNg	6454	NPTN	-0.224441943276065
IFNg	6455	BCL2L11	-0.224683450837248
IFNg	6456	PATJ	-0.224928824907951
IFNg	6457	RRM1	-0.225062162863402
IFNg	6458	ZMAT2	-0.225317503435958
IFNg	6459	UBXN7	-0.225328475982111
IFNg	6460	PRMT2	-0.225334667434771
IFNg	6461	ZNF268	-0.225476619030669
IFNg	6462	SELENOT	-0.225535141320108
IFNg	6463	CLPTM1	-0.225540183976147
IFNg	6464	NSUN4	-0.225686676871726
IFNg	6465	CNOT6L	-0.22583170634232
IFNg	6466	GABARAPL2	-0.225855881586662
IFNg	6467	HDAC1	-0.225916709555314
IFNg	6468	ENSG00000291177	-0.225973166375943
IFNg	6469	SMARCAL1	-0.22597405256111
IFNg	6470	FLVCR2	-0.226079037479955
IFNg	6471	EEF1E1	-0.226082640819209
IFNg	6472	CWC27	-0.226135465719658
IFNg	6473	KHSRP	-0.226232902285028
IFNg	6474	GATAD1	-0.226271881435441
IFNg	6475	FAM219B	-0.226298341290057
IFNg	6476	ENSG00000225218	-0.226396426740206
IFNg	6477	MAP7D3	-0.22646893480206
IFNg	6478	PTPN9	-0.226640607417577
IFNg	6479	TRMT13	-0.226668128576931
IFNg	6480	TMED8	-0.226714853231453
IFNg	6481	QPRT	-0.226722838351517
IFNg	6482	HINT1	-0.226774709026565
IFNg	6483	TET3	-0.226923210806736
IFNg	6484	SRP14	-0.226968400559822
IFNg	6485	TCHP	-0.227016885415806
IFNg	6486	ZNF251	-0.227051914222611
IFNg	6487	UBE2E3	-0.227172358995471
IFNg	6488	PRKD3	-0.22722692416727
IFNg	6489	TMEM9B	-0.227230023777324
IFNg	6490	ATM	-0.227317397075763
IFNg	6491	CCZ1P1	-0.227329457704367
IFNg	6492	ZMYM4	-0.227358006899861
IFNg	6493	PAN2	-0.227408537160971
IFNg	6494	GCFC2	-0.227628855305964
IFNg	6495	COG8	-0.227664423124847
IFNg	6496	RNLS	-0.227842872891018
IFNg	6497	TNRC6C	-0.227912780409377
IFNg	6498	TOM1	-0.227946319791913
IFNg	6499	LRR1	-0.227947829537705
IFNg	6500	PRDM10	-0.227976984185029
IFNg	6501	ENSG00000228427	-0.228022757148891
IFNg	6502	BLTP3A	-0.228035174175756
IFNg	6503	TGFBR2	-0.228120701062162
IFNg	6504	TC2N	-0.228245214954668
IFNg	6505	UBAP1L	-0.228327796439345
IFNg	6506	CEP250-AS1	-0.228596986333594
IFNg	6507	NBEAL1	-0.228673272496821
IFNg	6508	MCCC1	-0.228739861385413
IFNg	6509	HEATR5B	-0.228861269012595
IFNg	6510	TMLHE	-0.228884872533714
IFNg	6511	SF3A3	-0.22901115996255
IFNg	6512	RASA1	-0.229021019520078
IFNg	6513	EIF1AX	-0.229033401262706
IFNg	6514	TXLNG	-0.229083694388353
IFNg	6515	SEC13	-0.229273201023964
IFNg	6516	TMBIM6	-0.229284810672227
IFNg	6517	SCP2	-0.229367759013138
IFNg	6518	PTPRE	-0.229401552485105
IFNg	6519	AMN1	-0.229678983201174
IFNg	6520	ADD3	-0.229893042067181
IFNg	6521	EPB41	-0.229997213320196
IFNg	6522	ZNF805	-0.230040520579859
IFNg	6523	PEBP1	-0.230087858564281
IFNg	6524	TUBGCP2	-0.230187304835026
IFNg	6525	SLC27A4	-0.230221735520347
IFNg	6526	FLI1	-0.23030343973517
IFNg	6527	NIFK-AS1	-0.230341169632356
IFNg	6528	ZNF567	-0.230399404118831
IFNg	6529	PREPL	-0.230490463556533
IFNg	6530	AKAP1	-0.23056814690743
IFNg	6531	RNF126	-0.230597443316874
IFNg	6532	IER3IP1	-0.230663302920854
IFNg	6533	MRPL48	-0.230820548087692
IFNg	6534	RAB1B	-0.230907355725201
IFNg	6535	SVIP	-0.230951979285059
IFNg	6536	ISG20L2	-0.231083472051715
IFNg	6537	ELP4	-0.231148249850578
IFNg	6538	ZNF175	-0.231150800193253
IFNg	6539	NBPF14	-0.231192750796178
IFNg	6540	SPEN-AS1	-0.231242000657
IFNg	6541	SKP2	-0.231242273667393
IFNg	6542	JADE1	-0.231246985065382
IFNg	6543	DFFA	-0.23127240358497
IFNg	6544	SUGT1P3-1	-0.23127360966312
IFNg	6545	B3GNT5	-0.231385529991567
IFNg	6546	BRPF1	-0.231406755746499
IFNg	6547	LYRM2	-0.23143519997744
IFNg	6548	SMYD3	-0.231568879048416
IFNg	6549	RPL26	-0.231617405457312
IFNg	6550	ZNF337	-0.231634867083355
IFNg	6551	ARL17B	-0.231692146572746
IFNg	6552	ANKRD46	-0.231701259750764
IFNg	6553	PYURF	-0.231712862294098
IFNg	6554	ZNF417	-0.231758470025092
IFNg	6555	SCRN1	-0.23177499751268
IFNg	6556	PRKCH	-0.231834424589697
IFNg	6557	UBL3	-0.231841137662751
IFNg	6558	DCP1B	-0.231845724079662
IFNg	6559	MAML1	-0.231857368014027
IFNg	6560	COG4	-0.231871538432269
IFNg	6561	CEP120	-0.231871737357984
IFNg	6562	C6orf120	-0.231879457812671
IFNg	6563	SLC38A2	-0.232157761606819
IFNg	6564	SENP6	-0.232170580090629
IFNg	6565	LINC01934	-0.232216228413023
IFNg	6566	ZNF66	-0.232397393228887
IFNg	6567	TNKS	-0.232410533908463
IFNg	6568	IFNGR2	-0.232415344886048
IFNg	6569	AUP1	-0.23243993388827
IFNg	6570	FBXL3	-0.232543420637293
IFNg	6571	PCNT	-0.232618015842561
IFNg	6572	MZT2A	-0.232657237157114
IFNg	6573	EXOSC1	-0.232676087440947
IFNg	6574	ASB3	-0.232685716533186
IFNg	6575	CTC-338M12.4	-0.232719897774265
IFNg	6576	RBM15	-0.232731345596903
IFNg	6577	CUL4B	-0.232775608390499
IFNg	6578	ADH5	-0.232783246752254
IFNg	6579	NDUFV3	-0.232819004267718
IFNg	6580	ZDBF2	-0.232848362967409
IFNg	6581	DAP	-0.232863154986849
IFNg	6582	SNAPC1	-0.23289794390812
IFNg	6583	ARMC1	-0.233083241182488
IFNg	6584	PLEKHA3	-0.233123162920875
IFNg	6585	KAT6B	-0.233252322181518
IFNg	6586	NFKBID	-0.233279288073597
IFNg	6587	IPO5	-0.233383540375948
IFNg	6588	EIF2AK4	-0.233389752188975
IFNg	6589	PRDM8	-0.23340990134685
IFNg	6590	FCHO1	-0.233563741313679
IFNg	6591	NMRAL1	-0.233617724385655
IFNg	6592	THEMIS2	-0.233654448942741
IFNg	6593	CEP135	-0.233766615106044
IFNg	6594	MCTS1	-0.233769605875234
IFNg	6595	DNMT3A	-0.233876281112567
IFNg	6596	STK11	-0.233918980619364
IFNg	6597	VAMP3	-0.233970697856377
IFNg	6598	EEF1A1	-0.234082722054738
IFNg	6599	NUP37	-0.234312509610568
IFNg	6600	RALGAPA1	-0.23432376372562
IFNg	6601	ZBTB1	-0.234359761122246
IFNg	6602	ENSG00000285920	-0.234529723638485
IFNg	6603	CLN8	-0.234638870719534
IFNg	6604	BMI1	-0.234668050741261
IFNg	6605	CCDC18-AS1	-0.234794435410614
IFNg	6606	SUGT1P3	-0.234804748668122
IFNg	6607	VPS8	-0.234831228930582
IFNg	6608	DOK3	-0.234837397291876
IFNg	6609	KDM7A-DT	-0.234864276462261
IFNg	6610	ST3GAL3	-0.23490590491746
IFNg	6611	ENSG00000291283	-0.234968442129893
IFNg	6612	POM121	-0.234968640622656
IFNg	6613	REL	-0.235249522973121
IFNg	6614	FAM217B	-0.235429779717311
IFNg	6615	ZNF22	-0.235517848395494
IFNg	6616	DEGS1	-0.23560089510868
IFNg	6617	HEBP2	-0.235630311916972
IFNg	6618	ENSG00000272822	-0.235868429656738
IFNg	6619	INPP5K	-0.235883368279366
IFNg	6620	SUZ12P1	-0.23590690790695
IFNg	6621	PPP1R13B	-0.235998279172049
IFNg	6622	MT-ND2	-0.236078656969536
IFNg	6623	PIN4	-0.236163349176017
IFNg	6624	PRKCSH	-0.236175862010003
IFNg	6625	NEK9	-0.236261885238556
IFNg	6626	PRPSAP2	-0.236289712703031
IFNg	6627	SIRT2	-0.236459551267544
IFNg	6628	SLC17A5	-0.236514681203451
IFNg	6629	ARPC2	-0.236525692076529
IFNg	6630	TRAC	-0.236548541749808
IFNg	6631	PDIA5	-0.236596167167825
IFNg	6632	ELOA-AS1	-0.236690228200213
IFNg	6633	ENSG00000197813	-0.236781745860329
IFNg	6634	MRPL42	-0.23679248192116
IFNg	6635	DARS2	-0.236821661307928
IFNg	6636	RPL36	-0.236845747193692
IFNg	6637	MAZ	-0.236909948870074
IFNg	6638	TPGS1	-0.236960639211289
IFNg	6639	ZNF136	-0.236970946229015
IFNg	6640	GTF2F1	-0.237111424358216
IFNg	6641	HECTD2	-0.237171018328077
IFNg	6642	SMC4	-0.237205642685343
IFNg	6643	BCAP29	-0.237274755974852
IFNg	6644	DCAF15	-0.23750052606979
IFNg	6645	ENSG00000291175	-0.237505663429544
IFNg	6646	STPG4	-0.237660141500787
IFNg	6647	ANGEL1	-0.237683451290333
IFNg	6648	CAPRIN2	-0.237926313178099
IFNg	6649	RPL11	-0.238170769906137
IFNg	6650	GEMIN8	-0.238483330232538
IFNg	6651	ENSG00000254732	-0.238571710630623
IFNg	6652	C1S	-0.238622753064347
IFNg	6653	RFC3	-0.238663339821882
IFNg	6654	LRRK1	-0.238796431961466
IFNg	6655	WDR5B-DT	-0.238799827708901
IFNg	6656	MINK1	-0.238886642637521
IFNg	6657	SDHAP2	-0.239016812745509
IFNg	6658	ZNF227	-0.239089822574887
IFNg	6659	LINC01772	-0.239137941274367
IFNg	6660	LINC02649	-0.239148612897554
IFNg	6661	POLG2	-0.239268830795988
IFNg	6662	SEPTIN6	-0.239325423394051
IFNg	6663	KCNAB2	-0.239341290468202
IFNg	6664	RBL1	-0.239363095722846
IFNg	6665	MTMR9	-0.239558313712652
IFNg	6666	LINC00630	-0.239569858696567
IFNg	6667	ZNF518B	-0.239629672925109
IFNg	6668	CBFA2T3	-0.23963221424984
IFNg	6669	SLC25A17	-0.239854180115586
IFNg	6670	GABPB2	-0.239920751186851
IFNg	6671	ENSG00000291147	-0.239960775625689
IFNg	6672	PTCD2	-0.240002452359641
IFNg	6673	C12orf29	-0.240023580842282
IFNg	6674	AKTIP	-0.240090389765482
IFNg	6675	GOSR1	-0.240131377864538
IFNg	6676	RPP14	-0.240139407105513
IFNg	6677	C5orf24	-0.240175277691421
IFNg	6678	ACTL6A	-0.240205871583521
IFNg	6679	CCNY-AS1	-0.240329423908516
IFNg	6680	BTBD2	-0.240464305827222
IFNg	6681	PRPF31	-0.240620119120563
IFNg	6682	KDM1A	-0.240780707589117
IFNg	6683	CTBS	-0.24084164612005
IFNg	6684	BIN3	-0.240876225725729
IFNg	6685	ZNF7	-0.240904584922115
IFNg	6686	MATR3-1	-0.241031803936637
IFNg	6687	STXBP3	-0.241089211055221
IFNg	6688	LINC01725	-0.241093144105469
IFNg	6689	UBAC2	-0.241096141824328
IFNg	6690	LNCRNA-IUR	-0.241102875643612
IFNg	6691	IL1RAP	-0.241171203861117
IFNg	6692	PIK3IP1-DT	-0.241506221104298
IFNg	6693	IQCG	-0.24155346446606
IFNg	6694	GOLGA8B	-0.241632343125425
IFNg	6695	PCYOX1L	-0.241743890616724
IFNg	6696	RPS13	-0.241752161792981
IFNg	6697	CHKA	-0.241766614161762
IFNg	6698	KIAA0232	-0.241823333757775
IFNg	6699	UBE2J1	-0.241855376325569
IFNg	6700	ULK4	-0.241879732044304
IFNg	6701	ENSG00000259546	-0.241903058761929
IFNg	6702	AGPAT2	-0.242003235728017
IFNg	6703	ZSCAN16-AS1	-0.242017386065565
IFNg	6704	RESF1	-0.242061471484195
IFNg	6705	ENSG00000249236	-0.242063722512629
IFNg	6706	RPS3	-0.242148617272627
IFNg	6707	PIK3CD	-0.242192205714698
IFNg	6708	EBPL	-0.242246740103357
IFNg	6709	PPARA	-0.242266923329073
IFNg	6710	LSR	-0.242279232777521
IFNg	6711	TPP2	-0.242363348783547
IFNg	6712	ZNF569	-0.242447476566003
IFNg	6713	SS18L1	-0.242486447807558
IFNg	6714	CUX1	-0.242580392021893
IFNg	6715	TMEM39A	-0.24258626417307
IFNg	6716	ZC3HC1	-0.242633328109629
IFNg	6717	YWHAB	-0.242666506259508
IFNg	6718	RAB33B-AS1	-0.242689226762232
IFNg	6719	PRIM1	-0.242750127813036
IFNg	6720	CHMP2A	-0.242809166599004
IFNg	6721	KIAA0930	-0.242823141371915
IFNg	6722	ZNF611	-0.242857991759584
IFNg	6723	PLCL1	-0.242887823143515
IFNg	6724	ZNF16	-0.242940179502173
IFNg	6725	USP20	-0.243200291873427
IFNg	6726	SPECC1	-0.243240450982418
IFNg	6727	PLEKHM1P1	-0.243240823308788
IFNg	6728	SRSF8	-0.243278814766219
IFNg	6729	TRIM24	-0.243290886697023
IFNg	6730	ZNF212	-0.243328900469063
IFNg	6731	CHD6	-0.243392513381831
IFNg	6732	SIPA1L3	-0.243442002404842
IFNg	6733	MAPKAPK3	-0.243597943423966
IFNg	6734	CILK1	-0.243628596959484
IFNg	6735	IGIP	-0.243635261081262
IFNg	6736	WIPI1	-0.243709644266578
IFNg	6737	CES2	-0.243735169905302
IFNg	6738	FOXJ2	-0.243784518382697
IFNg	6739	ARF5	-0.243871251217056
IFNg	6740	SETD3	-0.243934417852345
IFNg	6741	TLN1	-0.244025249640511
IFNg	6742	ENSG00000124593	-0.24405325840646
IFNg	6743	EMSY	-0.244181063519182
IFNg	6744	ING4	-0.244402569178218
IFNg	6745	ZNF827	-0.244410891207
IFNg	6746	FAM193B	-0.244494894809374
IFNg	6747	ZNF271P	-0.244533079268857
IFNg	6748	ASAH1	-0.244550691811174
IFNg	6749	ZBTB6	-0.244607314769946
IFNg	6750	RNF187	-0.244633959061229
IFNg	6751	USF3	-0.24464142629436
IFNg	6752	TNFRSF10B	-0.244658138915116
IFNg	6753	MPRIP	-0.244847301854643
IFNg	6754	UBN2	-0.244907734050384
IFNg	6755	CYB561D1	-0.244915582279272
IFNg	6756	MTA1	-0.244971893348974
IFNg	6757	MYLK-AS1	-0.245031299800568
IFNg	6758	CLCN5	-0.245034245542942
IFNg	6759	PEA15	-0.245205812335565
IFNg	6760	SNRK	-0.245207042949289
IFNg	6761	TMEM14B	-0.245254987950604
IFNg	6762	PSMG4	-0.245389383655906
IFNg	6763	ENSG00000288061	-0.245432270411978
IFNg	6764	CBR4	-0.245727349348693
IFNg	6765	METTL21A	-0.245830093644087
IFNg	6766	ST7L	-0.245844769018695
IFNg	6767	AGAP6	-0.245896731225965
IFNg	6768	GKAP1	-0.245958610524392
IFNg	6769	NDUFAF3	-0.245994462133773
IFNg	6770	SMIM8	-0.246026289425547
IFNg	6771	ZBED4	-0.246029501219655
IFNg	6772	ZNF839	-0.246181880361862
IFNg	6773	MPHOSPH9	-0.246385684097546
IFNg	6774	PTPRM	-0.246412375870828
IFNg	6775	RPL19	-0.24654818321069
IFNg	6776	ITGB1	-0.246578938208341
IFNg	6777	BLTP3B	-0.246719673226615
IFNg	6778	NDUFV1	-0.246880969149923
IFNg	6779	ZNF791	-0.246967548798751
IFNg	6780	NSMCE1	-0.247059630454578
IFNg	6781	ZNF639	-0.24715348776661
IFNg	6782	KLHL36	-0.247283200347367
IFNg	6783	DYNC2I1	-0.247313874486889
IFNg	6784	DNAH1	-0.247484634011148
IFNg	6785	SMARCA4	-0.247531218790969
IFNg	6786	POLA2	-0.247607206364469
IFNg	6787	FAN1	-0.247750281033022
IFNg	6788	ANKRD36	-0.247777445330843
IFNg	6789	ENSG00000242880	-0.247823363312775
IFNg	6790	CCDC66	-0.247861223046984
IFNg	6791	LRRC37B	-0.24794764746901
IFNg	6792	EIF4EBP2	-0.247982309317761
IFNg	6793	GTDC1	-0.247995781196467
IFNg	6794	OSBPL8	-0.24803198998731
IFNg	6795	CSNK2B	-0.248127422732027
IFNg	6796	CLOCK	-0.248295554194227
IFNg	6797	CHIC1	-0.248367107119706
IFNg	6798	ATP5MG	-0.24852197110689
IFNg	6799	TPGS2	-0.248553504209976
IFNg	6800	COMMD7	-0.24859386251583
IFNg	6801	LEPROT	-0.248623023228909
IFNg	6802	H2AC6	-0.248653259694765
IFNg	6803	BBS2	-0.248780399142897
IFNg	6804	OGG1	-0.248814228841817
IFNg	6805	IL27RA	-0.249092394907826
IFNg	6806	IQCH-AS1	-0.249119530495049
IFNg	6807	HDAC2	-0.249120487780112
IFNg	6808	AMD1	-0.249156641636191
IFNg	6809	ORAI1	-0.249190600350323
IFNg	6810	DPY19L4	-0.249212364290651
IFNg	6811	FANCD2	-0.249263191301867
IFNg	6812	ATF6	-0.249314859173834
IFNg	6813	SAMD12	-0.249328977950568
IFNg	6814	STXBP4	-0.249410310066502
IFNg	6815	POLR2E	-0.249453010751775
IFNg	6816	REST	-0.249521965485196
IFNg	6817	UBE2R2	-0.249613329528985
IFNg	6818	LRRC28	-0.249689264944659
IFNg	6819	SEC62	-0.249948992371722
IFNg	6820	COMT	-0.250050411674819
IFNg	6821	CEP104	-0.250141442852136
IFNg	6822	HSD17B11	-0.250294911727683
IFNg	6823	GAS6-AS1	-0.250352105689428
IFNg	6824	RUSF1	-0.250386471174089
IFNg	6825	ENSG00000230325	-0.250446199507197
IFNg	6826	ECI2	-0.250492917222529
IFNg	6827	RILPL1	-0.250538790662127
IFNg	6828	ST8SIA1	-0.250671763769166
IFNg	6829	RBL2	-0.250690196562981
IFNg	6830	TMED2	-0.250736308260075
IFNg	6831	UGDH-AS1	-0.250752652577178
IFNg	6832	ZBED5	-0.250762910543556
IFNg	6833	ZNF335	-0.250770939219137
IFNg	6834	CHCHD2	-0.250977312692462
IFNg	6835	RORA-AS1	-0.251030471444369
IFNg	6836	LDLRAP1	-0.251182382353578
IFNg	6837	WBP11	-0.251253979765653
IFNg	6838	KIAA0586	-0.251366587604792
IFNg	6839	CCM2	-0.251447089637837
IFNg	6840	VHL	-0.251586929831793
IFNg	6841	CD22	-0.25164563472519
IFNg	6842	CRBN	-0.251652818578755
IFNg	6843	CEP95	-0.251719447867127
IFNg	6844	PRKCB	-0.251880695123263
IFNg	6845	SERAC1	-0.251977041116532
IFNg	6846	RNASEK	-0.252117237829482
IFNg	6847	ZNF585A	-0.252153924947578
IFNg	6848	ARMCX5-GPRASP2	-0.252244341088133
IFNg	6849	ZNF561	-0.25236675114916
IFNg	6850	SLC4A5	-0.252410274427712
IFNg	6851	EXOC4	-0.25251448223082
IFNg	6852	TVP23C	-0.252733616621641
IFNg	6853	GATC	-0.25276920802097
IFNg	6854	ZNF84	-0.253045858538703
IFNg	6855	ZNF254	-0.253072695321107
IFNg	6856	AKT3	-0.253092378920489
IFNg	6857	NFAT5	-0.253176539716645
IFNg	6858	GNPTG	-0.253180403024661
IFNg	6859	EMP1	-0.253609080698366
IFNg	6860	ALS2	-0.253913708624259
IFNg	6861	NDUFAF7	-0.253929558854659
IFNg	6862	APEH	-0.253968164706581
IFNg	6863	WAC-AS1	-0.253988709420826
IFNg	6864	TXNRD2	-0.254027203762404
IFNg	6865	C2CD3	-0.254164776289784
IFNg	6866	EMB	-0.254187420809886
IFNg	6867	FAM199X	-0.254336254042965
IFNg	6868	RPL12	-0.254419585247751
IFNg	6869	PRMT3	-0.254612035160537
IFNg	6870	MGME1	-0.254750198643951
IFNg	6871	PIK3CA	-0.254768015943275
IFNg	6872	CAMK2G	-0.254810762628194
IFNg	6873	ORAI2	-0.254824833132285
IFNg	6874	ENSG00000240291	-0.254947038712846
IFNg	6875	CALM1	-0.254952064728689
IFNg	6876	ZNF420	-0.254975762417262
IFNg	6877	MTSS1	-0.255046806786395
IFNg	6878	FAM185A	-0.25507535771206
IFNg	6879	BPTF	-0.255204683448343
IFNg	6880	MSRA	-0.255252317557371
IFNg	6881	VKORC1	-0.255473073235899
IFNg	6882	ENSG00000288703	-0.255490322142106
IFNg	6883	ZNF790	-0.255514052986815
IFNg	6884	RAP1GDS1	-0.255730828237128
IFNg	6885	MGST3	-0.255752006658369
IFNg	6886	CEP83	-0.255940738934254
IFNg	6887	PLIN3	-0.256021140649048
IFNg	6888	AK9	-0.256047451513244
IFNg	6889	NIN	-0.256257260015303
IFNg	6890	CHMP6	-0.25631322401677
IFNg	6891	UFC1	-0.25653123718978
IFNg	6892	MLX	-0.256754063853766
IFNg	6893	AHDC1	-0.256781860900828
IFNg	6894	ENSG00000285999	-0.256851048552404
IFNg	6895	ENSG00000286458	-0.25692074021254
IFNg	6896	WDR11	-0.256943437845921
IFNg	6897	LAMTOR1	-0.256993079953233
IFNg	6898	PTPN18	-0.257035342968688
IFNg	6899	CYB5D2	-0.257140681243259
IFNg	6900	CSTPP1	-0.257151073958679
IFNg	6901	STK38	-0.257153978796664
IFNg	6902	APBB1IP	-0.257188792266511
IFNg	6903	DOP1B	-0.257217265437597
IFNg	6904	PCCA	-0.257418029594071
IFNg	6905	PDSS1	-0.257496333140985
IFNg	6906	MT-CO1	-0.257761497631454
IFNg	6907	ARID4A	-0.257875169089214
IFNg	6908	ENSG00000286185	-0.257944170342138
IFNg	6909	INIP	-0.258001618000281
IFNg	6910	TAB1	-0.258020354179264
IFNg	6911	ETFRF1	-0.258101778879691
IFNg	6912	ZNF101	-0.258116075741257
IFNg	6913	TMEM70	-0.258186430063372
IFNg	6914	NUS1	-0.258189967585865
IFNg	6915	ENSG00000291228	-0.258321026917493
IFNg	6916	TMEM184C	-0.25834244547804
IFNg	6917	KLHL7	-0.258447308959145
IFNg	6918	RPL37	-0.258463139303399
IFNg	6919	GTF3A	-0.258514258998307
IFNg	6920	POLR2D	-0.258599973173196
IFNg	6921	ENSG00000251034	-0.258678152925175
IFNg	6922	CHAMP1	-0.258772783523865
IFNg	6923	ENSG00000250075	-0.258785444164027
IFNg	6924	DCUN1D2	-0.25885061179996
IFNg	6925	ZNF490	-0.258891282306318
IFNg	6926	ENSG00000287042	-0.258977048965087
IFNg	6927	GABPA	-0.259113098849462
IFNg	6928	BICRAL	-0.259134850857694
IFNg	6929	SERP1	-0.259197472850504
IFNg	6930	MYO15B	-0.259206139833639
IFNg	6931	C1QTNF3-AMACR	-0.259335240763752
IFNg	6932	PRPSAP1	-0.259453143313729
IFNg	6933	NTPCR	-0.259614973753791
IFNg	6934	ALAD	-0.25977682577176
IFNg	6935	RAD51C	-0.259905166954887
IFNg	6936	RPL37A	-0.260071342358514
IFNg	6937	ZNF280D	-0.260181864062589
IFNg	6938	SLC9A9	-0.260234648484562
IFNg	6939	C17orf80	-0.260319560837596
IFNg	6940	CASTOR3P	-0.260428360772049
IFNg	6941	GRAMD1A	-0.260599569341446
IFNg	6942	RASA2	-0.260611478931627
IFNg	6943	SYAP1	-0.260664036229104
IFNg	6944	DNAJC9	-0.260807947040466
IFNg	6945	TMEM68	-0.26088468670957
IFNg	6946	PNPLA8	-0.260950808500942
IFNg	6947	SPRING1	-0.260954601346509
IFNg	6948	PDCL3P4	-0.261030745853689
IFNg	6949	ENSG00000251652	-0.261166841696463
IFNg	6950	NDUFAF6	-0.261184452315816
IFNg	6951	VWA8	-0.261340198239582
IFNg	6952	ENSG00000290548	-0.261353801734918
IFNg	6953	ABL1	-0.261416382179747
IFNg	6954	ZNF354A	-0.261428085689886
IFNg	6955	PPDPF	-0.26156805644705
IFNg	6956	MMP24OS	-0.261767804077875
IFNg	6957	UPP1	-0.26178885728065
IFNg	6958	EHMT2	-0.261983367671874
IFNg	6959	TMEM168	-0.262006850854562
IFNg	6960	SGCE	-0.262166575820848
IFNg	6961	ST13	-0.262261181740982
IFNg	6962	ATP1A1	-0.262338136110728
IFNg	6963	LINC02987	-0.262385832232202
IFNg	6964	ZAP70	-0.262392487428021
IFNg	6965	PCID2	-0.262506765058531
IFNg	6966	EPM2A	-0.26250809874646
IFNg	6967	DNM2	-0.262660787327056
IFNg	6968	ABHD10	-0.262668277298171
IFNg	6969	ZBTB25	-0.262737440969858
IFNg	6970	GNB5	-0.262766587030825
IFNg	6971	ENSG00000284882	-0.262777186221619
IFNg	6972	PRMT9	-0.262824265135383
IFNg	6973	TARP	-0.262827085086197
IFNg	6974	PHLDB2	-0.262856525587855
IFNg	6975	RANBP9	-0.263014877164095
IFNg	6976	MGST2	-0.263062866216507
IFNg	6977	DPH6	-0.263069714168437
IFNg	6978	EXO5-DT	-0.263105852716548
IFNg	6979	SHARPIN	-0.263204304270145
IFNg	6980	ZNF594	-0.263444109434274
IFNg	6981	DPY30	-0.263611227298166
IFNg	6982	ENTPD1-AS1	-0.2637610113563
IFNg	6983	DPY19L1	-0.263798418352333
IFNg	6984	NARS1	-0.263904305943362
IFNg	6985	ZNF875	-0.263916950893619
IFNg	6986	LRRC23	-0.263937709513374
IFNg	6987	DTWD1	-0.264073415642164
IFNg	6988	USP45	-0.264121430894345
IFNg	6989	PAFAH2	-0.264144069840156
IFNg	6990	ZNF710-AS1	-0.264156229328704
IFNg	6991	MYBBP1A	-0.264168488823835
IFNg	6992	DHX30	-0.264191710339482
IFNg	6993	SRPK2	-0.2642262004052
IFNg	6994	IRAK1	-0.264313829189012
IFNg	6995	ZKSCAN7-AS1	-0.264431979010731
IFNg	6996	TBC1D16	-0.264432299329135
IFNg	6997	PKD2L2-DT	-0.264528866519467
IFNg	6998	PRIMPOL	-0.264635991178921
IFNg	6999	ATP5MC3	-0.264696159871455
IFNg	7000	ZFP30	-0.264969701554903
